Asset Planner ID,,,Screener and Approver,,,,,,,,,Asset Planner Data,,,,,,,,,,,,,,,Data Collection,,,,,,,,,,,,,,,,,,,,,,,,,,,,,,,,,,,,,,,,,,Seismic Data,,,,,,,,,Outputs from FEMA and SQST Sheets,,2013 Seismic Screening Data,,,,,,,
ID,Facility/Asset,Address,Review Phase,Approver,Screener,Drawings,Desktop Review Date,Site Visit,Site Review Date,Ready for Approval?,Approved?,Building Name,Development Category Indicator,Custom: CoV Ownership Status,SAP Building Number,Date Built,Year Built,NBC Code Year (Original Building),Current Replacement Value (June 2026),Gross Size (sq.ft.) - from Asset Planner - June 2026,CRV/sq.ft.,Floors Above Grade,Floors Below Grade,Building: General Summary,Building: Architectural Summary,Building: Heritage,Year(s) of Major Renovation(s),Description of Major Renovation,Building: Main Superstructure Material,Vertical Load Bearing System,Roof System,Floor System,Seismic Force Resisting System in the North-South Direction,Seismic Force Resisting System in the East-West Direction,Number of LDRS Bays in North-South Direction,Number of LDRS Bays in East-West Direction,Seismic Upgrade Year,Description of Seismic Upgrade,Seismic Upgrading Case,Building Height (Total Height Above Ground (m) to Roof Slab),"""Original"" Building Importance Factor Ie",Building Importance Factor Ie - Based on VBBL 2025 - Upgraded,Occupancy Type,Service Group,Replacement Cost (June 2026 $$),At-risk Population: Y/N?,Site Class,Basement,Basement Floor Plan Area (sq.m.),Ground Floor Plan Area (sq.m.),Roof Plan Area (sq.m.),Geological Hazards,Significant Alterations or Deviations,Material Conditions,Sesimic Isolation / Energy Dissipation Systems,Separation / Distance from Adjacent Structures (mm),Pounding Type Input,Pounding Type,Vertical Irregularity Input,Vertical Irregularity Description,Plan Irregularity Input,Plan Irregularity Description,Building Irregularity,Falling Hazards (Y/N),Exterior Non-structural Components - Restrained (Y/N),Interior Non-structural Components - Restrained (Y/N),URM (Y/N),FEMA P154 Special Cases,Remaining Occupancy Time,Category Functionality Class,Gross Area (including basement) (sq.m.),Seismic Weight (kN),Snow Load and Roof Weight (kN),Floor Weight - Above Grade (kN),LDRS Weight North-South Direction (kN),LDRS Weight East-West Direction (kN),Content Weight Based on Occupancy Type (kN),FEMA P154 RVS Level 2 Screening S-Score,SEG Level 2 - SQST S-Score,Building: Collapse Likelihood,Building: Post Disaster Importance,Building: Occupancy,Building: Seismic Screening Data,Building: Seismic S Score,Building: Seismic Risk,Longitude,Latitude
12,CULT_1064_601 Smithe St_Orpheum Theatre,601 Smithe St,Phase 1,Kate Thibert (Ausenco),Pavan Dhillon,Partial,19-Sep-25,Adequate,19-Sep-25,Yes,Yes,Orpheum Theatre,1 - Full Investment,City Owned,1064,1927-01,1927,Pre-code,"$35,812,004","97,100",369,5,1,The Orpheum Theatre is understood to have been constructed circa 1927 with an addition portion which was constructed circa 1974. The building is largely provided with systems and components originating from the initial building construction.,"The five-storey building with one level of basement appears to be constructed on spread footings. Where exposed the superstructure appears to be of cast-in-place reinforced concrete construction.  No significant deficiencies were observed to suggest differential settlement of the building foundations or movement of the building structure.

The building exterior walls are generally comprised of brick and stucco on the building elevations. The building windows are typically a combination of wood framed with single glass units and metal framed with insulated glass units (IGUs). The exterior entrance doors are typically glass doors set in aluminum frames. The service doors are hollow metal doors in metal frames. The roof cover is a 2-ply modified bituminous roof assembly. Overall, the building envelope components appear to be in poor condition. Active leaking was observed at exterior walls, exterior windows and roof. Building envelope study and repair is recommended for this building.

The interior finishes in the building include ceramic floor tiles, vinyl sheet floor, painted concrete floor, hardwood floor, carpet floor, carpet floor tiles, vinyl tiles, painted wall assemblies, ceramic wall tiles, wood wall panels, heritage style wall finish, acoustical panel, mirror wall finish, painted ceiling assemblies, suspended acoustic tile ceiling assemblies, exposed concrete ceiling and heritage woodwork ceiling. The interior finishes appear to be in good condition overall, with the exception of  painted concrete floor which is in poor condition.",A (F)(M),1985,Additions with interior alterations,"Concrete foundation, reinforced concrete frame reinforced concrete & brick masonry walls w/concrete","Infill, Concrete, Steel",,,CIW,CIW,1,1,N/A,N/A,,,1,1,Public Assembly,Entertainment (Theatres etc.)," $153,099,247.70 ",N,C,"Full Basement, Fully Below Grade",1000,1000,1000,,,Moderate Deterioration,,0,"2, 3, 4","Type 2, 
Type 3, 
Type 4",6,Split Level,,,Irregular,Y,N,N,Y,,99,Cat F - Leisure,6000,#N/A,#N/A,#N/A,0,0,5000,0.3,0.3,8%,High Occupancy-A,1000+,,1.1000000000000001,High,-123.1205258,49.28006263
13,CULT_8809_843 Seymour St_VSO Music School / Recital (Pyatt) Hall,843 Seymour St,,,,,,,,,,VSO Music School / Recital (Pyatt) Hall,1 - Full Investment,City Owned,8809,2011-01,2011,2010,"$8,923,496","24,195",369,4,0,"The VSO Music School (Air Space Parcel) is an approximately 25,000 sq.ft., four storey building constructed circa 2011. The building is primarily used as a musical school.","The four-storey building with a underground Parking Garage appears to be constructed on concrete reinforced foundation walls and footings. Where exposed, the superstructure consists of cast-in place reinforced columns, beams, and suspended floor and roof slabs. No significant deficiencies were observed to suggest differential settlement of the building foundations or movement of the building structure.

The building exterior walls are generally comprised of Curtain wall assemblies on the building elevations. The building windows are typically of metal framed insulated glass units (IGUs). The exterior entrance doors are typically glass doors set in metal frames. The service doors are hollow metal doors in metal frames. Overall, the building envelope components appear to be in good condition.

The interior finishes in the building include ceramic floor tiles, vinyl sheet flooring, painted concrete floor, carpet flooring, hardwood flooring, painted wall assemblies, ceramic wall tiles, wood wall panels, acoustical wall panels, painted ceiling assemblies, and suspended acoustic tile ceiling assemblies. The interior finishes appear to be in good condition overall.",,2011,,Concrete Structure,,,,,,,,,,,,,,,,#N/A,,,,,,,,,,,,,,,,,,Regular,,,,,,99,,0,#N/A,#N/A,#N/A,#N/A,#N/A,#N/A,#N/A,#VALUE!,,High Occupancy,Unknown,,10,Pre-Screen Low,-123.1197076,49.28033455
14,CULT_8809_823 Seymour St_Orpheum Rehearsal Hall (Annex),823 Seymour St,,,,,,,,,,Orpheum Rehearsal Hall (Annex),1 - Full Investment,City Owned,8809,2011-01,2011,2010,"$5,327,912","14,446",369,4,0,"The Orpheum Rehearsal Hall -Annex (Air Space Parcel) is an approximately 15,000 sq.ft. a four storey building constructed circa 2011. The building is largely provided with systems and components originating from the initial building construction.","The four-storey building with a underground Parking Garage appears to be constructed on concrete reinforced foundation walls and footings. Where exposed, the superstructure consists of cast-in place reinforced columns, beams, and suspended floor and roof slabs. No significant deficiencies were observed to suggest differential settlement of the building foundations or movement of the building structure.

The building exterior walls are generally comprised of Curtain wall assemblies on the building elevations. The building windows are typically of metal framed insulated glass units (IGUs). The exterior entrance doors are typically glass doors set in metal frames. The service doors are hollow metal doors in metal frames. Overall, the building envelope components appear to be in good condition.

The interior finishes in the building include ceramic floor tiles, vinyl sheet flooring, carpet flooring, painted wall assemblies, ceramic wall tiles, wood wall panels, acoustical wall and ceiling panels, painted ceiling assemblies, and suspended acoustic tile ceiling assemblies. The interior finishes appear to be in good condition overall.",,2011,,Concrete Structure,,,,,,,,,,,,,,,,#N/A,,,,,,,,,,,,,,,,,,Regular,,,,,,99,,0,#N/A,#N/A,#N/A,#N/A,#N/A,#N/A,#N/A,#VALUE!,,,Unknown,,10,Pre-Screen Low,-123.1194338,49.28055069
15,CULT_1001_578 Carrall St_Sun Yat-Sen Classical Chinese Garden - Main Building,578 Carrall St,,,,,,,,,,Sun Yat-Sen Classical Chinese Garden - Main Building,9 - CoV Not Responsible,City Owned,1001,1985-01,1985,1985,"$9,990,814","5,500","1,817",1,0,"BCA REPORT NOTES: 

•	The attached report is not a capital plan but a tool to assist in developing one.

•	Actions noted on the report are based on repair or renewal needs identified in an on-site visual component review. This is not a detailed facility condition assessment (not invasive testing or detailed review of existing drawings have been done as part of this assessment)

•	This is also not a code compliance review or hazardous materials survey.  Values for hazardous materials abatement, seismic retrofit, buildings upgrades or renovations are not included.  

•	It is expected that if needs occur on critical components before the date on which the report is indicating that they will be addressed and not deferred.   Alternately if needs are not present on the date indicated the component will be monitored on an appropriate schedule and the work will be deferred.

•	Component Replacement Values and Action Costs are based on RS Means average for building type and location values are for hard costs only. 

•	Overall project scope and detailed budget remains to be fully developed. 

•	These values do not constitute requested project budgets for the facility.",,(M),,,Wood frame,,,,,,,,,,,,,,,,#N/A,,,,,,,,,,,,,,,,,,Regular,,,,,,99,,0,#N/A,#N/A,#N/A,#N/A,#N/A,#N/A,#N/A,#VALUE!,2%,,11-100,,1.7,Medium,-123.1041166,49.2797996
17,ENEX_7315_2901 E Hastings St_PNE - Livestock Building,2901 E Hastings St,Phase 1,,,,,,,,,PNE - Livestock Building,2 - Moderate Investment,City Owned,7315,1930-01,1930,Pre-code,"$25,980,406","133,000",195,1,0,"The building is largely provided with systems and components originating from the initial building construction. Known renewals include:
- Approximately 45  exterior windows replaced circa 2012
- Modified bitumen flat roof replaced circa 2012
- Some part of foundation and building structure was upgraded circa 2012","The exterior walls of the building are mainly painted concrete and stucco. The windows are typically single glass units with combination of wood and metal frames. Exterior access doors are combination of metal and wood construction, wood sliding doors and metal overhead doors. The roof elevations are covered with modified bitumen membrane. The interior finishes throughout the building include vinyl sheets flooring, ceramic tiles flooring, exposed concrete flooring, wood wall panels, painted drywall finishes, painted ceiling assemblies, adhered acoustical ceiling tiles, suspended acoustical ceiling tiles.",A,,,,,,,,,,,,,,,,,,,#N/A,,,,,,,,,,,,,,,,,,Regular,,,,,,99,,0,#N/A,#N/A,#N/A,#N/A,#N/A,#N/A,#N/A,#VALUE!,0.3%,High Occupancy-A,1000+,,2.6,Low,-123.0397837,49.28422741
18,ENEX_1825_2901 E Hastings St_PNE - Playland Building (Games),2901 E Hastings St,Phase 1,,,,,,,,,PNE - Playland Building (Games),9 - CoV Not Responsible,City Owned,1825,1955-01,1955,1953,"$4,892,254","27,000",181,1,0,,,,,,,,,,,,,,,,,,,,,,#N/A,,,,,,,,,,,,,,,,,,Regular,,,,,,99,,0,#N/A,#N/A,#N/A,#N/A,#N/A,#N/A,#N/A,#VALUE!,15%,High Occupancy,101-1000,,0.5,High,-123.0356467,49.28258501
19,ENEX_1825_2901 E Hastings St_PNE - Playland Building (Arcades),2901 E Hastings St,Phase 1,,,,,,,,,PNE - Playland Building (Arcades),9 - CoV Not Responsible,City Owned,1825,1955-01,1955,1953,"$2,355,530","13,000",181,1,0,,,,,,,,,,,,,,,,,,,,,,#N/A,,,,,,,,,,,,,,,,,,Regular,,,,,,99,,0,#N/A,#N/A,#N/A,#N/A,#N/A,#N/A,#N/A,#VALUE!,13%,High Occupancy,101-1000,,0.7,High,-123.0361509,49.28278398
20,ENEX_7313_2901 E Hastings St_PNE - Rollerland,2901 E Hastings St,Phase 1,,,,,,,,,PNE - Rollerland,2 - Moderate Investment,City Owned,7313,1930-01,1930,Pre-code,"$4,102,169","21,000",195,1,0,"Rollerland building is understood to have been constructed circa 1930. An addition was constructed circa 1980 along the north portion of the building. The Building is largely provided with systems and components originating from the initial building construction. Known renewals include:
- Washrooms which are located in the 1980 Addition","The exterior walls of the building are mainly concrete and EIFS. The windows have been covered with plywood. Exterior access doors are combination of metal and wood construction and wood sliding door. The slope roof is covered with asphalt shingles and flat roofs are covered with modified bitumen membrane. The interior finishes throughout the building include vinyl sheets flooring, painted concrete flooring, painted drywall finishes, painted ceiling assemblies, suspended acoustical ceiling tiles.",B,,,Concrete Structure,,,,,,,,,,,,,,,,#N/A,,,,,,,,,,,,,,,,,,Regular,,,,,,99,,0,#N/A,#N/A,#N/A,#N/A,#N/A,#N/A,#N/A,#VALUE!,13%,High Occupancy-A,1000+,,0.2,High,-123.0429557,49.28494031
21,ENEX_1825_2901 E Hastings St_PNE - Playland Building (Back of House),2901 E Hastings St,Phase 1,,,,,,,,,PNE - Playland Building (Back of House),9 - CoV Not Responsible,City Owned,1825,1955-01,1955,1953,"$1,993,141","11,000",181,1,0,,,,,,,,,,,,,,,,,,,,,,#N/A,,,,,,,,,,,,,,,,,,Regular,,,,,,99,,0,#N/A,#N/A,#N/A,#N/A,#N/A,#N/A,#N/A,#VALUE!,13%,High Occupancy,101-1000,,-0.6,High,-123.0366686,49.28349802
22,ENEX_1825_2901 E Hastings St_PNE - Playland Building (Admin / Retail),2901 E Hastings St,Phase 1,,,,,,,,,PNE - Playland Building (Admin / Retail),9 - CoV Not Responsible,City Owned,1825,1955-01,1955,1953,"$1,705,774","5,000",341,1,0,,,,,,,,,,,,,,,,,,,,,,#N/A,,,,,,,,,,,,,,,,,,Regular,,,,,,99,,0,#N/A,#N/A,#N/A,#N/A,#N/A,#N/A,#N/A,#VALUE!,,,,,,Pre-Screen Low,-123.0353667,49.28329615
23,ENEX_1825_2901 E Hastings St_PNE - Playland Building (Triple O),2901 E Hastings St,Phase 1,,,,,,,,,PNE - Playland Building (Triple O),9 - CoV Not Responsible,City Owned,1825,1955-01,1955,1953,"$1,438,377","5,000",288,1,0,,,,,,,,,,,,,,,,,,,,,,#N/A,,,,,,,,,,,,,,,,,,Regular,,,,,,99,,0,#N/A,#N/A,#N/A,#N/A,#N/A,#N/A,#N/A,#VALUE!,13%,High Occupancy,101-1000,,-0.5,High,-123.0364168,49.28195687
24,RECR_7311_2901 E Hastings St_PNE - Agrodome (Rink/Arena),2901 E Hastings St,Phase 1,,,,,,,,,PNE - Agrodome (Rink/Arena),3 - Limited Investment,City Owned,7311,1960-01,1960,1960,"$23,986,367","66,000",363,2,0,"The Building is largely provided with systems and components originating from the initial building construction. Known renewals include:
- Flat roofs updated circa 2012 and 2015
- Built-up roof updated circa 1980","The exterior walls of the building are mainly painted concrete walls. The windows are typically single glass unit with metal and wood frame. Exterior access doors are wood construction, glazed doors and metal roll-up doors. The roof elevations are covered with TPO and SBS modified bitumen. The interior finishes throughout the building include vinyl sheets flooring, vinyl tiles flooring, sealed/painted concrete flooring, ceramic tiles flooring, carpet flooring, asphalt flooring, wood wall panels, painted wall finishes, acoustical wall panels, ceramic wall tiles, painted ceiling assemblies, adhered acoustical ceiling tiles and suspended acoustical ceiling tiles.",,,,Concrete Structure,,,,,,,,,,,,,,,,#N/A,,,,,,,,,,,,,,,,,,Regular,,,,,,99,,0,#N/A,#N/A,#N/A,#N/A,#N/A,#N/A,#N/A,#VALUE!,13%,High Occupancy-A,1000+,,-0.6,High,-123.0411962,49.28454014
25,ENEX_7316_2901 E Hastings St_PNE - Forum,2901 E Hastings St,Phase 1,,,,,,,,,PNE - Forum,2 - Moderate Investment,City Owned,7316,1930-01,1930,Pre-code,"$12,697,191","65,000",195,1,0,"The building is largely provided with systems and components originating from the initial building construction. Known renewals include:
- Washrooms were updated circa 2008
- Roofs were updated circa 2009
- Partial interior finishes were updated circa 2008","The exterior walls of the building are mainly painted concrete. The windows are typically single glass units with wood frames. Exterior access doors are a combination of wood, metal and glass construction. The slope roof is covered asphalt and the flat roof is covered with a modified bitumen membrane. The interior finishes throughout the building include vinyl tiles flooring, ceramic tiles flooring, laminated wood flooring, painted concrete flooring, rubber flooring, ceramic glass tiles wall, painted drywall and painted concrete finishes,  painted ceiling assemblies, suspended acoustical ceiling tiles.",B,,,Concrete Structure,,,,,,,,,,,,,,,,#N/A,,,,,,,,,,,,,,,,,,Regular,,,,,,99,,0,#N/A,#N/A,#N/A,#N/A,#N/A,#N/A,#N/A,#VALUE!,13%,High Occupancy-A,1000+,,0.2,High,-123.0430045,49.28236328
28,CWYD_3421_453 W 12th Av_City Hall Main Building,453 W 12th Av,Phase 1,,,,,,,,,City Hall Main Building,1 - Full Investment,City Owned,3421,1936-01,1936,Pre-code,"$51,785,252","151,794",341,12,1,"City Hall is understood to have been constructed circa 1936 with additions which were constructed circa 1969 and 2015 and is a registered heritage building. The building is largely provided with systems and components originating from the initial building construction. Known renewals include:
- The majority of interior finishes updated circa 2013
- Exterior windows were replaced 2009
- Roofs were replaced 2009","The building appears to be constructed on standard deep foundations bearing on good native soil. Where exposed, the superstructure appears to be of cast in place reinforced concrete columns, beams, and suspended floor and roof slabs. No significant deficiencies were observed to suggest differential settlement of the building foundations or movement of the building structure.

The building exterior walls are generally comprised of cast-in-place concrete, pre-cast concrete, marble and stucco on all building elevations. The building windows are typically wood framed insulated glass units (IGUs). The addition windows which are located at the north elevation of the sub ground level are typically IGUs set in aluminum frames. The exterior entrance doors are typically glass doors set in aluminum frames. The service doors are hollow metal doors in metal frames. The roof cover is a conventional-modified bituminous roof assembly. Overall, the building envelope components appear to be in fair condition. Evidence of water ingress was observed in the stucco wall, and therefore a building envelope study is recommended for all exterior walls. Evidence of water ingress was observed in the sub ground electrical room, the roof was observed to be in poor condition for sub ground area and evidence of water ingress was also observed for the 12th floor roof. All sky lights are in poor condition.

The interior finishes in the building include ceramic floor tiles, vinyl sheet floor, painted concrete floor, carpet floor, vinyl floor tiles, terrazzo, painted wall assemblies, ceramic wall tiles, wood wall panels, wall paper, panels veneer wall, painted ceiling assemblies, painted plaster, marble, mirror, adhered suspended ceiling tiles and suspended acoustic panels ceiling assemblies. The interior finishes appear to be in good condition overall, with the exception of the painted concrete floor, wall paper and carpet in revenue services and the HR office which are in poor condition.",A (M),2013,,Concrete Structure,,,,,,,,,,,,,,,,#N/A,,,,,,,,,,,,,,,,,,Regular,,,,,,99,,0,#N/A,#N/A,#N/A,#N/A,#N/A,#N/A,#N/A,#VALUE!,,Responder,101-1000,,,High,-123.1139581,49.2609174
30,CWYD_6108_515 W 10th Av_West Annex (Van-City) Offices,515 W 10th Av,Phase 1,,,,,,,,,West Annex (Van-City) Offices,2 - Moderate Investment,City Owned,6108,1976-01,1976,1975,"$26,199,324","76,796",341,4,2,"Wex Annex Offices is understood to have been constructed circa 1976. The building is largely provided with systems and components originating from the initial building construction. Known renewals include:
- The majority of interior finishes updated circa 2015 and 2020","The four-story building with 2 levels of underground parking appears to be constructed on spread footings. Where exposed, the superstructure appears to be of concrete and metal construction.  No significant deficiencies were observed to suggest differential settlement of the building foundations or movement of the building structure.

The building exterior walls are generally comprised of concrete and stucco walls on the building elevations. The building windows are typical of metal-framed insulated glass units (IGUs). The exterior entrance doors are typically glass doors set in aluminum frames. The service doors are hollow metal doors in metal frames. The roof cover is a 2-ply modified bituminous roof assembly. Overall, the building envelope components appear to be in good condition.

The interior finishes in the building include ceramic floor tiles, vinyl floor tiles, carpet floor tiles, traffic topping, painted wall assemblies, ceramic wall tiles, painted ceiling assemblies and suspended acoustic tile ceiling assemblies. The interior finishes appear to be in good condition overall.",,2015-2020,,Reinforced concrete,,,,,,,,,,,,,,,,#N/A,,,,,,,,,,,,,,,,,,Regular,,,,,,99,,0,#N/A,#N/A,#N/A,#N/A,#N/A,#N/A,#N/A,#VALUE!,,Business Continuity,101-1000,,,Low,-123.1155167,49.26256004
31,CWYD_7817_1800 Spyglass Place_311 Building (Polygon Building),1800 Spyglass Place,Phase 1,,,,,,,,,311 Building (Polygon Building),5 - No Investment,City Owned,7817,1989-01,1989,1985,"$4,925,934","14,439",341,2,0,"The building is a two-storey steel structure with concrete masonry (CMU) exterior walls and metal studs interior walls, approximately 14,439 sf, which was constructed circa 1989. The building is largely provided with systems and components originating from the initial building construction. The building has been recently renovated with new painting, new glazed walls, new glass sliding, swing doors, and new vinyl sheet flooring.","The two-storey building appears to be constructed on spread footings. Where exposed, the superstructure appears to be of concrete masonry (CMU) walls and steel-framed construction. No significant deficiencies were observed to suggest differential settlement of the building foundations or movement of the building structure.

The building exterior walls are generally comprised of stucco finish on all elevations. The building exterior windows are typical of metal-framed insulated glass units (IGUs) and the ground floor entry area full-height storefront windows are metal-framed with insulated glass units (IGUs). The exterior main entrance door is typically a glass double-door set in a metal frame. The emergency exit doors and the electrical room door are hollow-core metal single-doors set in metal frames. The flat roof cover is a built-up roofing system. Overall, the building envelope components appear to be in good condition.

The building interior finishes in the building include ceramic floor tiles, vinyl floor tiles, granite floor tiles, carpet floor tiles, carpet sheet flooring, vinyl sheet flooring, painted wall finish, ceramic wall tiles, glass block walls, suspended acoustic ceiling tiles, and painted ceiling finish. The interior finishes appear to be in good condition overall, with the exception of the vinyl floor tiles finish which is in fair condition.",,2010,,Metal Framed,,,,,,,,,,,,,,,,#N/A,,,,,,,,,,,,,,,,,,Regular,,,,,,99,,0,#N/A,#N/A,#N/A,#N/A,#N/A,#N/A,#N/A,#VALUE!,,Emergency Response - B,Unknown,,,,-123.1148616,49.27075491
33,CWYD_8593_507 W Broadway_Crossroads,507 W Broadway,Phase 1,,,,,,,,,Crossroads,9 - CoV Not Responsible,City Leased,8593,2008-01,2008,2005,"$5,290,337","68,384",77,6,0,,,,,,,,,,,,,,,,,,,,,,#N/A,,,,,,,,,,,,,,,,,,Regular,,,,,,99,,0,#N/A,#N/A,#N/A,#N/A,#N/A,#N/A,#N/A,#VALUE!,,Business Continuity,Unknown,,10,Pre-Screen Low,-123.1154473,49.26352762
34,CWYD_4325_2099 Beach Av_Park Board Office,2099 Beach Av,Phase 1,,,,,,,,,Park Board Office,1 - Full Investment,City Owned,4325,1961-01,1961,1960,"$7,339,946","21,515",341,2,0,"Park Board Office is understood to have been constructed circa 1961. An addition was constructed circa 1980 along the northeast portion of the building, and another addition breezeway was constructed circa 2004. Multiple other small-scale renovation projects were also undertaken details of which could not be confirmed at the time of the assessment.","The multi-storey building appears to be constructed on concrete spread-footings which bear on native soil or engineered fill. Where exposed, the superstructure appears to be of reinforced concrete in the basement and wood-frame construction above ground.  No significant deficiencies were observed to suggest differential settlement of the building foundations or movement of the building structure; however evidence of moisture ingress was observed along the basement floor, which should be investigated further. 

The building exterior walls are generally comprised of a combination of stone masonry and painted wood siding. The original building windows are typically of wood framed with single pane glass. Additional windows are typically IGUs set in aluminum frames. The exterior entrance doors are typically painted wood doors. The roof cover is a conventional-modified bituminous roof assembly. Overall, the building envelope components appear to be in good to fair condition, with the exception of the SBS roof assemblies and associated skylights which are considered to be in poor condition. 

The interior finishes in the building include terrazzo, quarry tiles, carpet tiles, roll carpet, resilient sheeting, vinyl tiles, vinyl sheets and painted/sealed concrete flooring, painted walls, wood panel walls, painted ceiling and adhered ceiling tiles. Unfinished portions of the building were also observed, typically in the basement. The interior finishes appear to be in good to fair condition overall, with the exception of the painted concrete floors and resilient sheeting, which were considered to be in poor condition.",A,"1980, 2004",,"Concrete foundation, cedar timber beams frame, wood & masonry stone veneer walls w/tar & gravel roof",,,,,,,,,,,,,,,,#N/A,,,,,,,,,,,,,,,,,,Regular,,,,,,99,,0,#N/A,#N/A,#N/A,#N/A,#N/A,#N/A,#N/A,#VALUE!,3%,Business Continuity,101-1000,,-0.1,High,-123.1454269,49.29083323
35,CWYD_2136_1280 Raymur St_Animal Control Shelter,1280 Raymur St,Phase 1,,,,,,,,,Animal Control Shelter,4 - Minimal Investment,City Owned,2136,1977-01,1977,1977,"$2,425,677","10,961",221,1,0,"Animal control shelter is understood to have been constructed circa 1977. The building is largely provided with systems and components originating from the initial building construction. Known renewals include:
- Some of the exterior windows were updated circa 2006","The two-story building appears to be constructed on spread footings. Where exposed, the superstructure appears to be of wood-framed construction.  No significant deficiencies were observed to suggest differential settlement of the building foundations or movement of the building structure.

The building exterior walls are generally comprised of painted wood siding on building elevations. The building windows are typical of wood-framed single glass units and metal-framed insulated glass units (IGUs). The exterior entrance doors are typically glass doors set in wood frames. The service doors are hollow metal doors in metal frames. The roof cover is a 2-ply modified bituminous roof assembly and an asphalt shingles roof assembly. Overall, the building envelope components appear to be in poor condition.

The interior finishes in the building include ceramic floor tiles, vinyl floor sheets, painted concrete floor, carpet flooring, painted wall assemblies, ceramic wall tiles, and painted ceiling assemblies. The interior finishes appear to be in fair to good condition overall, with the exception of the vinyl floor tiles which are in poor condition.",,,,Wood Framed,,,,,,,,,,,,,,,,#N/A,,,,,,,,,,,,,,,,,,Regular,,,,,,99,,0,#N/A,#N/A,#N/A,#N/A,#N/A,#N/A,#N/A,#VALUE!,15%,,11-100,,0.5,High,-123.0822732,49.2735705
38,COMM_1377_1836 W 5th Av_McKay Building,1836 W 5th Av,Phase 1,,,,,,,,,McKay Building,3 - Limited Investment,City Owned,1377,1965-01,1965,1965,"$6,578,161","25,000",263,2,0,"The building is understood to have been constructed circa 1965. The building is largely provided with updated systems and components. Known renewals include: 
- The majority of interior finishes updated circa 2017","The two-storey building appears to be constructed on spread footings. Where exposed the superstructure appears to be of wood framed and load-bearing concrete masonry wall construction.  No significant deficiencies were observed to suggest differential settlement of the building foundations or movement of the building structure.

The building exterior walls are generally comprised of wood siding and concrete unit blocks on building elevations. The building windows are typically of metal framed single glass units. The exterior entrance doors are typically glass doors set in aluminum frames. The service doors are combination of the metal and wood doors. The roof cover is a conventional modified bituminous roof assembly. Overall, the building envelope components appear to be in fair condition.

The interior finishes in the building include ceramic floor tiles, resilient sheet floor, exposed concrete floor, carpet floor, rubber, laminated wood, painted wall assemblies, wood wall panels, painted ceiling assemblies and suspended acoustic tile ceiling assemblies. The interior finishes appear to be in good condition overall, with the exception of vinyl and carpet flooring, acoustical ceiling tiles in some areas and vinyl tiles flooring which were in poor condition.",,,,Concrete Structure,,,,,,,,,,,,,,,,#N/A,,,,,,,,,,,,,,,,,,Regular,,,,,,99,,0,#N/A,#N/A,#N/A,#N/A,#N/A,#N/A,#N/A,#VALUE!,,High Occupancy,101-1000,,-0.5,High,-123.1459563,49.26676806
39,COMM_8395_85 W 1st Av_Salt Building,85 W 1st Av,Phase 1,,,,,,,,,Salt Building,1 - Full Investment,City Owned,8395,1931-01,1931,Pre-code,"$9,303,334","31,532",295,1,1,"The Salt Building is understood to have been constructed circa 1931. The building is largely provided with updated systems and components. Known renewals include:
- The majority portion of the building was renovated circa 2009 and 2012.","The single-story building with a basement and mezzanine level appears to be constructed on timber piles with pilasters, grade beams and on foundation walls. At the time of the assessment, deficiencies were observed or reported include evidence of efflorescence in the wall of the basement, evidence of the water ponding in the floor of the basement, evidence of fungi in the wood timber piles in the basement. Recommend that the deficiencies be monitored, and should significant changes be noted, an engineering study by a licensed professional engineer should be undertaken. Repairs based on the proposed study is recommended.
The superstructure appears to be of wood-framed, concrete, and metal construction. No significant deficiencies were observed to suggest differential settlement of the building foundations or movement of the building structure.

The building exterior walls are generally comprised of painted wood on the building elevations. The building windows are typical of metal-framed insulated glass units (IGUs) and metal framed single glass units. The exterior entrance doors are typically glass doors set in aluminum frames. The roof cover is a slope asphalt shingles roof and conventional modified bituminous roof assembly. Overall, the building envelope components appear to be in good condition.

The interior finishes in the building include ceramic floor tiles, sealed concrete floor, laminated wood flooring, painted wall assemblies, ceramic wall tiles, wood wall panels, painted ceiling assemblies, and suspended acoustic tile ceiling assemblies. The interior finishes appear to be in good condition overall, with the exception of the painted wall finish which is in poor condition.",B,2009-2012,,Wood Framed,,,,,,,,,,,,,,,,#N/A,,,,,,,,,,,,,,,,,,Regular,,,,,,99,,0,#N/A,#N/A,#N/A,#N/A,#N/A,#N/A,#N/A,#VALUE!,,High Occupancy,Unknown,,10,Pre-Screen Low,-123.1063935,49.27056664
40,COMM_4647_2400 Kingsway_2400 Motel,2400 Kingsway,Phase 1,,,,,,,,,2400 Motel,4 - Minimal Investment,City Owned,4647,1946-01,1946,1941,"$7,358,912","29,129",253,0,0,"2400 Kingsway Motel is understood to have been constructed circa 1946. The buildings are largely provided with systems and components originating from the initial building construction. Known renewals include:
- Some of the sloped roof were replaced circa 2019
- The flat roof was replaced circa 2017
- The interior wall finish is upgraded circa 2017
- The carpet flooring was replaced circa 2009
- The laminated wood flooring was replaced circa 2017","The 18 single-storey buildings and 1 two-story building appears to be constructed on spread footings. Where exposed, the superstructure appears to be of wood frame construction.  No significant deficiencies were observed to suggest differential settlement of the building foundations or movement of the building structure.

The building exterior walls are generally comprised of stucco wall on all building elevations.The building windows are typically wood framed single glass units (IGUs) and some vinyl framed insulated glass units. The exterior entrance doors are typically wood doors. The roofs cover is asphalt shingles roof assembly and 2 SBS roof assembley.  Overall, the building envelope components appear to be in poor to fair condition.

The interior finishes in the building include ceramic floor tiles, vinyl sheet flooring, painted concrete floor, carpet flooring, painted wall assemblies, ceramic wall tiles, wood wall panels, painted ceiling assemblies and adhered acoustic tile ceiling assemblies. The interior finishes appear to be in poor to fair condition overall.",Statement of Significance,,,Wood Framed,,,,,,,,,,,,,,,,#N/A,,,,,,,,,,,,,,,,,,Regular,,,,,,99,,0,#N/A,#N/A,#N/A,#N/A,#N/A,#N/A,#N/A,#VALUE!,,,,,,,-123.0561377,49.24046874
42,COMM_1236_2130 Pine St,2130 Pine St,NOT IN SCOPE,,,,,,,,,,5 - No Investment,CON - Consolidated,1236,1950-01,1950,1941,"$1,792,453","9,176",195,1,0,,,,,,,,,,,,,,,,,,,,,,#N/A,,,,,,,,,,,,,,,,,,Regular,,,,,,99,,0,#N/A,#N/A,#N/A,#N/A,#N/A,#N/A,#N/A,#VALUE!,,,,,,,-123.1430588,49.2665787
43,COMM_1234_1670 W 5th Av,1670 W 5th Av,NOT IN SCOPE,,,,,,,,,,5 - No Investment,CON - Consolidated,1234,1950-01,1950,1941,"$1,484,023","4,350",341,3,0,,,,,,,,,,,,,,,,,,,,,,#N/A,,,,,,,,,,,,,,,,,,Regular,,,,,,99,,0,#N/A,#N/A,#N/A,#N/A,#N/A,#N/A,#N/A,#VALUE!,,,Unknown,,10,Pre-Screen Low,-123.1424345,49.26673524
44,COMM_1871_6405 Knight St_South Health Unit,6405 Knight St,,,,,,,,,,South Health Unit,5 - No Investment,City Owned,1871,1959-01,1959,1953,"$6,258,826","18,346",341,2,0,"The South Health Units building is understood to have been constructed circa 1959. The building is largely provided with systems and components originating from the initial building construction. Known renewals include:
- The majority of interior painted finishes updated circa 2009","The two-storey building with a crawl space appears to be constructed on spread footings. Where exposed, the superstructure appears to be of reinforced concrete with suspended floor and roof concrete slabs supported by concrete and steel load bearing columns and frames. Exterior tension only steel braces appear to have been added for lateral load resistance. No significant deficiencies were observed to suggest differential settlement of the building foundations or movement of the building structure. However, study is recommended for concrete delamination.

The building exterior walls are generally comprised of brick masonry and stucco. The building windows are typically of metal framed single glass units. The exterior entrance doors are typically glass doors set in metal frames. The roof cover is a 2-ply modified bituminous roof assembly. Overall, the building envelope components appear to be in fair condition, exterior windows and roofs are in poor condition.

The interior finishes in the building include ceramic floor tiles, vinyl sheet floor, painted concrete floor, laminated wood floor, carpet floor, vinyl tiles floor, painted wall assemblies, ceramic wall tiles, wood wall panels, painted ceiling assemblies and adhered acoustic tile ceiling assemblies. The interior finishes appear to be in fair condition overall.",,,,Masonry Walls,,,,,,,,,,,,,,,,#N/A,,,,,,,,,,,,,,,,,,Regular,,,,,,99,,0,#N/A,#N/A,#N/A,#N/A,#N/A,#N/A,#N/A,#VALUE!,8%,High Occupancy,101 - 1000,,0.3,High,-123.0776573,49.22626543
45,COMM_4336_1460-1462 Burrard St,1460-1462 Burrard St,,,,,,,,,,,5 - No Investment,City Owned,4336,1940-01,1940,Pre-code,"$4,796,295","14,059",341,2,0,,,,,,,,,,,,,,,,,,,,,,#N/A,,,,,,,,,,,,,,,,,,Regular,,,,,,99,,0,#N/A,#N/A,#N/A,#N/A,#N/A,#N/A,#N/A,#VALUE!,13%,,11-100,,-1,High,-123.1329544,49.27616939
47,SOCL_7906_390 Main St_Four Corner's Bank,390 Main St,,,,,,,,,,Four Corner's Bank,1 - Full Investment,City Owned,7906,1929-01,1929,Pre-code,"$4,493,009","13,170",341,1,0,"The Four Corner's Bank is understood to have been constructed circa 1929. The building is largely provided with systems and components originating from the initial building construction. Known renewals include:
- The majority of the interior portions of the building was upgraded circa 2005","The two-story building with abasement appears to be constructed on spread footings. Where exposed, the superstructure appears to be of wood-framed, and concrete-framed construction, and some steel constructions. Study and repair were recommended for the building structure based on the seismic report. 

The building exterior walls are generally comprised of concrete stone and stucco walls on the building elevations. The building windows are typical of metal-framed insulated glass units. The exterior entrance doors are typically glass and metal doors set in metal frames. The roof cover is a built-up roof system. Overall, the building envelope components appear to be in fair condition.

The interior finishes in the building include vinyl floor sheets, vinyl floor tiles, carpet flooring, carpet floor tiles, terrazzo flooring, painted wall assemblies, ceramic wall tiles, painted ceiling assemblies, and suspended acoustic tile ceiling assemblies. The interior finishes appear to be in good condition overall.",,2005,,"Concrete foundation,  reinforced concrete frame w/built up composition roof",,,,,,,,,,,,,,,,#N/A,,,,,,,,,,,,,,,,,,Regular,,,,,,99,,0,#N/A,#N/A,#N/A,#N/A,#N/A,#N/A,#N/A,#VALUE!,12.5%,High Occupancy,101-1000,,0.9,High,-123.0992282,49.28158394
48,COMM_7143_123 E 6th Av_Teachers Centre (Former),123 E 6th Av,,,,,,,,,,Teachers Centre (Former),3 - Limited Investment,City Owned,7143,1929-01,1929,Pre-code,"$4,354,500","12,764",341,2,0,,,B,,,,,,,,,,,,,,,,,,,#N/A,,,,,,,,,,,,,,,,,,Regular,,,,,,99,,0,#N/A,#N/A,#N/A,#N/A,#N/A,#N/A,#N/A,#VALUE!,1%,,11-100,,2.4,Medium,-123.1023339,49.26586627
50,COMM_1102_1401-1415 Hornby St,1401-1415 Hornby St,,,,,,,,,,,4 - Minimal Investment,City Owned,1102,1945-01,1945,1941,"$3,711,082","10,878",341,1,0,,,,,,,,,,,,,,,,,,,,,,#N/A,,,,,,,,,,,,,,,,,,Regular,,,,,,99,,0,#N/A,#N/A,#N/A,#N/A,#N/A,#N/A,#N/A,#VALUE!,15%,,11-100,,0,High,-123.1320038,49.2762489
51,COMM_1091_1434 Burrard St,1434 Burrard St,,,,,,,,,,,4 - Minimal Investment,City Owned,1091,1940-01,1940,Pre-code,"$3,549,375","10,404",341,2,0,,,,,,,,,,,,,,,,,,,,,,#N/A,,,,,,,,,,,,,,,,,,Regular,,,,,,99,,0,#N/A,#N/A,#N/A,#N/A,#N/A,#N/A,#N/A,#VALUE!,15%,,11-100,,-0.5,High,-123.1326705,49.27634404
54,COMM_8664_1249 Howe St,1249 Howe St,NOT IN SCOPE,,,,,,,,,,9 - CoV Not Responsible,Ground Leased,8664,2016-01,2016,2015,"$20,367,624","59,702",341,12,1,,,,,,,,,,,,,,,,,,,,,,#N/A,,,,,,,,,,,,,,,,,,Regular,,,,,,99,,0,#N/A,#N/A,#N/A,#N/A,#N/A,#N/A,#N/A,#VALUE!,,,Unknown,,10,Pre-Screen Low,-123.1279297,49.2774887
56,COMM_1098_1447-1449 Hornby St,1447-1449 Hornby St,,,,,,,,,,,4 - Minimal Investment,City Owned,1098,1960-01,1960,1960,"$2,848,643","8,350",341,2,0,,,,,,,,,,,,,,,,,,,,,,#N/A,,,,,,,,,,,,,,,,,,Regular,,,,,,99,,0,#N/A,#N/A,#N/A,#N/A,#N/A,#N/A,#N/A,#VALUE!,13%,,11-100,,0.4,High,-123.1325226,49.2759018
58,"COMM_8560_3595 W 17th Av / 3210, 3228, 3288 Dunbar St","3595 W 17th Av / 3210, 3228, 3288 Dunbar St",,,,,,,,,,,9 - CoV Not Responsible,City Leased,8560,2013-01,2013,2010,"$1,194,042","3,500",341,4,0,,,,,,,,,,,,,,,,,,,,,,#N/A,,,,,,,,,,,,,,,,,,Regular,,,,,,99,,0,#N/A,#N/A,#N/A,#N/A,#N/A,#N/A,#N/A,#VALUE!,,,Unknown,,10,Pre-Screen Low,-123.184799,49.25760657
60,COMM_1092_1444 Burrard St_Dura Productions,1444 Burrard St,,,,,,,,,,Dura Productions,5 - No Investment,City Owned,1092,1940-01,1940,Pre-code,"$1,055,533","3,094",341,1,0,,,,,,,,,,,,,,,,,,,,,,#N/A,,,,,,,,,,,,,,,,,,Regular,,,,,,99,,0,#N/A,#N/A,#N/A,#N/A,#N/A,#N/A,#N/A,#VALUE!,,,Unknown,,10,Pre-Screen Low,-123.1326788,49.2761917
62,COMM_8074_1800-1808 W 5th Av,1800-1808 W 5th Av,,,,,,,,,,,3 - Limited Investment,City Owned,8074,1910-01,1910,Pre-code,"$1,487,435","4,360",341,3,0,The building was constructed circa 1910. The building mainly with systems and components originating from the initial building construction and partial upgrades to 2004 and 2021.,"The two-storey building is likely constructed of stone masonry foundation walls on strip footings. The first floor floor slab appears to be poured concrete slab-on-grade continuously supported likely by a moisture barrier on a free draining gravel layer on engineered fill.

The two-storey building is likely load bearing concrete masonry block (CMU) walls, wood columns with wood beams supporting a wood roof deck.

The exterior walls consist of  stucco and wood siding. The exterior windows includes storefronts in a wood frame. The exterior doors include glazed and solid wood doors . The roof covering includes an asphalt shingle roofing system.

The interior partitions are of gypsum wallboard. The fixed partitions also include glazed partitions in various locations. 

The interior floor finishes include ceramic tiles, sealed concrete, hardwood floor and wood laminate floor. The interior ceiling finishes include suspended acoustic ceiling panel and painted gypsum board. The interior doors are generally single wood doors and sliding glazed doors set in wood frames.",,1989,,,,,,,,,,,,,,,,,,#N/A,,,,,,,,,,,,,,,,,,Regular,,,,,,99,,0,#N/A,#N/A,#N/A,#N/A,#N/A,#N/A,#N/A,#VALUE!,,,Unknown,,10,Pre-Screen Low,-123.1459492,49.26692476
63,COMM_2085_1575 W 5th Av,1575 W 5th Av,,,,,,,,,,,5 - No Investment,City Owned,2085,1990-01,1990,1990,"$514,450","2,403",214,2,0,COMM_2085_1575 W 5th Av building is understood to have been constructed circa 1990. The building is largely provided with systems and components originating from the initial building construction.,"The two-storey structure with slab-on-grade foundation with concrete perimeter walls. Where exposed, the superstructure consists of concrete masonry block walls supporting a woof roof deck.  No significant deficiencies were observed to suggest differential settlement of the building foundations or movement of the building structure.
The building exterior walls are generally comprised of painted concrete blocks and metal siding. The building windows are single-paned glazing units that are set in fixed wood frames. The building is provided with exterior wood doors with glass inserts and overhead doors. The building is provided with a single ply membrane roof system. Overall, the building envelope components appear to be in poor to good condition.
The interior finishes in the building include painted concrete / painted wood flooring, and painted wall & ceiling assemblies. The interior finishes appear to be in poor to good condition.",,,,Masonry Walls,,,,,,,,,,,,,,,,#N/A,,,,,,,,,,,,,,,,,,Regular,,,,,,99,,0,#N/A,#N/A,#N/A,#N/A,#N/A,#N/A,#N/A,#VALUE!,,,Unknown,,10,Pre-Screen Low,-123.1403081,49.26730285
64,COMM_1097_1451 Hornby St,1451 Hornby St,,,,,,,,,,,4 - Minimal Investment,City Owned,1097,1940-01,1940,Pre-code,"$1,085,762","2,250",483,1,0,,,,,,,,,,,,,,,,,,,,,,#N/A,,,,,,,,,,,,,,,,,,Regular,,,,,,99,,0,#N/A,#N/A,#N/A,#N/A,#N/A,#N/A,#N/A,#VALUE!,,,Unknown,,10,Pre-Screen Low,-123.1325303,49.27583313
66,CULT_1086_675-695 Cambie St_Queen Elizabeth Theatre,675-695 Cambie St,,,,,,,,,,Queen Elizabeth Theatre,1 - Full Investment,City Owned,1086,1959-01,1959,1953,"$71,144,549","192,900",369,3,2,"Queen Elizabeth Theatre is understood to have been constructed circa 1959 and is a registered heritage building class""A"". An addition was constructed circa 1999 along with the west elevation of the building. The building is largely provided with systems and components originating from the initial building construction. Known renewals include:
- Major renovation was done in 2009
- The tower roof was replaced in 2019 and the auditorium roof was replaced circa 1990","The Queen Elizabeth Theatre building appears to be constructed on spread footings. Where exposed, the superstructure appears to be of concrete and metal construction.  No significant deficiencies were observed to suggest differential settlement of the building foundations or movement of the building structure.

The building exterior walls are generally comprised of exposed concrete walls, glazed ceramic tiles, and metal panels. The building windows are typical of a metal-framed single glass unit and single glass curtain walls. The exterior entrance doors are typically glass doors set in aluminum frames. The service doors are hollow metal doors in metal frames. The roof cover is a 2-ply modified bituminous roof assembly. Overall, the building envelope components appear to be in good condition with the exception of the glazed ceramic tiles, curtain walls, and 4th-floor roof which are in poor condition. 

The interior finishes in the building include ceramic floor tiles, vinyl floor sheets, vinyl floor tiles, painted concrete floor, carpet floor tiles, carpet sheet, terrazzo flooring, laminated wood flooring, rubber flooring, painted wall assemblies, ceramic wall tiles, wood wall panels, wallpaper, mirror, acoustical wall tiles,  painted ceiling assemblies, adhered acoustical ceiling tiles and suspended acoustic tile ceiling assemblies. The interior finishes appear to be in fair to good condition overall.",A,"1967, 1986, 1992, 1996 and 2009",,Concrete Structure,,,,,,,,,,,,,,,,#N/A,,,,,,,,,,,,,,,,,,Regular,,,,,,99,,0,#N/A,#N/A,#N/A,#N/A,#N/A,#N/A,#N/A,#VALUE!,0.0006%,Emergency Shelter,1000+,,4.2,Low,-123.1128693,49.28022
68,CULT_1001_50 E Pender St_Chinese Cultural Centre (Includes Museum),50 E Pender St,NOT IN SCOPE,,,,,,,,,Chinese Cultural Centre (Includes Museum),9 - CoV Not Responsible,Ground Leased,1001,1985-01,1985,1985,"$22,718,403","77,000",295,2,0,,,,,,,,,,,,,,,,,,,,,,#N/A,,,,,,,,,,,,,,,,,,Regular,,,,,,99,,0,#N/A,#N/A,#N/A,#N/A,#N/A,#N/A,#N/A,#VALUE!,13%,High Occupancy,101-1000,,0.7,High,-123.1034048,49.2802098
70,CULT_1086_649 Cambie St_Playhouse Theatre,649 Cambie St,,,,,,,,,,Playhouse Theatre,1 - Full Investment,City Owned,1086,1962-01,1962,1960,"$21,588,627","58,535",369,5,0,"Playhouse Theatre is understood to have been constructed circa 1962 and is a registered heritage building class""A"". An addition was constructed circa 1999 along with the west elevation of the building. The building is largely provided with systems and components originating from the initial building construction. Known renewals include:
- Major renovation was done in 2009 and 2010","The Playhouse Theatre building appears to be constructed on spread footings. Where exposed, the superstructure appears to be of concrete and metal construction.  No significant deficiencies were observed to suggest differential settlement of the building foundations or movement of the building structure.

The building exterior walls are generally comprised of exposed concrete walls, brick walls, and metal panels. The building windows are typical of a metal-framed single glass unit and single glass curtain walls. The exterior entrance doors are typically glass doors set in aluminum frames. The service doors are hollow metal doors in metal frames. The roof cover is a 2-ply modified bituminous roof assembly. Overall, the building envelope components appear to be in good condition with the exception of the 4th-floor roof which is in fair condition. 

The interior finishes in the building include ceramic floor tiles, vinyl floor tiles, painted concrete floor, carpet floor tiles, carpet sheet, terrazzo flooring, wood flooring, rubber flooring, painted wall assemblies, ceramic wall tiles, wood wall panels, wallpaper, mirror,  painted ceiling assemblies, adhered acoustical ceiling tiles and suspended acoustic tile ceiling assemblies. The interior finishes appear to be in good to fair condition overall.",A,2006,,Concrete Structure,,,,,,,,,,,,,,,,#N/A,,,,,,,,,,,,,,,,,,Regular,,,,,,99,,0,#N/A,#N/A,#N/A,#N/A,#N/A,#N/A,#N/A,#VALUE!,,Emergency Shelter,1000+,,SRG,Medium,-123.112257,49.28056128
71,CULT_6135_1270 Chestnut St_Vancouver Academy of Music,1270 Chestnut St,,,,,,,,,,Vancouver Academy of Music,3 - Limited Investment,City Owned,6135,1974-01,1974,1970,"$17,405,519","47,193",369,2,0,"The 1270 Chestnut Street building is understood to have been constructed circa 1974. The building is largely provided with systems and components originating from the initial building construction. Some renovations have been completed circa 2015 and circa 2019. Currently, part of the second floor is under renovation including:
- New wall, floor and ceiling finishes in the washrooms.
- New vinyl sheet flooring in the hallways.
- New suspended acoustic ceiling tiles in the library room.","The two-storey building appears to be constructed on spread footings. Where exposed, the superstructure appears to be of pre-cast concrete exterior wall panels, concrete masonry walls, concrete floor slab, concrete flat roof and corrugated metal sloped roof on the eastern and western sides of the building. No significant deficiencies were observed to suggest differential settlement of the building foundations or movement of the building structure.

The building exterior walls are generally comprised of pre-cast concrete panels on all elevations. The building windows are typical of metal frames with single-glass units. The exterior entrance doors are typically glass doors set in metal frames. The exit doors are hollow metal doors in metal frames. The roof cover is an inverted modified bitumen SBS roofing assembly. Overall, the building envelope components appear to be in good condition.

The interior finishes in the building include vinyl floor tiles, painted concrete floor, linoleum flooring, ceramic floor tiles, carpet flooring, hardwood flooring, painted wall assemblies, wood panel wall finish, ceramic wall tiles, painted ceiling finish, painted spray texture ceiling finish and suspended acoustic ceiling tiles assemblies. The interior finishes appear to be in good condition overall, with the exception of the carpet flooring and the vinyl floor tiles which are in fair condition.",,2015 and 2019,,Concrete Structure,,,,,,,,,,,,,,,,#N/A,,,,,,,,,,,,,,,,,,Regular,,,,,,99,,0,#N/A,#N/A,#N/A,#N/A,#N/A,#N/A,#N/A,#VALUE!,3.98%,High Occupancy,101-1000,,1.4,Medium,-123.1444495,49.27465403
72,CULT_8224_1895 Venables St_Vancouver East Cultural Centre,1895 Venables St,,,,,,,,,,Vancouver East Cultural Centre,1 - Full Investment,City Owned,8224,1909-01,1909,Pre-code,"$11,433,287","31,000",369,2,0,"Vancouver East Cultural Center is understood to have been constructed circa 1909 and is a registered heritage building with an addition that was constructed in 2008 and registered as a LEED building. The building is largely provided with systems and components originating from the initial building construction. Known renewals include:
- The majority of the building was renovated circa 2008.","The three-story building with a basement appears to be constructed on spread footings. Where exposed, the superstructure appears to be of concrete and steel-framed construction.  No significant deficiencies were observed to suggest differential settlement of the building foundations or movement of the building structure.

The building exterior walls are generally comprised of concrete, stone, and fiber cement boards on all building elevations. The original building windows are typical of wood-framed single glass units. The addition windows are typically IGUs set in aluminum frames. The exterior entrance doors are typically glass doors set in aluminum frames. The service doors are hollow metal doors in metal frames. The roof cover is a 2-ply modified bituminous roof assembly, an inverted roof assembly that is covered with concrete paver, and an asphalt shingles roof. Overall, the building envelope components appear to be in good condition.

The interior finishes in the building include carpet floor tiles, vinyl sheet flooring, hardwood flooring, sealed concrete, rubber flooring, carpet flooring, painted wall assemblies, ceramic wall tiles, wood wall panels, masonry blocks, carpet wall, painted ceiling assemblies and suspended acoustic tile ceiling assemblies. The interior finishes appear to be in good condition overall.",B (M)(I),2008,,"Concrete foundation, wood frame, wood joists & deck roofing w/asphalt shingles",,,,,,,,,,,,,,,,#N/A,,,,,,,,,,,,,,,,,,Regular,,,,,,99,,0,#N/A,#N/A,#N/A,#N/A,#N/A,#N/A,#N/A,#VALUE!,0.005%,High Occupancy,101-1000,,4.3,Low,-123.0660942,49.27688027
73,CULT_5939_1100 Chestnut St_Museum of Vancouver/HR MacMillan Pacific Space Centre,1100 Chestnut St,,,,,,,,,,Museum of Vancouver/HR MacMillan Pacific Space Centre,1 - Full Investment,City Owned,5939,1967-01,1967,1965,"$39,770,503","107,833",369,2,0,The Museum of Vancouver/HR MacMillan Pacific Space Centre is understood to have been constructed circa 1967 with one known addition in 2003 along the northwest elevation. The building is largely provided with systems and components originating from the initial building construction.,"The two-storey building with additional Planetarium level appears to be constructed on spread footing. Where exposed, the superstructure appears to be of cast-in-place reinforced concrete and steel frame construction.  No significant deficiencies were observed to suggest differential settlement of the building foundations or movement of the building structure.

The building exterior walls are generally comprised of pre-cast concrete panels, and window walls with intermittent metal panels along the addition. The original building windows are typically of single pane glass set in metal frames. Windows along the addition as well as targeted areas of the building, such as egress areas, have double pane glass window assemblies. Single pane skylights are provided above the entrance lobby. The exterior entrance doors are typically glass doors set in metal frames. The service doors are hollow metal doors in metal frames. The roof cover is a 2-ply modified bituminous (SBS) roof assembly along the low-slope elevations, with the exception of the addition, which is provided with an inverted roof assembly. The Planetarium level roof structure is provided with a liquid applied waterproofing. Overall, the building envelope components appear to be in good to fair condition. 

The interior finishes in the building include carpet, terrazzo floor, ceramic floor tiles, resilient sheet floor, wood flooring, vinyl tile, quarry tile flooring, exposed concrete floor, painted wall assemblies, ceramic wall tiles, wood wall panels, painted ceiling assemblies and suspended acoustic tile ceiling assemblies. The interior finishes appear to be in good to fair condition overall.",A,"1997, 2003",,Concrete Structure,,,,,,,,,,,,,,,,#N/A,,,,,,,,,,,,,,,,,,Regular,,,,,,99,,0,#N/A,#N/A,#N/A,#N/A,#N/A,#N/A,#N/A,#VALUE!,15%,High Occupancy,101-1000,,0.5,High,-123.144405,49.27631802
74,CULT_7314_2901 E Hastings St_PNE - Garden Auditorium,2901 E Hastings St,,,,,,,,,,PNE - Garden Auditorium,1 - Full Investment,City Owned,7314,1939-01,1939,Pre-code,"$7,745,130","21,000",369,1,0,"The Building is largely provided with systems and components originating from the initial building construction. Known renewals include:
- Washrooms were updated circa 2016
- Brick chimney was updated circa 2016
- Exterior glazed door with aluminum frame was updated 2011
- Roofs were updated circa 1980","The exterior walls of the building are mainly cast-in-place concrete and some ceramic tiles. The windows are typically single glass units with wood frames. Exterior access doors are a combination of wood, metal and glazed construction and one wood overhead door. Roofs are covered with asphalt shingles, EPDM and modified bitumen membrane. The interior finishes throughout the building include vinyl sheets flooring, hard wood flooring, vinyl tiles flooring, exposed concrete flooring, wood wall panels, painted drywall finishes, ceramic tiles wall finish, painted ceiling assemblies and suspended acoustical ceiling tiles.",A,,,Concrete Structure,,,,,,,,,,,,,,,,#N/A,,,,,,,,,,,,,,,,,,Regular,,,,,,99,,0,#N/A,#N/A,#N/A,#N/A,#N/A,#N/A,#N/A,#VALUE!,6.3%,High Occupancy-A,1000+,,1.2,High,-123.0418619,49.28205811
75,CULT_5940_1905 Ogden Av_Vancouver Maritime Museum,1905 Ogden Av,,,,,,,,,,Vancouver Maritime Museum,2 - Moderate Investment,City Owned,5940,1958-01,1958,1953,"$7,734,584","26,215",295,1,0,The Vancouver Maritime Museum is understood to have been constructed circa 1958 with an addition was constructed circa 1966 along the east portion of the building. The building is largely provided with systems and components originating from the initial building construction.,"The single-storey building, with partial basements, appears to be constructed on spread footings. Where exposed, the superstructure appears to be of cast-in-place concrete and wood and steel construction. No significant deficiencies were observed to suggest differential settlement of the building foundations or movement of the building structure.

The building exterior walls are generally comprised of painted concrete with few brick elevations along the original building and a combination of cedar shakes and window wall assemblies for the addition. The building windows are typically double pane glazing set in aluminum frames throughout the facility. The majority of the access doors are glass doors set in aluminum frames, with a few metal service doors. The roof cover of the original building footprint is a 2-ply modified bituminous roof assembly. The addition is provided with a large sloped roof assembly covered with cedar shakes with skylights at the peak. Overall, the building envelope components appear to be in good to fair condition, with the exception of the wood shake cladding, wood overhead door, and 2-ply roof assembly which are considered to be in poor condition.

The interior finishes in the building include ceramic floor tiles, resilient sheet floor, exposed concrete floor, carpeting, terrazzo, wood flooring, vinyl tile flooring, painted wall assemblies, ceramic wall tiles, painted ceiling assemblies and suspended acoustic tile ceiling assemblies. The interior finishes appear to be in good to fair condition overall, with the exception of the painted floor finishes and the upstairs kitchen vinyl tile flooring which are considered to be in poor condition. The older vintage carpet, commonly observed in the Display area, is considered to be in Critical condition as it presents tripping hazards in its current state.",,1966,,"Reinforced concrete foundation, concrete & wood frame, concrete & masonry brick walls w/built up com",,,,,,,,,,,,,,,,#N/A,,,,,,,,,,,,,,,,,,Regular,,,,,,99,,0,#N/A,#N/A,#N/A,#N/A,#N/A,#N/A,#N/A,#VALUE!,3%,High Occupancy,101-1000,,0.4,High,-123.1479628,49.27755088
76,CULT_1761_240 E Cordova St_Police Museum,240 E Cordova St,,,,,,,,,,Police Museum,1 - Full Investment,City Owned,1761,1932-01,1932,Pre-code,"$4,541,320","15,392",295,2,0,"The Police Museum is understood to have been constructed circa 1932 and is a registered heritage building. The building is largely provided with systems and components originating from the initial building construction. Known renewals include:
- The roof was replaced circa 2013
- Some portions of the interior finishes were upgraded circa 2008","The two-story building with abasement appears to be constructed on spread footings. Where exposed, the superstructure appears to be of wood-framed, and concrete-framed construction.  No significant deficiencies were observed to suggest differential settlement of the building foundations or movement of the building structure.

The building exterior walls are generally comprised of brick masonry walls and painted concrete walls on the building elevations. The building windows are typical of metal and wood-framed single glass units. The exterior entrance doors are typically wood and metal doors set in metal and wood frames. The roof cover is a 2-ply modified bituminous roof assembly. Overall, the building envelope components appear to be in fair condition.

The interior finishes in the building include ceramic floor tiles, vinyl floor tiles, painted concrete floor, carpet flooring, painted wall assemblies, ceramic wall tiles, painted ceiling assemblies, and adhered acoustic tile ceiling assemblies. The interior finishes appear to be in fair condition overall.",A (M),,,Wood Framed,,,,,,,,,,,,,,,,#N/A,,,,,,,,,,,,,,,,,,Regular,,,,,,99,,0,#N/A,#N/A,#N/A,#N/A,#N/A,#N/A,#N/A,#VALUE!,,High Occupancy,101-1000,,0.9,High,-123.0981456,49.28210363
77,CULT_7681_1181 Seymour St_Vancouver International Film Centre,1181 Seymour St,,,,,,,,,,Vancouver International Film Centre,9 - CoV Not Responsible,City Leased,7681,2005-01,2005,2005,"$3,600,562","16,270",221,2,0,,,,,,,,,,,,,,,,,,,,,,#N/A,,,,,,,,,,,,,,,,,,Regular,,,,,,99,,0,#N/A,#N/A,#N/A,#N/A,#N/A,#N/A,#N/A,#VALUE!,,,Unknown,,10,Pre-Screen Low,-123.124951,49.27703664
78,CULT_4304_639 Hornby St_Bill Reid Gallery of Northwest Coast Art,639 Hornby St,,,,,,,,,,Bill Reid Gallery of Northwest Coast Art,9 - CoV Not Responsible,City Leased,4304,2007-01,2007,2005,"$1,956,519","8,841",221,2,1,"*NOTE*: 

•	The attached report is not a capital plan but a tool to assist in developing one.
Actions noted are based on repair or renewal needs identified in an on-site component review.

•	It is expected that if needs occur on critical components before the date on which the report is indicating that they will be addressed and not deferred. Alternately if needs are not present on the date indicated the component will be monitored on an appropriate schedule and the work will be deferred.


•	Component Replacement Values and Action Costs are based on RS Means average for building type and location values for hard costs only. 

•	Overall project scope and detailed budget remains to be fully developed. Values for hazardous materials abatement are not included.  These values do not constitute requested project budgets for the facility.",,,,,,,,,,,,,,,,,,,,,#N/A,,,,,,,,,,,,,,,,,,Regular,,,,,,99,,0,#N/A,#N/A,#N/A,#N/A,#N/A,#N/A,#N/A,#VALUE!,,,Unknown,,10,Pre-Screen Low,-123.1194857,49.28435837
79,CULT_1760_280 E Cordova St_Firehall Arts Theatre,280 E Cordova St,Phase 1,,,,,,,,,Firehall Arts Theatre,1 - Full Investment,City Owned,1760,1906-01,1906,Pre-code,"$5,824,493","12,386",470,2,1,"The fire hall theatre is understood to have been constructed circa 1906 and is a registered heritage building. The building is largely provided with systems and components originating from the initial building construction. Known renewals include:
- The majority of the building was upgraded circa 1995-2000","The two-story building with abasement appears to be constructed on spread footings. Where exposed, the superstructure appears to be of wood-framed, and concrete-framed construction, and open web steel joist in the ceiling. A study and repair are recommended for the building structure and foundation. 

The building exterior walls are generally comprised of brick masonry walls and painted cement walls on the building elevations. The building windows are typical of wood-framed single glass units. The exterior entrance doors are typically wood and metal doors set in metal and wood frames. The roof cover is a 2-ply modified bituminous roof assembly. Overall, the building envelope components appear to be in fair condition.

The interior finishes in the building include ceramic floor tiles, vinyl floor sheets, painted playwood floor, carpet flooring, carpet floor tiles, painted wall assemblies, ceramic wall tiles, painted ceiling assemblies, and suspended acoustic tile ceiling assemblies. The interior finishes appear to be in fair condition overall.",B (M),1998,,"Reinforced concrete foundation, load supporting wood frame post & beam, masonry brick walls w/built",,,,,,,,,,,,,,,,#N/A,,,,,,,,,,,,,,,,,,Regular,,,,,,99,,0,#N/A,#N/A,#N/A,#N/A,#N/A,#N/A,#N/A,#VALUE!,15%,High Occupancy,101-1000,,-0.3,High,-123.0979429,49.28209114
81,CULT_7940_808 Richards St_ArtStarts in Schools,808 Richards St,,,,,,,,,,ArtStarts in Schools,9 - CoV Not Responsible,City Leased,7940,2005-01,2005,2005,"$1,023,516","4,625",221,2,0,,,,,,,,,,,,,,,,,,,,,,#N/A,,,,,,,,,,,,,,,,,,Regular,,,,,,99,,0,#N/A,#N/A,#N/A,#N/A,#N/A,#N/A,#N/A,#VALUE!,,,Unknown,,10,Pre-Screen Low,-123.1179664,49.27985434
82,CULT_1150_1675 Discovery St_Jericho Arts Centre,1675 Discovery St,,,,,,,,,,Jericho Arts Centre,2 - Moderate Investment,City Owned,1150,1920-01,1920,Pre-code,"$1,984,228","5,380",369,2,0,The 1675 Discovery St_Jericho Arts Centre was constructed circa 1920. The building is provided mainly with systems and components originating from the initial building construction.,"The two-storey building constructed on concrete spread footings. The superstructure is a wood structure, floor wood decking system, wood columns, wood stud walls, wood beams and truss roof suspended sloped roof structure with roof sheathing systems. Deficiencies were observed to suggest differential settlement of the building foundations or movement of the building structure. Study and repair action were recommended.

The building exterior walls are generally comprised of wood siding on all elevations. The building windows are typical of fixed and operable single-paned glass units. The external doors are wood solid double- doors and metal single-doors which are mounted to wood and metal frames. The roof cover is a asphalt shingle roofing assembly. The building envelope components appear to be in good condition overall with the exception of the roofing system which is in fair condition.

The interior finishes in the building include vinyl tile flooring, painted wood floor finish, carpet flooring, hardwood flooring, painted wall finish, painted ceiling finish and wood ceiling finish. The building interior finishes appear to be in good condition overall with the exception of the carpet flooring and vinyl tile flooring which are in poor condition.",,1993,,Wood frame w/asphalt shingle roof,,,,,,,,,,,,,,,,#N/A,,,,,,,,,,,,,,,,,,Regular,,,,,,99,,0,#N/A,#N/A,#N/A,#N/A,#N/A,#N/A,#N/A,#VALUE!,,,Unknown,,10,Pre-Screen Low,-123.2030395,49.27232949
83,CULT_7398_555 Nelson St_Contemporary Art Gallery,555 Nelson St,,,,,,,,,,Contemporary Art Gallery,9 - CoV Not Responsible,City Leased,7398,1999-01,1999,1995,"$547,466","5,000",109,2,0,"*NOTE*: 

•	The attached report is not a capital plan but a tool to assist in developing one.
Actions noted are based on repair or renewal needs identified in an on-site component review.

•	It is expected that if needs occur on critical components before the date on which the report is indicating that they will be addressed and not deferred. Alternately if needs are not present on the date indicated the component will be monitored on an appropriate schedule and the work will be deferred.


•	Component Replacement Values and Action Costs are based on RS Means average for building type and location values for hard costs only. 

•	Overall project scope and detailed budget remains to be fully developed. Values for hazardous materials abatement are not included.  These values do not constitute requested project budgets for the facility.",,,,,,,,,,,,,,,,,,,,,#N/A,,,,,,,,,,,,,,,,,,Regular,,,,,,99,,0,#N/A,#N/A,#N/A,#N/A,#N/A,#N/A,#N/A,#VALUE!,,,Unknown,,10,Pre-Screen Low,-123.1210885,49.27830867
85,PARK_1530_7646 Prince Albert St_Moberly Arts & Cultural Centre - Fieldhouse,7646 Prince Albert St,,,,,,,,,,Moberly Arts & Cultural Centre - Fieldhouse,2 - Moderate Investment,City Owned,1530,1958-01,1958,1953,"$1,607,372","5,704",282,1,0,The 7646 Prince Albert St_Moberly Arts & Cultural Centre - Fieldhouse building was constructed circa 1958 with major renovations in 1999. The building is provided mainly with systems and components originating from the initial building construction.,"The single-storey building constructed on concrete spread footings. The superstructure is basement level is likely a reinforced concrete walls suspended  reinforced concrete floor slab. The upper level is likely a wood columns, wood beams and truss roof suspended sloped roof structure with roof sheathing systems. No significant deficiencies were observed to suggest differential settlement of the building foundations or movement of the building structure.

The building exterior walls are generally comprised of wood siding and field stone siding on all elevations . The building windows are typical of fixed and operable single glass units. The external doors are wood single and double-frame doors which are mounted to wood frames. The roof cover is a conventional modified bitumen SBS roofing assembly. Overall, the building envelope components appear to be in good condition.

The interior finishes in the building include vinyl tile, vinyl sheets flooring, painted wall finish, wood wall panels finish, painted ceiling finish and wood ceiling finish. The building interior finishes appear to be in good condition overall with the exception of the painted wall finishes, vinyl tiles floor and painted floor finishes which are in a fair and poor condition.",,1999,,Wood Framed,,,,,,,,,,,,,,,,#N/A,,,,,,,,,,,,,,,,,,Regular,,,,,,99,,0,#N/A,#N/A,#N/A,#N/A,#N/A,#N/A,#N/A,#VALUE!,,,Unknown,,10,Pre-Screen Low,-123.0873377,49.21526954
86,CULT_7423_275 Alexander St_ The Edge_Artist Studios (30 Studios),275 Alexander St,,,,,,,,,, The Edge,9 - CoV Not Responsible,City Owned,7423,1999-01,1999,1995,"$5,178,436","23,400",221,7,0,,,,,,,,,,,,,,,,,,,,,,#N/A,,,,,,,,,,,,,,,,,,Regular,,,,,,99,,0,#N/A,#N/A,#N/A,#N/A,#N/A,#N/A,#N/A,#VALUE!,,,Unknown,,10,Pre-Screen Low,-123.0982666,49.2842445
87,PARK_4325_Stanley Park_Malkin Bowl,Stanley Park,,,,,,,,,,Malkin Bowl,3 - Limited Investment,City Owned,11079,1930-01,1930,Pre-code,"$1,622,789","4,400",369,1,0,"The Malkin Bowl building is understood to have been constructed circa 1930. The building is largely provided with systems and components originating from the initial building construction. Known renewals include:
- The asphalt shingles roof was replaced circa 2010
- Exterior wood siding, windows, doors, and some interior finishes were upgraded circa 1999.","The single-story with a basement building appears to be constructed on spread footings. Where exposed, the superstructure appears to be of wood-framed and masonry construction.  No significant deficiencies were observed to suggest differential settlement of the building foundations or movement of the building structure.

The building exterior walls are generally comprised of wood siding walls on all building elevations. The building windows are typical of wood-framed single glass units. The service doors are hollow metal doors in metal frames. The roof cover is sloped asphalt shingles roof assembly.  Overall, the building envelope components appear to be in fair to good condition.

The interior finishes in the building include vinyl sheet floor, painted concrete floor, painted wall assemblies, painted ceiling assemblies, and acoustic ceiling panels assemblies. The interior finishes appear to be in fair condition overall.",,2010 and 1999,,Wood Framed,,,,,,,,,,,,,,,,#N/A,,,,,,,,,,,,,,,,,,Regular,,,,,,99,,0,#N/A,#N/A,#N/A,#N/A,#N/A,#N/A,#N/A,#VALUE!,15%,,11-100,,0.7,High,-123.1333272,49.29850832
88,CULT_1232_1254 W 7th Av_Hodson Manor,1254 W 7th Av,,,,,,,,,,Hodson Manor,1 - Full Investment,City Owned,1232,1903-01,1903,Pre-code,"$1,751,972","5,938",295,2,0,"The Hodson Manor is understood to have been constructed circa 1903 and is a registered heritage building. The building is largely provided with systems and components originating from the initial building construction. Known renewals include:
- The majority of interior finishes updated circa 2019
- Basement was renovated in 2020
- Roof was replaced circa 2018","The two-story building with a basement appears to be constructed on spread footings. Where exposed, the superstructure appears to be of wood-framed, construction.  No significant deficiencies were observed to suggest differential settlement of the building foundations or movement of the building structure.

The building exterior walls are generally comprised of stone masonry, painted wood siding, and brick chimney on building elevations. The building windows are typical of wood-framed single glass units. The exterior entrance doors are typically glass doors set in wood frames. The roof cover is asphalt shingles roof assembly. Overall, the building envelope components appear to be in good condition.

The interior finishes in the building include carpet floor tiles, vinyl sheet flooring, vinyl floor tiles,, painted wall assemblies, wood wall panels, and painted ceiling assemblies. The interior finishes appear to be in good condition overall.",A (M),1987,,"Concrete foundation, wood frame & walls w/ asphalt shingle roof",,,,,,,,,,,,,,,,#N/A,,,,,,,,,,,,,,,,,,Regular,,,,,,99,,0,#N/A,#N/A,#N/A,#N/A,#N/A,#N/A,#N/A,#VALUE!,,,Unknown,,10,Pre-Screen Low,-123.1326523,49.2649994
89,CULT_1263_1415 Barclay St_Roedde House,1415 Barclay St,,,,,,,,,,Roedde House,1 - Full Investment,City Owned,1263,1/1/1893,1893,Pre-code,"$885,133","3,000",295,2,0,"The Roedde House is understood to have been constructed circa 1893 and is a registered heritage building. The building is largely provided with systems and components originating from the restoration which was completed circa 1990. Upstairs renovation was also completed circa 2000 with known renewals including:
- The majority of main floor interior finishes updated circa 1990 and 2006.
- The majority of second floor interior finishes updated circa 2000.
- Cedar shakes roofing was restored circa 2000.","The two-storey building with crawl space appears to be constructed on spread and continuous footings. Where exposed, the superstructure appears to be of wood-framed, construction.  No significant deficiencies were observed to suggest differential settlement of the building foundations or movement of the building structure.

The building exterior walls are generally comprised of painted wood siding on building elevations. The building windows are typical of wood-framed single glass units. The exterior entrance doors are typically wood doors with single-glass panels. The sloped roof cover is cedar shakes roof assembly with gutters and downspouts. Overall, the building envelope components appear to be in fair condition with the exception of the exterior painted wood finish and the roofing which are in poor condition.

The interior finishes in the building include carpet flooring, vinyl sheet flooring, hard wood flooring, painted walls, wood wall panels, wallpaper finishes, ceramic wall tiles, wood crown moulding, coffered ceiling and painted ceiling assemblies. The interior finishes appear to be in fair condition overall with the exception of the carpet flooring which is in poor condition.",A (M),"1990, 2000",,"Concrete foundation, wood post & beam frame w/wood shingle roof",,,,,,,,,,,,,,,,#N/A,,,,,,,,,,,,,,,,,,Regular,,,,,,99,,0,#N/A,#N/A,#N/A,#N/A,#N/A,#N/A,#N/A,#VALUE!,,,Unknown,,10,Pre-Screen Low,-123.1321381,49.28692384
90,CULT_7163_141 - 2050 Scotia St_Artist Studio @ 2050 Scotia,141 - 2050 Scotia St,,,,,,,,,,Artist Studio @ 2050 Scotia,1 - Full Investment,City Owned,7163,1997-01,1997,1995,"$290,220","2,254",129,1,0,The building was constructed circa 1997. The building was originally provided mainly with systems and components originating from the initial building construction.,"The artist studio is located within a residential/commercial building and the foundation is likely standard foundations bearing on good native firm soil. 

The superstructure, which is generally concealed by interior finishes, is likely cast in place concrete columns, beams, and suspended floor slabs.

The exterior walls consist of metal siding.  The exterior doors include a glazed metal and a hollow metal door. The low sloped roof surfaces over the building are covered with a two-ply modified bituminous roofing assembly .

The interior partitions are painted gypsum wallboard. The interior floor finishes include painted floor finishes. The interior ceiling finishes include painted structure. The interior doors are generally single wood and metal doors set in matching metal frames. 

Overall the architectural systems are in good condition.",,,,Concrete Structure,,,,,,,,,,,,,,,,#N/A,,,,,,,,,,,,,,,,,,Regular,,,,,,99,,0,#N/A,#N/A,#N/A,#N/A,#N/A,#N/A,#N/A,#VALUE!,,,Unknown,,10,Pre-Screen Low,-123.0985886,49.26665112
92,CULT_1464_8743 SW Marine Drive_Colbourne House / Marpole Museum & Historical Society,8743 SW Marine Drive,NOT IN SCOPE,,,,,,,,,Colbourne House / Marpole Museum & Historical Society,1 - Full Investment,Ground Leased,1464,1910-01,1910,Pre-code,"$590,088","2,000",295,1,0,,,B,1999,,,,,,,,,,,,,,,,,,#N/A,,,,,,,,,,,,,,,,,,Regular,,,,,,99,,0,#N/A,#N/A,#N/A,#N/A,#N/A,#N/A,#N/A,#VALUE!,,,Unknown,,10,Pre-Screen Low,-123.1425534,49.20643397
93,CULT_7743_106-1202 E Pender St_Artist Studio @ 1202 East Pender,106-1202 E Pender St,,,,,,,,,,Artist Studio @ 1202 East Pender,1 - Full Investment,City Owned,7743,1999-01,1999,1995,"$154,010","1,500",103,2,0,The building was constructed circa 1999. The building was provided mainly with systems and components originating from the initial building construction.,"The two-storey building foundation are likely standard foundations and the first floor slab appears to be cast in place concrete continuously supported by a moisture barrier on a free draining gravel. A visual site confirmation to determine if the element is a potential structural slab was not possible.

The two-storey building is likely be floor slabs with cast in place concrete columns, beams with corrugated steel deck floor.

The exterior walls consist of metal siding. The exterior doors include glazed aluminum door .

The interior partitions are painted gypsum wallboard.

The interior floor finishes include painted concrete floor. The interior ceiling finishes include painted gypsum board. The interior doors are generally single wood doors set in wood frames.",,2009,,Concrete Structure,,,,,,,,,,,,,,,,#N/A,,,,,,,,,,,,,,,,,,Regular,,,,,,99,,0,#N/A,#N/A,#N/A,#N/A,#N/A,#N/A,#N/A,#VALUE!,,,Unknown,,10,Pre-Screen Low,-123.0789122,49.28026971
94,CULT_6661_303 - 272 E 4th Av_Artist Studio @ 272 East 4th,303 - 272 E 4th Av,,,,,,,,,,Artist Studio @ 272 East 4th,2 - Moderate Investment,City Owned,6661,1995-01,1995,1995,"$172,688","1,500",115,1,0,,,,,,,,,,,,,,,,,,,,,,#N/A,,,,,,,,,,,,,,,,,,Regular,,,,,,99,,0,#N/A,#N/A,#N/A,#N/A,#N/A,#N/A,#N/A,#VALUE!,,,Unknown,,10,Pre-Screen Low,-123.0990677,49.2670288
95,CULT_1547_2300 Cornwall Av_Kitsilano Showboat,2300 Cornwall Av,,,,,,,,,,Kitsilano Showboat,3 - Limited Investment,City Owned,1547,1975-01,1975,1975,"$457,331","1,240",369,1,0,The building was constructed circa 1975. The building is provided mainly with systems and components originating from the initial building construction.,"The single-storey building and bleachers foundation are likely standard foundations and the first floor slab appears to be cast in place concrete continuously supported by a moisture barrier on a free draining gravel. A visual site confirmation to determine if the element is a potential structural slab was not possible.

The single-storey building is likely be wood truss roof with wood roof sheathing systems supported on brick and concrete masonry unit (CMU) load-bearing walls.

The exterior walls consist of wood siding and exterior coatings. The exterior doors include hollow metal single-doors . The roof covering includes asphalt shingle roofing and conventional modified bitumen roofing.

The interior partitions are painted masonry walls, and gypsum wallboard. 

The interior floor finishes include sealed concrete floor. The interior ceiling finishes include painted gypsum board and wood ceiling.",,2000,,Masonry Walls,,,,,,,,,,,,,,,,#N/A,,,,,,,,,,,,,,,,,,Regular,,,,,,99,,0,#N/A,#N/A,#N/A,#N/A,#N/A,#N/A,#N/A,#VALUE!,,,Unknown,,10,Pre-Screen Low,-123.1582862,49.27340709
96,CULT_1475_1755 Beach Av_Haywood Bandstand,1755 Beach Av,,,,,,,,,,Haywood Bandstand,1 - Full Investment,City Owned,1475,1914-01,1914,Pre-code,"$147,515","1,000",148,1,0,The 1755 Beach Av Haywood Bandstand Building was constructed circa 1914. The building is provided mainly with systems and components originating from the initial building construction and renos in 1988.,"The single-story building appears to be constructed on spread concrete footings with a slab on grade. The superstructure seems to be of wood walls and wood joists with wood deck floor and roof sheathing systems.  No significant deficiencies were observed to suggest differential settlement of the building foundations or movement of the building structure.
 
The building's exterior walls generally comprise of painted wood guardrails on the building elevations. The service door is wood construction in a wood frame. The roof covers include wood shingle roof assembly. Overall, the building envelope components appear to be in good condition except roof organic growth.

The interior finishes in the building include painted flooring, and painted ceiling assemblies. Overall, the interior finishes appear to be in fair condition.",A (M),1988,,Wood Framed,,,,,,,,,,,,,,,,#N/A,,,,,,,,,,,,,,,,,,Regular,,,,,,99,,0,#N/A,#N/A,#N/A,#N/A,#N/A,#N/A,#N/A,#VALUE!,,,Unknown,,10,Pre-Screen Low,-123.142078,49.28554212
97,CULT_8424_750 Hamilton St_CBC Amenity Space,750 Hamilton St,,,,,,,,,,CBC Amenity Space,9 - CoV Not Responsible,City Leased,8424,2010-01,2010,2010,"$2,501,090","8,477",295,4,1,,,,,,,,,,,,,,,,,,,,,,#N/A,,,,,,,,,,,,,,,,,,Regular,,,,,,99,,0,#N/A,#N/A,#N/A,#N/A,#N/A,#N/A,#N/A,#VALUE!,,,Unknown,,10,Pre-Screen Low,-123.1142299,49.27952524
98,CULT_4299_837 Davie St_Canadian Music Centre,837 Davie St,,,,,,,,,,Canadian Music Centre,9 - CoV Not Responsible,City Leased,4299,2000-01,2000,1995,"$1,475,221","5,000",295,2,0,,,,,,,,,,,,,,,,,,,,,,#N/A,,,,,,,,,,,,,,,,,,Regular,,,,,,99,,0,#N/A,#N/A,#N/A,#N/A,#N/A,#N/A,#N/A,#VALUE!,,,,,10,Pre-Screen Low,-123.1276723,49.27842807
101,ENEX_7312_100 N Renfrew St_PNE - Pacific Coliseum,100 N Renfrew St,,,,,,,,,,PNE - Pacific Coliseum,2 - Moderate Investment,City Owned,7312,1968-01,1968,1965,"$49,426,453","136,000",363,5,0,"The buildings are largely provided with systems and components originating from the initial building construction. Known renewals include:
- Partial interior finishes circa 2008
- The renovation of the all public washrooms circa 2008
- Single-ply TPO roof replaced circa 2008
- Slope asphalt shingles roof replaced circa 2009
- Fixed furnishings replaced circa 2007
- The renovation of the Mezz level circa 2008 and 2018","The exterior walls of the building are mainly cast in place, pre-cast and masonry concrete, concrete brick infill and metal cladding. The windows are typically single unit with aluminium frame. Exterior access doors are combination of metal and wood construction and metal frame glazed doors. The roofs elevations are covered with single-ply TPO, asphalt shingles and modified bitumen membrane roof. The interior finishes throughout the building include vinyl sheets flooring, vinyl tiles flooring, exposed concrete flooring, carpet flooring, wood flooring and ceramic tiles flooring, painted concrete and drywall finishes, ceramic tiles wall finishes, paper wall finishes, painted ceiling assemblies, suspended acoustical ceiling tiles.",,1985-2007,,Concrete Structure,,,,,,,,,,,,,,,,#N/A,,,,,,,,,,,,,,,,,,Regular,,,,,,99,,0,#N/A,#N/A,#N/A,#N/A,#N/A,#N/A,#N/A,#VALUE!,13%,High Occupancy-A,1000+,,-0.3,High,-123.0427452,49.28594549
102,PARK_1302_4601 Ontario St_Nat Bailey Stadium,4601 Ontario St,,,,,,,,,,Nat Bailey Stadium,9 - CoV Not Responsible,City Owned,1302,1951-01,1951,1941,"$22,023,846","60,600",363,2,0,The 4601 Ontario St_Nat Bailey Stadium building was constructed circa 1951. The building is provided mainly with systems and components originating from the initial building construction.,"The 1951 two-storey building constructed on concrete spread footings, the foundation walls are poured concrete walls with concrete slab on grade. The superstructure is a cast in place reinforced concrete columns, beams, suspended floor concrete, masonry block (CMU) walls  and the building’s roof structure consists of wood decking supported on steel trusses and open web steel joists with roof sheathing systems.  
Deficiencies were observed to the building structure. Study and repair were recommended.

The 2015 single-storey building constructed on concrete spread footings. The superstructure is constructed of steel columns, beams with corrugated steel deck and slopped roof floor systems. No significant deficiencies were observed to suggest differential settlement of the building foundations or movement of the building structure.

The building exterior walls are generally comprised of wood siding and exterior coatings siding on all elevations .The building windows are typical of fixed and operable single glass units. The external doors are metal hollow core double- doors mounted to a metal frames and wood solid single-doors mounted in wood frames .The main roof cover is a conventional single ply membrane TBO roofing system and conventional SBS modified bitumen roofing assembly on the external north side canopy. The building envelope components appear to be in good condition overall with the exception of exterior windows and canopy roofing which are in fair condition and the Visitor's and Home's Dug-Out exterior single doors which are in poor condition.

The interior finishes in the building include painted concrete flooring, wood laminate floor tiles carpet flooring and ceramic floor tiling, painted wall finish, painted ceiling finish, suspended acoustic ceiling tiles and wood ceiling finish. The building interior finishes appear to be in fair condition overall with the exception of the painted floor concrete and acoustic ceiling tiles in the washrooms which are in a poor condition.",,2009,,Concrete Structure,,,,,,,,,,,,,,,,#N/A,,,,,,,,,,,,,,,,,,Regular,,,,,,99,,0,#N/A,#N/A,#N/A,#N/A,#N/A,#N/A,#N/A,#VALUE!,13%,High Occupancy,1000+,,-0.1,High,-123.1061478,49.24331397
103,DAYC_8378_825 Homer St_Atelier Children's Centre,825 Homer St,Phase 1,,,,,,,,,Atelier Children's Centre,1 - Full Investment,City Owned,8378,2010-01,2010,2010,"$1,976,058","7,966",248,1,0,The building was constructed circa 2010. The building was originally provided mainly with systems and components originating from the initial building construction.,"The building foundation are likely standard foundations and the basement floor slab appears to be cast in place concrete continuously supported by a moisture barrier on a free draining gravel. The building is likely be cast in place reinforced concrete columns, beams, and suspended floor and roof slabs with roof sheathing system.

The exterior walls consist of  window walls. The exterior doors include glazed metal doors and hollow metal doors. 

The interior partitions are painted masonry walls, and gypsum wallboard. The interior floor finishes include carpet floor and vinyl sheet floor finishes. The interior ceiling finishes include suspended acoustic ceiling panel. The interior doors are generally single and double wood and metal doors set in matching wood and metal frames.",,,,Concrete Structure,,,,,,,,,,,,,,,,#N/A,,,,,,,,,,,,,,,,,,Regular,,,,,,99,,0,#N/A,#N/A,#N/A,#N/A,#N/A,#N/A,#N/A,#VALUE!,,,Unknown,,10,Pre-Screen Low,-123.1179144,49.27920271
104,DAYC_8133_1170 W Pender St_Sapphire Children's Centre,1170 W Pender St,Phase 1,,,,,,,,,Sapphire Children's Centre,9 - CoV Not Responsible,City Leased,8133,2009-01,2009,2005,"$2,080,244","8,386",248,1,0,,,,,,,,,,,,,,,,,,,,,,#N/A,,,,,,,,,,,,,,,,,,Regular,,,,,,99,,0,#N/A,#N/A,#N/A,#N/A,#N/A,#N/A,#N/A,#VALUE!,,,Unknown,,10,Pre-Screen Low,-123.122867,49.2880322
105,DAYC_6856_188 Drake St_Dorothy Lam Children's Centre,188 Drake St,Phase 1,,,,,,,,,Dorothy Lam Children's Centre,1 - Full Investment,City Owned,6856,1998-01,1998,1995,"$2,232,554","9,000",248,2,0,,,,,,"Concrete foundation, reinforced concrete & partial masonry frame w/built up composition roof",,,,,,,,,,,,,,,,#N/A,,,,,,,,,,,,,,,,,,Regular,,,,,,99,,0,#N/A,#N/A,#N/A,#N/A,#N/A,#N/A,#N/A,#VALUE!,,,Unknown,,10,Pre-Screen Low,-123.122808,49.27225368
106,DAYC_7899_1451 Homer St_Sea Star Children's Centre,1451 Homer St,Phase 1,,,,,,,,,Sea Star Children's Centre,1 - Full Investment,City Owned,7899,2009-01,2009,2005,"$2,040,058","8,224",248,2,0,The building was constructed circa 2009. The building was provided mainly with systems and components originating from the initial building construction.,"The building foundation are likely concrete reinforced piles with pilasters and grade beams. the basement floor slab appears to be cast in place reinforced concrete continuously supported by a moisture barrier on a free draining gravel layer/ engineered fill. The building structure is supported on foundation walls consisting of cast in place reinforced concrete bearing on footings. The building’s upper floor structure consists of cast in place reinforced concrete slabs supported on cast in place reinforced concrete beams and columns. The building’s roof structure consists of corrugated steel metal roof deck supported on wood Glulam beams.

The exterior walls consist of metal siding, Masonry sandstone siding and window walls.  The exterior doors include glazed metal doors and hollow metal doors. Low-sloped roof surfaces are covered with an inverted roofing and a single ply membrane assembly.

The interior partitions are painted masonry walls, and gypsum wallboard. Other interior wall finishes include ceramic tiles. The interior floor finishes include painted concrete floor, ceramic tile floor, carpet floor and vinyl sheet floor finishes. The interior ceiling finishes include suspended acoustic ceiling panel, painted structure and gypsum board. The interior doors are generally single and double wood and metal doors set in matching wood and metal frames.",,,,Concrete Structure,,,,,,,,,,,,,,,,#N/A,,,,,,,,,,,,,,,,,,Regular,,,,,,99,,0,#N/A,#N/A,#N/A,#N/A,#N/A,#N/A,#N/A,#VALUE!,,,Unknown,,10,Pre-Screen Low,-123.1264345,49.272342
107,DAYC_7170_1011 Marinaside Crescent_Quayside Daycare,1011 Marinaside Crescent,Phase 1,,,,,,,,,Quayside Daycare,1 - Full Investment,City Leased,7170,1998-01,1998,1995,"$1,736,431","7,000",248,1,0,,,,,,,,,,,,,,,,,,,,,,#N/A,,,,,,,,,,,,,,,,,,Regular,,,,,,99,,0,#N/A,#N/A,#N/A,#N/A,#N/A,#N/A,#N/A,#VALUE!,,,Unknown,,10,Pre-Screen Low,-123.1154736,49.27335163
108,DAYC_7871_150 N Renfrew St_Hastings Park Childcare Centre,150 N Renfrew St,Phase 1,,,,,,,,,Hastings Park Childcare Centre,9 - CoV Not Responsible,City Owned,7871,2011-01,2011,2010,"$1,753,299","7,068",248,1,0,,,,,,,,,,,,,,,,,,,,,,#N/A,,,,,,,,,,,,,,,,,,Regular,,,,,,99,,0,#N/A,#N/A,#N/A,#N/A,#N/A,#N/A,#N/A,#VALUE!,,,Unknown,,10,Pre-Screen Low,-123.0420094,49.28682909
109,DAYC_3210_7760 Stikine Place_Champlain Child Development Centre,7760 Stikine Place,Phase 1,,Lei and Monrit,,,,,,,Champlain Child Development Centre,2 - Moderate Investment,City Owned,3210,1984-01,1984,1980,"$793,797","4,248",187,1,0,"Champlain Child Development Centre is understood to have been constructed circa 1984. Multiple other renovation projects were also undertaken, details of which could not be confirmed at the time of the assessment.","The single-storey building appears to be constructed on continuous concrete footing. Where exposed, the superstructure appears to be of wood framed construction.  No significant deficiencies were observed to suggest differential settlement of the building foundations or movement of the building structure.

The building exterior walls are generally comprised of load bearing wood framing with wood siding finish. The original building windows are typically of metal with double-glazing. The new windows are typically vinyl with double-glazing. The exterior entrance and exit  doors are typically hollow metal doors set in metal frames. The roof cover is a metal standing seam roofing with gutters and downspouts. Overall, the building envelope components appear to be in good condition.

The interior finishes in the building include carpet and vinyl floor, painted wall assemblies and painted ceiling assemblies. The interior finishes appear to be in fair to good condition overall, with the exception of the original exterior windows, carpet and vinyl floor which were in poor condition.",,N/A,N/A,"Concrete foundation, wood frame w/metal roof",Concrete wall,,,CSW,CSW,3,4,N/A,N/A,N/A,5.5,,1.3,Care/treatment,,#N/A,Y,C,,,4248.4,4248.4,,,,N/A,26,0,None,,,,,Regular,,,,,,99,,4248.4,#N/A,#N/A,#N/A,4301.863596,5735.818128,#N/A,2.3,#VALUE!,0.01%,,11-100,,3.9,Low,-123.0310922,49.21468931
110,DAYC_7277_533 E Hastings St_Crabtree Daycare,533 E Hastings St,Phase 1,,,,,,,,,Crabtree Daycare,9 - CoV Not Responsible,City Leased,7277,2003-01,2003,1995,"$1,488,369","6,000",248,5,0,,,,,,,,,,,,,,,,,,,,,,#N/A,,,,,,,,,,,,,,,,,,Regular,,,,,,99,,0,#N/A,#N/A,#N/A,#N/A,#N/A,#N/A,#N/A,#VALUE!,,,Unknown,,10,Pre-Screen Low,-123.0923683,49.28137865
111,DAYC_7587_1475 Burrard St_Little Beach Childcare,1475 Burrard St,Phase 1,,,,,,,,,Little Beach Childcare,1 - Full Investment,City Owned,7587,2003-01,2003,1995,"$1,081,796","4,361",248,2,0,The Little Beach Childcare is understood to have been constructed circa 2003.,"The two-story building appears to be constructed on spread footings. Where exposed, the superstructure appears to be of wood construction. No significant deficiencies were observed to suggest differential settlement of the building foundations or movement of the building structure.

The building exterior walls are generally comprised of metal siding on all building elevations. The building windows are typically of vinyl framed insulated glass units (IGUs). The exterior entrance doors are typically metal doors. The roof cover is a SBS and asphalt shingle roof assembly. Overall, the building envelope components appear to be in good condition. 

The interior finishes in the building include carpet floor tiles, vinyl sheet flooring, vinyl wall panel and suspended acoustical ceiling tiles assemblies. The interior finishes appear to be in good condition overall.",,,,Wood Framed,,,,,,,,,,,,,,,,#N/A,,,,,,,,,,,,,,,,,,Regular,,,,,,99,,0,#N/A,#N/A,#N/A,#N/A,#N/A,#N/A,#N/A,#VALUE!,,,Unknown,,10,Pre-Screen Low,-123.1336929,49.27626588
112,DAYC_3423_2615 Cambie St_City Hall Child Care,2615 Cambie St,Phase 1,,,,,,,,,City Hall Child Care,1 - Full Investment,City Owned,3423,1988-01,1988,1985,"$986,541","3,977",248,1,0,The City Hall Child Care building is understood to have been constructed circa 1988.,"The single-storey building appears to be incorporated into the larger reinforced concrete parking garage structure. No significant deficiencies were observed to suggest differential settlement of the building foundations or movement of the building structure.

The building exterior walls are generally comprised of brick masonry with double pane windows and a combination of glass and metal panel doors. The roof coverages includes a green roof assembly, sloped metal panels, fabric canopies, and planter linings. Overall, the building envelope components appear to be in fair to good condition, 

The interior finishes in the building include resilient sheet flooring, carpeting, vinyl tile flooring, painted wall assemblies, ceramic wall tiles, pre-finished wall panels, painted ceiling assemblies and suspended acoustic tile ceiling assemblies. The interior finishes appear to be in fair to good condition overall.",,2017 - HVAC,,Concrete Structure,,,,,,,,,,,,,,,,#N/A,,,,,,,,,,,,,,,,,,Regular,,,,,,99,,0,#N/A,#N/A,#N/A,#N/A,#N/A,#N/A,#N/A,#VALUE!,4%,High Occupancy,101-1000,,1.4,Medium,-123.1156709,49.26141887
113,DAYC_8413_200-581 Cardero St_Bayshore Gardens' Children's Centre,200-581 Cardero St,Phase 1,,,,,,,,,Bayshore Gardens' Children's Centre,1 - Full Investment,City Owned,8413,2006-01,2006,2005,"$1,389,144","5,600",248,8,0,The building was constructed circa 2018. The building was provided mainly with systems and components originating from the initial building construction.,"The building foundation are likely standard foundations. The building is likely be cast in place reinforced concrete columns, beams, and suspended floor and roof slabs.

The exterior walls consist of window walls and precast concrete panels. The exterior doors include glazed aluminum doors. 

The interior partitions are painted masonry walls, and gypsum wallboard. The interior floor finishes include sealed concrete floor, carpet floor and vinyl floor finishes. The interior ceiling finishes include suspended acoustic ceiling panel. The interior doors are generally single and double wood doors set in matching wood frames.",,,,Concrete Structure,,,,,,,,,,,,,,,,#N/A,,,,,,,,,,,,,,,,,,Regular,,,,,,99,,0,#N/A,#N/A,#N/A,#N/A,#N/A,#N/A,#N/A,#VALUE!,,,Unknown,,10,Pre-Screen Low,-123.1303205,49.29132829
114,DAYC_8250_4103 Brant St_Learning Tree Daycare,4103 Brant St,Phase 1,,,,,,,,,Learning Tree Daycare,9 - CoV Not Responsible,City Owned,8250,2009-01,2009,2005,"$1,240,308","5,000",248,1,0,,,,,,,,,,,,,,,,,,,,,,#N/A,,,,,,,,,,,,,,,,,,Regular,,,,,,99,,0,#N/A,#N/A,#N/A,#N/A,#N/A,#N/A,#N/A,#VALUE!,,,Unknown,,10,Pre-Screen Low,-123.0582457,49.24855186
115,DAYC_10388_680 Abbott St_International Village Children's Centre,680 Abbott St,Phase 1,,,,,,,,,International Village Children's Centre,1 - Full Investment,City Leased,10388,2009-01,2009,2005,"$1,940,585","7,823",248,2,1,The building was constructed circa 2009. The building was provided mainly with systems and components originating from the initial building construction.,"The two-storey building foundation is likely standard deep foundations and the first floor slab appears to be cast in place concrete continuously supported by a moisture barrier on a free draining gravel.  The two-storey building is likely be cast in place reinforced concrete columns, beams, and suspended floor and roof slabs.

The exterior walls consist of  composite fiber panels and window walls.  The exterior doors include glazed metal doors. The exterior windows are insulated double-paned glazing units.

The interior partitions are painted masonry walls, and gypsum wallboard. The interior floor finishes include carpet floor and vinyl sheet floor finishes.  The interior wall finishes include paint and ceramic tiles. The interior ceiling finishes include suspended acoustic ceiling panel and painted structure and gypsum board. The interior doors are generally single and double wood and metal doors set in matching wood and metal frames.",,2009,,Concrete Structure,,,,,,,,,,,,,,,,#N/A,,,,,,,,,,,,,,,,,,Regular,,,,,,99,,0,#N/A,#N/A,#N/A,#N/A,#N/A,#N/A,#N/A,#VALUE!,,,Unknown,,10,Pre-Screen Low,-123.1066781,49.27877552
117,DAYC_8099_515 - 1067 W Cordova St_Shaw Tower Children's Centre,515 - 1067 W Cordova St,Phase 1,,,,,,,,,Shaw Tower Children's Centre,9 - CoV Not Responsible,City Leased,8099,2005-01,2005,2005,"$1,075,595","4,336",248,14,0,,,,,,,,,,,,,,,,,,,,,,#N/A,,,,,,,,,,,,,,,,,,Regular,,,,,,99,,0,#N/A,#N/A,#N/A,#N/A,#N/A,#N/A,#N/A,#VALUE!,,,Unknown,,10,Pre-Screen Low,-123.1178284,49.2883987
118,DAYC_1474_975 Lagoon Drive_Pooh Corner Daycare,975 Lagoon Drive,Phase 1,,,,,,,,,Pooh Corner Daycare,1 - Full Investment,City Owned,1474,1906-01,1906,Pre-code,"$1,091,223","4,399",248,1,0,"Pooh Corner Daycare is understood to have been constructed circa 1906 and is a registered heritage building. The building is largely provided with systems and components originating from the initial building construction. Known renewals include:
- The majority of the exterior and interior portions of the building was renovated circa 2002","The two-story building with a basement appears to be constructed on spread footings. Where exposed, the superstructure appears to be of wood-framed construction.  No significant deficiencies were observed to suggest differential settlement of the building foundations or movement of the building structure.

The building exterior walls are generally comprised of wood siding and shingles on the building elevations. The building windows are typical of wood-framed insulated glass units (IGUs) and some wood frame single glass windows. The exterior entrance doors are typically painted metal doors with glass infill. The roof cover is a cedar shingles roof assembly.  Overall, the building envelope components appear to be in fair condition.

The interior finishes in the building include vinyl sheet flooring, exposed concrete floor, carpet flooring, hardwood flooring, painted wall assemblies, ceramic wall tiles, wood wall panels, vinyl sheet wall, painted ceiling assemblies, wood ceiling and adhered acoustic tile ceiling assemblies. The interior finishes appear to be in fair to good condition overall.",B,2002,,Wood Framed,,,,,,,,,,,,,,,,#N/A,,,,,,,,,,,,,,,,,,Regular,,,,,,99,,0,#N/A,#N/A,#N/A,#N/A,#N/A,#N/A,#N/A,#VALUE!,,,Unknown,,10,Pre-Screen Low,-123.1410897,49.29326393
119,DAYC_6326_1192 Quebec St_Citygate Child Care Centre,1192 Quebec St,Phase 1,,,,,,,,,Citygate Child Care Centre,9 - CoV Not Responsible,City Leased,6326,1993-01,1993,1990,"$624,867","2,519",248,1,0,,,,,,,,,,,,,,,,,,,,,,#N/A,,,,,,,,,,,,,,,,,,Regular,,,,,,99,,0,#N/A,#N/A,#N/A,#N/A,#N/A,#N/A,#N/A,#VALUE!,,,Unknown,,10,Pre-Screen Low,-123.1012709,49.27386015
120,DAYC_6819_2708 Duke St_Duke St Childcare Centre,2708 Duke St,Phase 1,,,,,,,,,Duke St Childcare Centre,3 - Limited Investment,City Owned,6819,1995-01,1995,1995,"$759,068","3,060",248,1,0,The Duke St Childcare Centre is understood to have been constructed circa 1995.,"The single-storey prefabricated structure is constructed on blocks/skids and includes siding, skirting and wood decks.  No significant deficiencies were observed to suggest differential settlement of the building foundations or movement of the building structure.

The building exterior walls are generally comprised of wood and metal siding on all building elevations. The building windows are typically of vinyl framed insulated glass units (IGUs). The exterior entrance doors are typically metal doors. The roof cover is a SBS roof assembly. Overall, the building envelope components appear to be in good condition. 

The interior finishes in the building include carpet floor tiles, vinyl floor tiles and sheet flooring, vinyl wall panel and adhered acoustical ceiling tiles assemblies. The interior finishes appear to be in good condition overall, with the exception of vinyl floor tiles which are in fair condition.",,,,Wood Framed,,,,,,,,,,,,,,,,#N/A,,,,,,,,,,,,,,,,,,Regular,,,,,,99,,0,#N/A,#N/A,#N/A,#N/A,#N/A,#N/A,#N/A,#VALUE!,,,Unknown,,10,Pre-Screen Low,-123.0500287,49.23889859
121,DAYC_6489_7715 Muirfield Drive_Bobolink Kids Care Preschool,7715 Muirfield Drive,Phase 1,,,,,,,,,Bobolink Kids Care Preschool,3 - Limited Investment,City Owned,6489,1995-01,1995,1995,"$645,952","2,604",248,1,0,The Bobolink Kids Care Preschool is understood to have been constructed circa 1995.,"The three single-storey prefabricated office trailers are constructed on blocks/skids and includes siding, skirting and wood decks.  No significant deficiencies were observed to suggest differential settlement of the building foundations or movement of the building structure.

The building exterior walls are generally comprised of wood siding on all building elevations. The building windows are typically of vinyl framed insulated glass units (IGUs). The exterior entrance doors are typically metal doors. The roof cover is a built-up roof assembly. Overall, the building envelope components appear to be in good condition. 

The interior finishes in the building include carpet flooring, vinyl sheet flooring, vinyl wall panel and adhered acoustical ceiling tiles assemblies. The interior finishes appear to be in fair condition overall.",,,,Wood Framed,,,,,,,,,,,,,,,,#N/A,,,,,,,,,,,,,,,,,,Regular,,,,,,99,,0,#N/A,#N/A,#N/A,#N/A,#N/A,#N/A,#N/A,#VALUE!,,,Unknown,,10,Pre-Screen Low,-123.0573762,49.21416753
122,DAYC_1018_1164 Comox St_Mole Hill Daycare,1164 Comox St,Phase 1,,,,,,,,,Mole Hill Daycare,1 - Full Investment,City Leased,1018,2002-01,2002,1995,"$755,595","3,046",248,2,0,"The building is classified as Heritage Group B.  The building foundation, structure and exterior finishes are original and a major renovation was completed in 2002.","The two-storey building foundation are likely standard foundations bearing on good native firm soil. The basement floor slab appears to be cast in place concrete continuously supported by a moisture barrier on a free draining gravel.

The superstructure, which is generally concealed by interior finishes, is likely wood-framed where wood stud walls and columns support the suspended wood framed floor structure and roof structure.

The exterior walls consist of wood siding.  The exterior doors include glazed wood doors and hollow metal doors. Pitched roof surfaces over the building are covered with wood shakes.

The interior partitions are painted gypsum wallboard. The interior floor finishes include carpet floor and vinyl floor finishes. The interior ceiling finishes include painted structure and gypsum board. The interior doors are generally single and double wood and metal doors set in matching wood and metal frames.",A,2002,,Wood Framed,,,,,,,,,,,,,,,,#N/A,,,,,,,,,,,,,,,,,,Regular,,,,,,99,,0,#N/A,#N/A,#N/A,#N/A,#N/A,#N/A,#N/A,#VALUE!,,,Unknown,,10,Pre-Screen Low,-123.1309214,49.28263014
123,NONM_7581_65 E Hastings St_Raincity Housing and Support Soc,65 E Hastings St,,,,,,,,,,Raincity Housing and Support Soc,9 - CoV Not Responsible,City Leased,7581,2009-01,2009,2005,"$831,502","3,352",248,1,0,,,,,,,,,,,,,,,,,,,,,,#N/A,,,,,,,,,,,,,,,,,,Regular,,,,,,99,,0,#N/A,#N/A,#N/A,#N/A,#N/A,#N/A,#N/A,#VALUE!,,,Unknown,,10,Pre-Screen Low,-123.1029281,49.28169161
124,DAYC_4889_1200 W 73rd Av_Shannon Daycare,1200 W 73rd Av,Phase 1,,,,,,,,,Shannon Daycare,9 - CoV Not Responsible,City Leased,4889,1975-01,1975,1975,"$512,991","2,068",248,1,0,,,,,,,,,,,,,,,,,,,,,,#N/A,,,,,,,,,,,,,,,,,,Regular,,,,,,99,,0,#N/A,#N/A,#N/A,#N/A,#N/A,#N/A,#N/A,#VALUE!,,,Unknown,,10,Pre-Screen Low,-123.1336212,49.2039986
125,DAYC_6414_2075 Woodland Drive_Grandview Terrace Childcare,2075 Woodland Drive,Phase 1,,,,,,,,,Grandview Terrace Childcare,3 - Limited Investment,City Owned,6414,1992-01,1992,1990,"$667,285","2,690",248,1,0,The building was constructed circa 1992. The building was originally provided mainly with systems and components originating from the initial building construction.,"The single-storey building foundation are likely standard foundations bearing on good native soil. The building structure likely consists of wood studs/columns and wood beams supporting wood floor/roof deck. 

The exterior walls consist of composite cement board panels.  The exterior doors include glazed vinyl doors and hollow metal doors. 

The interior partitions are painted gypsum wallboard. The interior floor finishes include carpet floor and vinyl sheet floor finishes. The interior ceiling finishes include suspended acoustic ceiling panel. The interior doors are generally single and double wood set in matching wood frames.",,2018,,Wood frame & roof,,,,,,,,,,,,,,,,#N/A,,,,,,,,,,,,,,,,,,Regular,,,,,,99,,0,#N/A,#N/A,#N/A,#N/A,#N/A,#N/A,#N/A,#VALUE!,,,Unknown,,10,Pre-Screen Low,-123.073976,49.26568614
127,DAYC_1816_8064 Buscombe St_Sunset Daycare,8064 Buscombe St,NOT IN SCOPE,,,,,,,,,Sunset Daycare,9 - CoV Not Responsible,Ground Leased,1816,2005-01,2005,2005,"$902,448","3,638",248,1,0,,,,,,,,,,,,,,,,,,,,,,#N/A,,,,,,,,,,,,,,,,,,Regular,,,,,,99,,0,#N/A,#N/A,#N/A,#N/A,#N/A,#N/A,#N/A,#VALUE!,,,Unknown,,10,Pre-Screen Low,-123.0949544,49.21178279
128,DAYC_4303_100-1140 W Pender St_West Pender Daycare,100-1140 W Pender St,Phase 1,,,,,,,,,West Pender Daycare,9 - CoV Not Responsible,City Leased,4303,1984-01,1984,1980,"$162,027","1,677",97,2,0,,,,,,,,,,,,,,,,,,,,,,#N/A,,,,,,,,,,,,,,,,,,Regular,,,,,,99,,0,#N/A,#N/A,#N/A,#N/A,#N/A,#N/A,#N/A,#VALUE!,,,Unknown,,10,Pre-Screen Low,-123.1220147,49.28784572
129,DAYC_8250_4107 Brant St_Playhouse Daycare,4107 Brant St,Phase 1,,,,,,,,,Playhouse Daycare,1 - Full Investment,City Owned,8250,1994-01,1994,1990,"$623,130","2,512",248,1,0,The Playhouse Daycare is understood to have been constructed circa 1994.,"The single-storey prefabricated structure is constructed on blocks/skids and includes siding, skirting and wood decks.  No significant deficiencies were observed to suggest differential settlement of the building foundations or movement of the building structure.

The building exterior walls are generally comprised of wood siding on all building elevations. The building windows are typically of vinyl framed insulated glass units (IGUs). The exterior entrance doors are typically metal doors. The roof cover is a SBS roof assembly. Overall, the building envelope components appear to be in good condition. 

The interior finishes in the building include carpet flooring, vinyl sheet flooring, vinyl wall panel and adhered acoustical ceiling tiles assemblies. The interior finishes appear to be in fair condition overall.",,,,Wood Framed,,,,,,,,,,,,,,,,#N/A,,,,,,,,,,,,,,,,,,Regular,,,,,,99,,0,#N/A,#N/A,#N/A,#N/A,#N/A,#N/A,#N/A,#VALUE!,,,Unknown,,10,Pre-Screen Low,-123.0582598,49.24834451
131,DAYC_3424_1399 Fountain Way_False Creek Daycare,1399 Fountain Way,Phase 1,,,,,,,,,False Creek Daycare,9 - CoV Not Responsible,City Leased,3424,1978-01,1978,1977,"$193,447","1,329",146,1,0,,,,,,,,,,,,,,,,,,,,,,#N/A,,,,,,,,,,,,,,,,,,Regular,,,,,,99,,0,#N/A,#N/A,#N/A,#N/A,#N/A,#N/A,#N/A,#VALUE!,,,Unknown,,10,Pre-Screen Low,-123.1350937,49.2680511
132,DAYC_1196_2041 W 6th Av_Kitsilano Area Childcare Society,2041 W 6th Av,Phase 1,,,,,,,,,Kitsilano Area Childcare Society,9 - CoV Not Responsible,City Owned,1196,2005-01,2005,2005,"$496,123","2,000",248,1,0,,,,,,,,,,,,,,,,,,,,,,#N/A,,,,,,,,,,,,,,,,,,Regular,,,,,,99,,0,#N/A,#N/A,#N/A,#N/A,#N/A,#N/A,#N/A,#VALUE!,,,Unknown,,10,Pre-Screen Low,-123.1514591,49.26664145
133,DAYC_2006_2908 Victoria Drive_Boat Daycare,2908 Victoria Drive,NOT IN SCOPE,,,,,,,,,Boat Daycare,9 - CoV Not Responsible,Ground Leased,2006,2005-01,2005,2005,"$496,123","2,000",248,1,0,,,,,,,,,,,,,,,,,,,,,,#N/A,,,,,,,,,,,,,,,,,,Regular,,,,,,99,,0,#N/A,#N/A,#N/A,#N/A,#N/A,#N/A,#N/A,#VALUE!,,,Unknown,,10,Pre-Screen Low,-123.0656023,49.25845961
136,RECR_1346_6810 Main St_Sunset Community Centre,6810 Main St,Phase 1,,,,,,,,,Sunset Community Centre,1 - Full Investment,City Owned,1347,2007-01,2007,2005,"$7,714,713","31,100",248,2,0,The Sunset Community Center is understood to have been constructed circa 2007 and is a Leed Gold building. The building is largely provided with systems and components originating from the initial building construction.,"The two-story building appears to be constructed on spread footings. Where exposed, the superstructure appears to be of concrete and metal-framed construction.  No significant deficiencies were observed to suggest differential settlement of the building foundations or movement of the building structure.

The building exterior walls are generally comprised of concrete and stucco. The building curtain walls are typical of metal-framed insulated glass units (IGUs). The exterior entrance doors are typically glass doors set in aluminum frames. The roof cover is a TPO roof assembly. Overall, the building envelope components appear to be in good condition.

The interior finishes in the building include ceramic floor tiles, sealed concrete floor, wood flooring, laminated wood floor, carpet flooring, painted wall assemblies, ceramic wall tiles, wood wall panels, painted ceiling assemblies, and wood ceiling assemblies. The interior finishes appear to be in good condition overall.",,,,"Concrete foundation, reinforced concrete & load supporting frame, tilt up concrete & metal clad wall",,,,,,,,,,,,,,,,#N/A,,,,,,,,,,,,,,,,,,Regular,,,,,,99,,0,#N/A,#N/A,#N/A,#N/A,#N/A,#N/A,#N/A,#VALUE!,,Reception Centre,,,10,Pre-Screen Low,-123.101167,49.22290031
137,DAYC_6239_2311 Cassiar St_Thunderbird Community Centre - After School Childcare,2311 Cassiar St,Phase 1,,,,,,,,,Thunderbird Community Centre - After School Childcare,3 - Limited Investment,City Owned,6239,1991-01,1991,1990,"$549,952","2,217",248,1,0,The building was constructed circa 2015. The building was originally provided mainly with systems and components originating from the initial building construction.,"The building foundation are likely standard foundations bearing on good native soil. The building structure consists of wood studs/columns and wood beams supporting wood floor/roof deck. No significant deficiencies were observed to suggest differential settlement of the building foundations or movement of the building structure.

The exterior walls consist of Composite Cement Board Siding with exterior coatings.  The exterior doors include glazed metal doors and hollow metal doors. 

The interior partitions are painted gypsum wallboard. The interior floor finishes include vinyl sheet floor finishes. The interior ceiling finishes include suspended acoustic ceiling panel. The interior doors are generally single and double wood and metal doors set in matching wood and metal frames.",,,,Wood Framed,,,,,,,,,,,,,,,,#N/A,,,,,,,,,,,,,,,,,,Regular,,,,,,99,,0,#N/A,#N/A,#N/A,#N/A,#N/A,#N/A,#N/A,#VALUE!,,,Unknown,,10,Pre-Screen Low,-123.0324563,49.26360467
138,FIRE_3230_900 Heatley Av_Fire Hall #01,900 Heatley Av,Phase 1,,,,,,,,,Fire Hall #01,4 - Minimal Investment,City Owned,3230,1973-01,1973,1970,"$14,799,648","31,472",470,1,0,"Fire Hall #1 is understood to have been constructed circa 1973. The building is largely provided with systems and components originating from the initial building construction. Known renewals include:
- The majority of the interior portion of the office areas updated circa 2000
- The west roof was replaced circa 2012","The two-storey building with a basement appears to be constructed on spread footings. Where exposed, the superstructure appears to be of concrete construction.  No significant deficiencies were observed to suggest differential settlement of the building foundations or movement of the building structure. However, some cracks were observed.

The building exterior walls are generally comprised of concrete on all building elevations. The building windows are typically metal framed insulated glass units (IGUs) and some single glass unit windows. The exterior entrance doors are typically glass doors set in aluminum frames. The service doors are hollow metal doors in metal frames. The roof cover is a modified bituminous roof assembly and sloped metal roof. Overall, the building envelope components appear to be in good condition with the exception of the original bituminous roof is in poor condition.

The interior finishes in the building include ceramic floor tiles, vinyl sheet flooring, sealed concrete floor, vinyl floor tiles, brick flooring, carpet flooring, painted wall assemblies, ceramic wall tiles, painted ceiling assemblies and suspended acoustic tile ceiling assemblies. The interior finishes appear to be in good condition overall, with the exception of the carpets and vinyl floor tiles which are in poor condition.",,,,"Concrete foundation, reinforced concrete frame w/built up composition roof",,,,,,,,,,,,,,,,#N/A,,,,,,,,,,,,,,,,,,Regular,,,,,,99,,0,#N/A,#N/A,#N/A,#N/A,#N/A,#N/A,#N/A,#VALUE!,13%,Responder,11-100,,0.6,High,-123.089374,49.27606032
139,FIRE_3229_199 Main St_Fire Hall #02,199 Main St,Phase 1,,,,,,,,,Fire Hall #02,2 - Moderate Investment,City Owned,3229,1975-01,1975,1975,"$3,631,726","7,723",470,2,0,"Fire Hall #2 is understood to have been constructed circa 1975. The building is largely provided with systems and components originating from the initial building construction. Known renewals include:
- Roof was replaced circa 2009
- Overhead bay doors were replaced 2019
- Some part of interior finishes were upgraded 2017","The two-storey building appears to be constructed on spread footings. Where exposed the superstructure appears to be of reinforced concrete construction.  No significant deficiencies were observed to suggest differential settlement of the building foundations or movement of the building structure.

The building exterior walls are generally comprised of reinforced concrete in all building elevations. The building windows are typically of metal framed single glass units. The exterior entrance doors are typically glass doors set in aluminum frames. The service doors are hollow metal doors in metal frames. The roof cover is a modified bituminous roof assembly. Overall, the building envelope components appear to be in good condition. However, exterior doors and windows are aged and in fair condition.

The interior finishes in the building include ceramic floor tiles, vinyl tiles floor, vinyl sheet floor, rubber floor, exposed concrete floor, painted concrete floor, painted wall assemblies, ceramic wall tiles, painted ceiling assemblies and suspended acoustic tile ceiling assemblies. The interior finishes appear to be in fair to good condition overall.",,,,"Reinforced concrete foundation, frame & walls w/built up composition roof",,,,,,,,,,,,,,,,#N/A,,,,,,,,,,,,,,,,,,Regular,,,,,,99,,0,#N/A,#N/A,#N/A,#N/A,#N/A,#N/A,#N/A,#VALUE!,13%,Responder,11-100,,0.8,High,-123.1000243,49.28340544
140,FIRE_7694_4013 Prince Albert St_Fire Hall #13,4013 Prince Albert St,Phase 1,,,,,,,,,Fire Hall #13,1 - Full Investment,City Owned,7694,2002-01,2002,1995,"$3,597,398","7,650",470,3,0,"The 4013 Prince Albert St_Fire Hall #13 is a three-storey building and partial basement floor, constructed circa 2002. The building is provided mainly with systems and components originating from the initial building construction.","The three-storey building constructed on concrete spread footings and basement walls. The superstructure basement level of the building appears to be constructed with reinforced concrete walls, concrete masonry block (CMU) walls and reinforced concrete floor slab. The superstructure The upper three-storey levels of the building are load bearing steel stud walls with I-Joists suspended floor structure and a composite metal deck floors. The building’s sloped roof structure consists of wood deck supported on wood trusses and wood joists. No significant deficiencies were observed to suggest differential settlement of the building foundations or movement of the building structure.

The building exterior walls are generally comprised of brick veneer finishes , metal siding and concrete block on all elevations . The building windows are typical of fixed and operable insulated double glass units. The exterior entrance door is provided by an aluminum framed glazed single-doors. The exit doors are hollow metal doors in metal frames. The roof cover is a conventional modified bitumen SBS roofing and metal roofing assembly. Overall, the building envelope components appear to be in fair to good condition.

The interior finishes in the building include painted concrete floors, vinyl sheet flooring, ceramic floor tiles, painted wall finish, ceramic wall tiles, painted ceiling finish and mineral wool insulation. Overall the building interior finishes appear to be in fair to good condition.",,,,Concrete Structure,,,,,,,,,,,,,,,,#N/A,,,,,,,,,,,,,,,,,,Regular,,,,,,99,,0,#N/A,#N/A,#N/A,#N/A,#N/A,#N/A,#N/A,#VALUE!,,Responder,Unknown,,10,Pre-Screen Low,-123.0880236,49.24891616
141,FIRE_3227_2804 Venables St_Fire Hall #14,2804 Venables St,Phase 1,,,,,,,,,Fire Hall #14,2 - Moderate Investment,City Owned,3227,1982-01,1982,1980,"$3,213,676","6,834",470,2,0,"Fire Hall #14 is understood to have been constructed circa 1982. The building is largely provided with systems and components originating from the initial building construction. Known renewals include:
- Roof was replaced circa 2011","The two-storey building appears to be constructed on spread footings. Where exposed, the superstructure appears to be of reinforced concrete construction with open web steel joists supported by load bearing concrete masonry walls and supporting a metal roof deck. No significant deficiencies were observed to suggest differential settlement of the building foundations or movement of the building structure.

The building exterior walls are generally comprised of brick masonry on the building elevations. The building windows are typically of metal framed single glass units with some insulated glass units. The exterior entrance doors are typically metal doors set in metal frames. The service doors are hollow metal doors in metal frames. The roof is an inverted flat roof assembly. Overall, the building envelope components appear to be in good condition with the exception of exterior windows and doors which are in poor condition.

The interior finishes in the building include ceramic floor tiles, vinyl floor tiles, sealed concrete floor, painted wall assemblies, ceramic wall tiles, painted ceiling assemblies and suspended acoustic tile ceiling assemblies. The interior finishes appear to be in fair to good condition overall.",,,,"Reinforced concrete foundation, masonary w/ built up roof & skylight",,,,,,,,,,,,,,,,#N/A,,,,,,,,,,,,,,,,,,Regular,,,,,,99,,0,#N/A,#N/A,#N/A,#N/A,#N/A,#N/A,#N/A,#VALUE!,6%,Responder,11-100,,1.2,Medium,-123.0464399,49.2763685
142,FIRE_8281_3003 E 22nd Av_Fire Hall #15,3003 E 22nd Av,Phase 1,,Pavan Dhillon,Adequate,8/28/2026,,8/31/2026,,,Fire Hall #15,1 - Full Investment,City Owned,8281,1913-01,1913,Pre-code,"$6,478,608","13,777",470,2,0,The Fire Hall #15 was constructed circa 2011. The building is provided mainly with systems and components originating from the initial building construction.,"The two-storey building constructed on concrete spread footings and basement walls. The superstructure basement level of the building appears to be constructed with reinforced concrete walls, concrete masonry block (CMU) walls and reinforced concrete floor slab. The superstructure upper two-storey levels of the building are steel columns, beams, trusses and steel open web steel joists OWSJ with corrugated steel deck and roof floor systems. No significant deficiencies were observed to suggest differential settlement of the building foundations or movement of the building structure.

The building exterior walls are generally comprised of brick finishes, wood siding and metal siding on all elevations . The building windows are typical of fixed and operable insulated double glass units. The exterior entrance door is provided by a wooden framed glazed single-doors. The exit doors are hollow metal doors in metal frames, double glazed insulated aluminum frames doors and of wood frame doors . The roof cover is a conventional modified bitumen SBS roofing assembly and the building top roof is a slopped cedar shingles roofing. Overall, the building envelope components appear to be in fair to good condition.

The interior finishes in the building include painted concrete floors, vinyl sheets flooring, hard wood planks,  wood laminate planks, ceramic floor tiles, painted wall finish, ceramic wall tiles, painted ceiling finish, sprayed fireproofing, wood ceiling and suspended acoustic ceiling panels system. Overall the building interior finishes appear to be in poor to good condition.",B (M),2011,,Masonry Walls,,,,,,,,,,,,,1.5,,Fire Halls (Excl. Temp FH), $-   ,,,,,,,,,,,,,,,,,,Regular,,,,,,99,,0,#N/A,#N/A,#N/A,#N/A,#N/A,#N/A,#N/A,#VALUE!,,Responder,Unknown,,10,Pre-Screen Low,-123.0412064,49.2508853
3778,FIRE_3240_7070 Knight St_Fire Hall #17,7070 Knight St,Phase 1,,Pavan Dhillon,Adequate,8/28/2026,,8/31/2026,,,Fire Hall #17,1 - Full Investment,City Owned,3240,2022-04,2022,2020,"$9,383,331","19,954",470,2,,,,,,,,,,,,,,,,,,,,1.5,,Fire Halls (Excl. Temp FH), $-   ,,,,,,,,,,,,,,,,,,Regular,,,,,,99,,0,#N/A,#N/A,#N/A,#N/A,#N/A,#N/A,#N/A,#VALUE!,,,,,,,-123.0767909,49.2198503
144,FIRE_3231_4396 W 12th Av_Fire Hall #19,4396 W 12th Av,Phase 1,,,,,,,,,Fire Hall #19,2 - Moderate Investment,City Owned,3231,1978-01,1978,1977,"$3,117,275","6,629",470,2,0,The Fire Hall#19 is understood to have been constructed circa 1978. No building additions or significant renovation projects were observed or reported.,"The two-storey building appears to be constructed on spread footings and slab-on-grade. Where exposed, the superstructure appears to be of cast-in-place reinforced concrete construction.  No significant deficiencies were observed to suggest differential settlement of the building foundations or movement of the building structure.

The building exterior walls are generally comprised of concrete wall with a stucco coating. The windows are typically single pane set in aluminum frames. The exterior entrance doors are typically glass doors set in aluminum frames. The service doors are hollow metal doors in metal frames. The roof cover is a modified bituminous roof assembly and sloped metal clad roofing. Overall, the building envelope components appear to be in good to fair condition.

The interior finishes in the building include ceramic floor tiles, vinyl tile floor, exposed concrete floor, painted wall assemblies, painted ceiling assemblies and suspended acoustic tile ceiling assemblies. The interior finishes appear to be in fair to good condition overall.",,,,"Reinforced concrete foundation, walls & supports w/torch on & metal roofing",,,,,,,,,,,,,,,,#N/A,,,,,,,,,,,,,,,,,,Regular,,,,,,99,,0,#N/A,#N/A,#N/A,#N/A,#N/A,#N/A,#N/A,#VALUE!,4%,Responder,11-100,,1.4,Medium,-123.2057901,49.26171774
143,FIRE_1307_1375 W 38th Av_Fire Hall #18,1375 W 38th Av,Phase 1,,Pavan Dhillon,Adequate,8/28/2026,,8/31/2026,,,Fire Hall #18,1 - Full Investment,City Owned,1307,1999-01,1999,1995,"$6,377,505","13,562",470,2,0,The Fire Hall #18 Building was constructed circa 1999. The building is provided mainly with systems and components originating from the initial building construction.,"The two-storey building constructed on concrete spread footings and basement walls. The superstructure basement level of the building appears to be constructed with reinforced concrete walls, concrete masonry block (CMU) walls and reinforced concrete floor slab. The Superstructure upper two-storey levels of the building are load bearing steel stud walls and concrete masonry block (CMU) walls with I-Joists suspended floor structure and suspended flat roof structure. The sloped roof  structure is suspended by wood beams, wood joists with metal roof sheathing system. No significant deficiencies were observed to suggest differential settlement of the building foundations or movement of the building structure.

The building exterior walls are generally comprised of Stucco finishes,  brick finishes and metal siding on all elevations . The building windows are typical of fixed and operable insulated double glass units. The exterior entrance door is provided by an aluminum framed glazed single-door. The exit doors are hollow metal doors in metal frames, double glazed insulated aluminum frames doors. The roof cover is a conventional modified bitumen SBS roofing assembly and the building top roof is a slopped corrugated metal roofing. Overall, the building envelope components appear to be in good condition.

The interior finishes in the building include painted concrete floors, vinyl sheets flooring, carpet floors, ceramic floor tiles, painted wall finish, ceramic wall tiles, painted ceiling finish, wood ceiling and suspended acoustic ceiling panels system. Overall the building interior finishes appear to be in good condition, with the exception of the flooring and walls painting finish which are in fair condition.",,,,Masonry Walls,Masonry Walls and Steel Columns,38mm Steel Deck with 65mm Concrete Topping,"4"" Concrete Slab",RMC,RMC,,,,,,,,1.5,,Fire Halls (Excl. Temp FH), $-   ,,,"Fully below grade, Partial basement not covering entire plan area of building.",,,,,,,,0,0,None,,,,,Regular,,,,,,99,,0,#DIV/0!,0,0,#DIV/0!,#DIV/0!,#N/A,#N/A,#VALUE!,,Responder,Unknown,,10,Pre-Screen Low,-123.1366119,49.2372704
146,FIRE_3239_5402 Victoria Drive_Fire Hall #20,5402 Victoria Drive,Phase 1,,Pavan Dhillon,Adequate,8/28/2026,,8/31/2026,,,Fire Hall #20,4 - Minimal Investment,City Owned,3239,1961-01,1961,1960,"$2,399,676","5,103",470,2,0,"Fire Hall #20 is understood to have been constructed circa 1961. The building is largely provided with systems and components originating from the initial building construction. Known renewals include:
- The roof was replaced circa 2011","The single-storey building appears to be constructed on spread footings. Where exposed, the superstructure appears to be of concrete construction.  No significant deficiencies were observed to suggest differential settlement of the building foundations or movement of the building structure.

The building exterior walls are generally comprised of concrete and ceramic tiles on all building elevations. The building windows are typically of metal framed single glass units. The exterior entrance doors are combination of glass, wood and metal doors. The roof cover is a 2-ply modified bituminous roof assembly. Overall, the building envelope components appear to be in fair condition.

The interior finishes in the building include ceramic floor tiles, vinyl floor tiles, painted concrete floor, painted wall assemblies, ceramic wall tiles, painted ceiling assemblies and suspended acoustic tile ceiling assemblies. The interior finishes appear to be in fair condition overall.",,,,"Reinforced concrete foundation, walls & supports w/tar & gravel roofing",,,,,,,,,,,,,1.5,,Fire Halls (Excl. Temp FH), $-   ,,,,,,,,,,,0,"2,3","Type 2, 
Type 3",,,,,Regular,,,,,,99,,0,#N/A,#N/A,#N/A,#N/A,#N/A,#N/A,#N/A,#VALUE!,15%,Responder,11-100,,-0.1,High,-123.0650482,49.2357788
148,FIRE_3241_1005 W 59th Av_Fire Hall #22,1005 W 59th Av,Phase 1,,,,,,,,,Fire Hall #22,1 - Full Investment,City Owned,3241,1981-01,1981,1980,"$3,848,510","8,184",470,2,0,"The Fire Hall#22 is located at 1005 W 59th Av with an 8,184 sf area. The building is two storey, constructed circa 1981. The building is primarily used as a fire hall.","The two-storey building appears to be constructed on spread footings. Where exposed, the superstructure appears to be of concrete and metal construction.  No significant deficiencies were observed to suggest differential settlement of the building foundations or movement of the building structure.

The building exterior walls are generally comprised of concrete and brick walls on all building elevations. The windows are typically metal framed insulated glass units (IGUs). The exterior doors are metal. The flat roof cover is a modified roof assembly with concrete pavers and the sloped roof cover is asphalt shingles. Overall, the building envelope components appear to be in good condition.

The interior finishes in the building include ceramic floor tiles, vinyl floor tiles, sealed concrete floor, painted wall assemblies, ceramic wall tiles, painted ceiling assemblies and suspended acoustic tile ceiling assemblies. The interior finishes appear to be in fair to good condition overall.",,,,"Reinforced concrete foundation, masonry walls & steel supports w/built up roofing & asphalt shingles",,,,,,,,,,,,,,,,#N/A,,,,,,,,,,,,,,,,,,Regular,,,,,,99,,0,#N/A,#N/A,#N/A,#N/A,#N/A,#N/A,#N/A,#VALUE!,1.3%,Responder,11-100,,1.9,Medium,-123.1295145,49.21745716
149,FIRE_3232_2801 Quebec St_Fire Hall #03,2801 Quebec St,Phase 1,,,,,,,,,Fire Hall #03,1 - Full Investment,City Owned,3232,2000-01,2000,1995,"$4,504,977","9,580",470,3,0,The Fire Hall No.3 Building was constructed circa 2000. The building is provided mainly with systems and components originating from the initial building construction.,"The three-storey building constructed on concrete spread footings. The superstructure is a reinforced masonry structure with steel beams, roof joists, and a composite metal deck floors, and corrugated metal flat roof. No significant deficiencies were observed to suggest differential settlement of the building foundations or movement of the building structure.

The building exterior walls are generally comprised of brick veneer finishes, metal siding and Architecture Concrete Block coulour on all elevations . The building windows are typical of fixed and operable insulated double glass units. The exterior entrance door is provided by an aluminum framed glazed single-doors. The exit doors are hollow metal doors in metal frames. The roof cover is an inverted modified bitumen SBS roofing assembly and the building top roof is a slopped corrugated metal roofing. Overall, the building envelope components appear to be in good condition.

The interior finishes in the building include painted concrete floors, vinyl sheets flooring, wood laminate tiles, ceramic floor tiles, painted wall finish, ceramic wall tiles, painted ceiling finish, spray-applied fibrous material, wood ceiling and suspended acoustic ceiling panels system. Overall the building interior finishes appear to be in good condition.",,,,Masonry Walls,,,,,,,,,,,,,,,,#N/A,,,,,,,,,,,,,,,,,,Regular,,,,,,99,,0,#N/A,#N/A,#N/A,#N/A,#N/A,#N/A,#N/A,#VALUE!,,Responder,Unknown,,10,Pre-Screen Low,-123.1034317,49.2599716
150,FIRE_3224_1001 Nicola St_Fire Hall #06,1001 Nicola St,Phase 1,,,,,,,,,Fire Hall #06,1 - Full Investment,City Owned,3224,1907-01,1907,Pre-code,"$3,609,624","7,676",470,2,0,"Fire Hall #6 is understood to have been constructed circa 1907 and is a registered heritage building. An addition was constructed circa 1921 along the southern portion of the building. Known renewals include:
- The majority of interior finishes updated circa 1988
- Roofs were replaced circa 2012
- A washroom in second floor was renovated 2014
- Interior painting was updated in 2009","The two-storey building with a basement appears to be constructed on spread footings. Where exposed the superstructure appears to be of wood framed and stone column construction.  No significant deficiencies were observed to suggest differential settlement of the building foundations or movement of the building structure. The building envelope is in fair condition. 

The building exterior walls are generally comprised of brick veneer on the building elevations. The original building windows are typically of wood framed single glass units. The exterior entrance doors are combination of wood and metal doors .The roof cover is a metal roof assembly and 2-ply modified bituminous roof assembly. Overall, the building envelope components appear to be in fair condition.

The interior finishes in the building include ceramic floor tiles, vinyl tiles, exposed concrete floor, painted wall assemblies, ceramic wall tiles, painted ceiling assemblies, decorative ceiling and suspended acoustic tile ceiling assemblies. The interior finishes appear to be in good condition overall, with the exception of vinyl tiles which are in fair condition.",A (M),1988,,Concrete Structure,,,,,,,,,,,,,,,,#N/A,,,,,,,,,,,,,,,,,,Regular,,,,,,99,,0,#N/A,#N/A,#N/A,#N/A,#N/A,#N/A,#N/A,#VALUE!,,Responder,Unknown,,10,Pre-Screen Low,-123.1347948,49.28651793
151,FIRE_3226_1090 Haro St_Fire Hall #07,1090 Haro St,Phase 1,,,,,,,,,Fire Hall #07,3 - Limited Investment,City Owned,3226,1978-01,1978,1977,"$4,198,845","8,929",470,2,0,Fire Hall #7 is understood to have been constructed circa 1978 with no known additions. A renovation is understood to have occurred around 2012 however the details and extent of the program could not be confirmed at the time of the assessment.,"The single-storey building is understood to be constructed on conventional concrete foundations. Where exposed, the superstructure appears to be of cast-in-place reinforced concrete construction.  No significant deficiencies were observed to suggest differential settlement of the building foundations or movement of the building structure.

The building exterior walls are generally comprised of exposed reinforced concrete with few sections with metal panel cladding. The windows are typically of single pane glass in metal frames. The exterior entrance doors are typically wood with glass insets. The roof cover is an inverted assembly with a 2-ply modified bituminous membrane. Overall, the building envelope components appear to be in fair to good condition, with the exception of the exterior doors and covered hose tower openings, which are considered to be in poor condition. 

The interior finishes in the building include ceramic floor tiles, resilient sheet floor, exposed concrete floor, painted wall assemblies, ceramic wall tiles, painted ceiling assemblies and adhered acoustic tile ceiling assemblies. The interior finishes appear to be in fair to good condition overall.",,2012,,"Reinforced concrete foundation, concrete walls/frame w/built up composition roof",,,,,,,,,,,,,,,,#N/A,,,,,,,,,,,,,,,,,,Regular,,,,,,99,,0,#N/A,#N/A,#N/A,#N/A,#N/A,#N/A,#N/A,#VALUE!,15%,Responder,11-100,,0.4,High,-123.1260413,49.28350653
152,FIRE_3228_895 Hamilton St_Fire Hall #08,895 Hamilton St,Phase 1,,,,,,,,,Fire Hall #08,3 - Limited Investment,City Owned,3228,1974-01,1974,1970,"$3,620,910","7,700",470,2,0,"Fire Hall #8 is understood to have been constructed circa 1974. The building is largely provided with systems and components originating from the initial building construction. Known renewals include:
- Two of the vehicle bay doors updated circa 2015","The two-storey building with a mezzanine level appears to be constructed on spread footings. Where exposed the superstructure appears to be of concrete construction.  No significant deficiencies were observed to suggest differential settlement of the building foundations or movement of the building structure.

The building exterior walls are generally comprised of concrete on all building elevations. The building windows are typically metal framed single glass units. The exterior doors are typically a combination of metal and wood doors. The roof cover is a 2-ply modified bituminous roof assembly. Overall, the building envelope components appear to be in good condition, with the exception of exterior windows and roof which are in fair condition.

The interior finishes in the building include ceramic floor tiles, viynl sheet floor, exposed concrete floor, painted wall assemblies, ceramic wall tiles, painted ceiling assemblies and suspended and adhered acoustic tile ceiling assemblies. The interior finishes appear to be in fair condition overall.",,,,"Reinforced concrete foundation, walls & columns w/torch on roofing",,,,,,,,,,,,,,,,#N/A,,,,,,,,,,,,,,,,,,Regular,,,,,,99,,0,#N/A,#N/A,#N/A,#N/A,#N/A,#N/A,#N/A,#VALUE!,4%,Responder,11-100,,1.4,High,-123.1176446,49.27808819
153,FIRE_3236_1805 Victoria Drive_Fire Hall #09,1805 Victoria Drive,Phase 1,,,,,,,,,Fire Hall #09,5 - No Investment,City Owned,11135,1959-01,1959,1953,"$3,528,742","7,504",470,2,0,The Fire Hall is understood to have been constructed circa 1959.,"The two-storey building appears to be constructed on spread footings. Where exposed, the superstructure appears to be of concrete framing construction. No significant deficiencies were observed to suggest differential settlement of the building foundations or movement of the building structure.
The building exterior walls are generally comprised of brick veneer finish and stucco on concrete masonry walls. The building exterior windows are typically of metal-framed single glass units. The exterior entrance door is solid wood door set in wood frame. The fire trucks bay doors are wood overhead doors. The building roofing is a modified bituminous roof assembly. Overall, the building envelope components appear to be in fair condition.
The building interior finishes include ceramic floor tiles, vinyl floor sheets, vinyl floor tiles, exposed smooth concrete floor, painted wall assemblies, ceramic wall tiles, acoustic ceiling tiles and painted ceiling assemblies. The building interior finishes appear to be in fair condition overall, with the exception of the vinyl floor tiles which are in poor condition.",,,,"Reinforced concrete foundation, concrete frame & steel supports w/wood deck tar & gravel roofing. Ho",,,,,,,,,,,,,,,,#N/A,,,,,,,,,,,,,,,,,,Regular,,,,,,99,,0,#N/A,#N/A,#N/A,#N/A,#N/A,#N/A,#N/A,#VALUE!,15%,Responder,11-100,,-0.4,High,-123.0662233,49.26841111
154,SOCL_1393_401 Main St_Carnegie Centre,401 Main St,,,,,,,,,,Carnegie Centre,1 - Full Investment,City Owned,1393,1903-01,1903,Pre-code,"$10,063,368","34,108",295,3,0,The building was constructed circa 1903. The building is provided mainly with systems and components originating from the initial building construction.,"The exterior of the facility is primarily comprised of exposed stone masonry along the original building elevations, and exposed reinforced concrete along the addition. The windows in the original footprint are typically of wood construction, while addition windows are typically double pane IGUs set in aluminum frames. Exterior access doors are typically glass doors set in aluminum frames. Service doors are comprised of steel doors set in steel frames. The roof elevations are covered with 2-ply modified bituminous roof assemblies. The roof mansards provided along the original building footprint is comprised of a barrel-style copper panel roof assembly. The interior finishes throughout the building include ceramic tile flooring, resilient sheet flooring, exposed concrete flooring, painted wall assemblies, ceramic wall tiles, wood wall panels, pre-finished metal panels, painted ceiling assemblies and suspended acoustic tile ceiling assemblies.",A (M),2002,,"Concrete foundation, reinforced concrete frame, reinforced concrete & granite masonry walls w/concre",,,,,,,,,,,,,,,,#N/A,,,,,,,,,,,,,,,,,,Regular,,,,,,99,,0,#N/A,#N/A,#N/A,#N/A,#N/A,#N/A,#N/A,#VALUE!,,Reception Centre,101-1000,,1.9,Medium,-123.1001255,49.28111488
155,SOCL_7562_5288 Joyce St_Collingwood Neighbourhood House_MIXU,5288 Joyce St,,,,,,,,,,Collingwood Neighbourhood House,1 - Full Investment,City Owned,7562,1994-01,1994,1990,"$7,623,398","26,500",288,2,0,"The Collingwood Neighbourhood Hous is understood to have been constructed circa 1994. The building is largely provided with systems and components originating from the initial building construction. 
- The roof was replaced in 2021
- The insulated glass skylight was replaced circa 2014","The two-story building appears to be constructed on spread footings. Where exposed, the superstructure appears to be of concrete and metal-framed construction.  No significant deficiencies were observed to suggest differential settlement of the building foundations or movement of the building structure. However, water ingress in the foundation wall was observed. 

The building exterior walls are generally comprised of brick veneer walls and stucco walls. The building exterior windows are typical of metal-framed insulated glass units (IGUs). The exterior entrance doors are typically glass doors set in aluminum frames and metal service doors. The roof cover is an inverted roof assembly. Overall, the building envelope components appear to be in good condition. 

The interior finishes in the building include ceramic floor tiles, wood flooring, carpet flooring, vinyl sheet flooring, painted wall assemblies, ceramic wall tiles, painted ceiling assemblies, and acoustical ceiling tiles. The interior finishes appear to be in good condition overall.",,,,"Concrete foundation, steel & reinforced concrete columns & beams w/built up membrane roof",,,,,,,,,,,,,,,,#N/A,,,,,,,,,,,,,,,,,,Regular,,,,,,99,,0,#N/A,#N/A,#N/A,#N/A,#N/A,#N/A,#N/A,#VALUE!,,,Unknown,,10,Pre-Screen Low,-123.0329095,49.23667852
156,SOCL_6485_2294 W 10th Av,2294 W 10th Av,,,,,,,,,,,9 - CoV Not Responsible,City Owned,6485,1955-01,1955,1953,"$8,528,870","25,000",341,4,0,"The building is understood to have been constructed circa 1955. The building is largely provided with systems and components originating from the initial building construction. Known renewals include:
- Select interior finishes updated circa 2019, 2009 and 2000","The building's east and west wings appear to be constructed on spread footings. Where exposed, the superstructure appears to be of concrete construction.  No significant deficiencies were observed to suggest differential settlement of the building foundations or movement of the building structure.

The building exterior walls are generally comprised of stucoo, brick and painted concrete. The building windows are typically metal-framed units with single-pane glass. The exterior entrance doors are typically glass doors set in aluminum frames. The service doors are hollow metal doors in metal frames. The roof cover is a 2-ply modified bituminous roof assembly and asphalt shingle roof assembly.  Overall, the building envelope components appear to be in fair condition.

The interior finishes in the building include ceramic floor tiles, vinyl sheet flooring, painted concrete floor, vinyl floor tiles, carpet flooring, painted wall assemblies, ceramic wall tiles, painted ceiling assemblies, adhered acoustical ceiling tiles and suspended acoustic tile ceiling assemblies. The interior finishes appear to be in good to fair condition overall.",,,,"Concrete foundation, reinforced concrete frame, reinforced concrete w/partial masonry walls & built",,,,,,,,,,,,,,,,#N/A,,,,,,,,,,,,,,,,,,Regular,,,,,,99,,0,#N/A,#N/A,#N/A,#N/A,#N/A,#N/A,#N/A,#VALUE!,10%,High Occupancy,101-1000,,-0.1,High,-123.1573754,49.26275248
157,SOCL_2035_8585 Hudson St_Marpole Place,8585 Hudson St,,,,,,,,,,Marpole Place,1 - Full Investment,City Owned,2035,1920-01,1920,Pre-code,"$4,874,660","16,945",288,3,0,Marpole Place is understood to have been constructed circa 1920 with an addition part circa 1983. The building is largely provided with systems and components originating from the initial and addition building construction. Known renewals include all interior portions of the building updated circa 2019.,"The three-storey building with an underground parking garage appears to be constructed on spread footings. Where exposed, the superstructure appears to be of concrete and wood framed construction.

The building exterior walls are generally comprised of stucco on the original building elevations, and Hardie board panels on the addition. The building windows are typically wood and vinyl framed single glass units. The exterior entrance door is typically glass door. The service doors are hollow metal doors in metal frames. The roof cover is a 2-ply modified bituminous roof assembly and asphalt shingles roof assembly. 

The interior finishes in the building include ceramic floor tiles, vinyl sheet flooring, carpet tiles flooring, painted wall assemblies, ceramic wall tiles, painted ceiling assemblies and suspended acoustic tile ceiling assemblies.",B,2019,,Wood Framed,,,,,,,,,,,,,,,,#N/A,,,,,,,,,,,,,,,,,,Regular,,,,,,99,,0,#N/A,#N/A,#N/A,#N/A,#N/A,#N/A,#N/A,#VALUE!,1%,,11-100,,2.8,Medium,-123.1347275,49.2088013
158,SOCL_4303_300-1140 W Pender St_Community Legal Assistance Society,300-1140 W Pender St,,,,,,,,,,Community Legal Assistance Society,9 - CoV Not Responsible,City Leased,4303,1984-01,1984,1980,"$512,868","10,289",50,1,0,,,,,,,,,,,,,,,,,,,,,,#N/A,,,,,,,,,,,,,,,,,,Regular,,,,,,99,,0,#N/A,#N/A,#N/A,#N/A,#N/A,#N/A,#N/A,#VALUE!,,,Unknown,,,,-123.1220779,49.2876091
159,SOCL_3223_320 Alexander St_Evelyne Saller Centre,320 Alexander St,,,,,,,,,,Evelyne Saller Centre,4 - Minimal Investment,City Leased,3223,1986-01,1986,1985,"$2,987,369","9,000",332,5,0,"Evelyne Saller center is understood to have been constructed circa 1986. The building is largely provided with systems and components originating from the initial building construction. Known renewals include:
- Some of the washrooms were renovated circa 2016","The two-story building appears to be constructed on spread footings. Where exposed, the superstructure appears to be of concrete construction.  No significant deficiencies were observed to suggest differential settlement of the building foundations or movement of the building structure.

The building exterior walls are generally comprised of stucco and brick walls on north and south building elevations. The building windows are typical of metal-framed insulated glass units (IGUs). The exterior entrance doors are typically glass and metal doors. The roof is an inverted roof system. Overall, the building envelope components appear to be in good condition with the exception of the roof which is in poor condition. 

The interior finishes in the building include ceramic floor tiles, vinyl sheet flooring, painted concrete floor, vinyl floor tiles, painted wall assemblies, ceramic wall tiles, painted ceiling assemblies, and suspended acoustic tile ceiling assemblies. The interior finishes appear to be in fair to good condition overall.",,,,Concrete Structure,,,,,,,,,,,,,,,,#N/A,,,,,,,,,,,,,,,,,,Regular,,,,,,99,,0,#N/A,#N/A,#N/A,#N/A,#N/A,#N/A,#N/A,#VALUE!,5%,High Occupancy,101-1000,,1.3,Medium,-123.097,49.2838
161,SOCL_2041_609 Helmcken St_Downtown South Gathering Place,609 Helmcken St,,,,,,,,,,Downtown South Gathering Place,1 - Full Investment,City Leased,2041,1995-01,1995,1995,"$7,573,055","26,325",288,2,0,"The Downtown South Gathering Place is understood to have been constructed circa 1995. The building is largely provided with systems and components originating from the initial building construction. Known renewals include:
- The laminated wood flooring was replaced circa 2001
- The interior painted wall finish was replaced circa 2010","The two-story building appears to be constructed on spread footings. Where exposed, the superstructure appears to be of concrete construction.  No significant deficiencies were observed to suggest differential settlement of the building foundations or movement of the building structure.

The building exterior walls are generally comprised of brick veneer, metal siding on building elevations. The building windows are typical of metal-framed insulated glass units (IGUs). The exterior entrance doors are typically glass doors set in aluminum frames. The roof cover is provided with a waterproofing membrane which is covered with concrete paved and SBS roof. Overall, the building envelope components appear to be in good condition.

The interior finishes in the building include ceramic floor tiles, vinyl floor sheets, laminated wood flooring, painted wall assemblies, ceramic wall tiles, stainless steel wall panels, painted ceiling assemblies and suspended acoustic tile ceiling assemblies. The interior finishes appear to be in fair to good condition.",,,,Concrete Structure,,,,,,,,,,,,,,,,#N/A,,,,,,,,,,,,,,,,,,Regular,,,,,,99,,0,#N/A,#N/A,#N/A,#N/A,#N/A,#N/A,#N/A,#VALUE!,,,Unknown,,10,Pre-Screen Low,-123.1238843,49.27791925
162,SOCL_1531_2875 St. George St_Kivan Boys & Girls Club,2875 St. George St,,,,,,,,,,Kivan Boys & Girls Club,3 - Limited Investment,City Owned,1531,1979-01,1979,1977,"$2,013,728","7,000",288,2,0,"The Kivan Boys & Girls Club is understood to have been constructed circa 1979. The building is largely provided with systems and components originating from the initial building construction. Known renewals include:
- The EPDM roof was replaced circa 2008
- Gymnasium rubber flooring was replaced circa 2015
- Kitchens were upgraded circa 2011-2015
- Second-floor washrooms were upgraded circa 2015
- Interior paint was replaced in 2015","The two-story building appears to be constructed on spread footings. Where exposed, the superstructure appears to be of concrete and steel-framed, construction.  No significant deficiencies were observed to suggest differential settlement of the building foundations or movement of the building structure.

The building exterior walls are generally comprised of stucco walls, painted concrete walls, and painted metal siding walls on the building elevations. The building windows are typical of metal-framed single glass units. The exterior doors are hollow metal doors in metal frames. The roof cover is an EPDM roof assembly. Overall, the building envelope components appear to be in good condition.

The interior finishes in the building include vinyl sheet floor, vinyl floor tiles, rubber flooring, carpet flooring, painted wall assemblies, ceramic wall tiles, suspended acoustical ceiling tiles, and painted ceiling assemblies. The interior finishes appear to be in good condition overall.",,,,Concrete Structure,,,,,,,,,,,,,,,,#N/A,,,,,,,,,,,,,,,,,,Regular,,,,,,99,,0,#N/A,#N/A,#N/A,#N/A,#N/A,#N/A,#N/A,#VALUE!,0.6%,,11-100,,2.2000000000000002,Low,-123.0934559,49.25884881
163,SOCL_1327_3981 Main St_Little Mountain Neighbourhood House,3981 Main St,,,,,,,,,,Little Mountain Neighbourhood House,5 - No Investment,City Owned,1327,1980-01,1980,1980,"$1,726,052","6,000",288,2,0,,,,,,"Concrete foundation, wood frame & load supporting walls w/built up composition roof",,,,,,,,,,,,,,,,#N/A,,,,,,,,,,,,,,,,,,Regular,,,,,,99,,0,#N/A,#N/A,#N/A,#N/A,#N/A,#N/A,#N/A,#VALUE!,15%,,11-100,,-0.1,High,-123.1014328,49.2496681
164,SOCI_8529_1183 - 1189 Melville_Volunteer Vancouver,1183 - 1189 Melville,,,,,,,,,,Volunteer Vancouver,9 - CoV Not Responsible,City Leased,8529,2007-01,2007,2005,"$1,288,634","5,823",221,1,0,,,,,,,,,,,,,,,,,,,,,,#N/A,,,,,,,,,,,,,,,,,,Regular,,,,,,99,,0,#N/A,#N/A,#N/A,#N/A,#N/A,#N/A,#N/A,#VALUE!,,,Unknown,,10,Pre-Screen Low,-123.1231591,49.28757061
165,SOCL_7802_1655 William St_Eastside Family Place,1655 William St,,,,,,,,,,Eastside Family Place,1 - Full Investment,City Owned,7802,2002-01,2002,1995,"$1,337,115","4,648",288,2,0,The Eastside Family Place was constructed circa 2002. It is provided mainly with systems and components originating from the initial building construction with some interior finishes update in the last 4 years.,"The two-storey building without a basement is a wood framed structure, with a cast-in-place concrete slab-on-grade in the main floor and supported on standard strip foundations. 

The building exterior walls are provided with a stucco finish, the exterior windows are insulated double glazing units in vinyl frames with single-hung sashes. The exterior doors are swing-type single and double hollow metal doors. The building pitched roof is covered with wood cedar shingles. 

The interior wall finishes are painted gypsum wallboard and wood wall panels. The interior floor finish is a vinyl sheet flooring. The interior ceiling finish is a suspended acoustic ceiling panels. The interior doors are generally swing-type wood and metal single-doors set in metal frames.",,2002,,Wood Framed,,,,,,,,,,,,,,,,#N/A,,,,,,,,,,,,,,,,,,Regular,,,,,,99,,0,#N/A,#N/A,#N/A,#N/A,#N/A,#N/A,#N/A,#VALUE!,,Emergency Shelter,,,10,Pre-Screen Low,-123.0704764,49.27400579
166,NONM_4298_900 Howe St_Public Legal Education Society,900 Howe St,,,,,,,,,,Public Legal Education Society,9 - CoV Not Responsible,City Leased,4298,1987-01,1987,1985,"$2,226,376","6,526",341,9,0,,,,,,,,,,,,,,,,,,,,,,#N/A,,,,,,,,,,,,,,,,,,Regular,,,,,,99,,0,#N/A,#N/A,#N/A,#N/A,#N/A,#N/A,#N/A,#VALUE!,,,Unknown,,10,Pre-Screen Low,-123.1224194,49.28073426
168,SOCL_1778_395 E 6th Av_Kimount Boys & Girls Club,395 E 6th Av,,,,,,,,,,Kimount Boys & Girls Club,3 - Limited Investment,City Owned,1778,1941-01,1941,1941,"$1,726,052","6,000",288,1,0,"The Kimount Boys & Girls Club is understood to have been constructed circa 1941. The building is largely provided with systems and components originating from the initial building construction. Known renewals include:
- The SBS roof was replaced circa 2005
- Gymnasium wood flooring was replaced circa 2016
- Kitchen was upgraded circa 2014
- Washrooms were upgraded circa 2016","The single-story building with a basement appears to be constructed on spread footings. Where exposed, the superstructure appears to be of wood-framed, construction.  No significant deficiencies were observed to suggest differential settlement of the building foundations or movement of the building structure.

The building exterior walls are generally comprised of stucco walls and painted wood siding walls on the building elevations. The building windows are typical of metal-framed insulated glass units (IGUs) and wood and framed single glass units. The exterior doors are hollow metal and wood doors in metal frames. The roof cover is a 2-ply modified bituminous roof assembly and an asphalt shingles roof. Overall, the building envelope components appear to be in good condition.

The interior finishes in the building include vinyl sheet floor, vinyl floor tiles, painted concrete floor, wood flooring, laminated wood flooring, carpet flooring, painted wall assemblies, ceramic wall tiles, and painted ceiling assemblies. The interior finishes appear to be in good condition overall.",,,,Wood Framed,,,,,,,,,,,,,,,,#N/A,,,,,,,,,,,,,,,,,,Regular,,,,,,99,,0,#N/A,#N/A,#N/A,#N/A,#N/A,#N/A,#N/A,#VALUE!,1%,,11-100,,2.4,Medium,-123.0960922,49.2656212
169,SOCL_1529_7595 Victoria Drive_Fraserview Boys & Girls Club,7595 Victoria Drive,NOT IN SCOPE,,,,,,,,,Fraserview Boys & Girls Club,9 - CoV Not Responsible,Ground Leased,1529,1962-01,1962,1960,"$4,315,131","15,000",288,1,0,,,,,,,,,,,,,,,,,,,,,,#N/A,,,,,,,,,,,,,,,,,,Regular,,,,,,99,,0,#N/A,#N/A,#N/A,#N/A,#N/A,#N/A,#N/A,#VALUE!,4%,,11-100,,1.4,Medium,-123.0664774,49.21533969
171,SOCI_8600_7710 Nanaimo St_South Vancouver Family Place,7710 Nanaimo St,,,,,,,,,,South Vancouver Family Place,2 - Moderate Investment,City Owned,8600,2001-01,2001,1995,"$863,026","3,000",288,1,0,The Vancouver Family Place is understood to have been constructed circa 2001.,"The single-storey prefabricated structure is constructed on blocks/skids and includes siding, skirting and wood decks.  No significant deficiencies were observed to suggest differential settlement of the building foundations or movement of the building structure.

The building exterior walls are generally comprised of wood and metal siding on all building elevations. The building windows are typically of vinyl framed insulated glass units (IGUs). The exterior entrance doors are typically metal doors. The roof cover is a single ply roof assembly. Overall, the building envelope components appear to be in good condition,  with the exception of the single ply roof which is in fair condition. 

The interior finishes in the building include carpet flooring, vinyl sheet flooring, vinyl wall panel and adhered acoustical ceiling tiles assemblies. The interior finishes appear to be in good condition overall.",,,,Wood Framed,,,,,,,,,,,,,,,,#N/A,,,,,,,,,,,,,,,,,,Regular,,,,,,99,,0,#N/A,#N/A,#N/A,#N/A,#N/A,#N/A,#N/A,#VALUE!,,,Unknown,,10,Pre-Screen Low,-123.0584428,49.21416757
172,SOCI_1263_1459 Barclay St_Weeks House (Vancouver Friends For Life Society),1459 Barclay St,,,,,,,,,,Weeks House (Vancouver Friends For Life Society),2 - Moderate Investment,City Owned,1263,1/1/1895,1895,Pre-code,"$982,987","3,417",288,2,0,The heritage building was constructed circa 1895. The building was provided mainly with systems and components originating from the initial building construction. The building undertook a major renovation in 1993.,"The building structure is constructed of stone masonry foundation walls and footings bearing on good native firm soil. The structural framing system is likely a wood-framed structure, where wood-framed stud walls support the suspended wood floors and wood roof trusses/rafters.

The exterior walls consist of wood siding, and concrete brick veneer at select locations. The pitched roof consists of a cedar shake roof covering. The windows are composed of wood framed with single-pane glass units. The exterior doors are composed of wood doors with select panels that contain vision inserts. Select entrances into the building are provided with accessibility features such as automatic door openers equipped with push-button controls. 

The interior partitions are painted gypsum wallboard. The interior floor finishes include carpet floor, ceramic, and hardwood floor finishes. The interior ceiling finish is painted gypsum board. The interior doors are generally single wood doors set in matching wood frames.  Ceramic wall finishes are found in select spaces of the building. Fixed casework of wood construction is provided in the building.",B (M),1996,,Wood Framed,,,,,,,,,,,,,,,,#N/A,,,,,,,,,,,,,,,,,,Regular,,,,,,99,,0,#N/A,#N/A,#N/A,#N/A,#N/A,#N/A,#N/A,#VALUE!,,,Unknown,,10,Pre-Screen Low,-123.13272,49.28735813
173,CULT_6854_1200 Chestnut St_Southam Observatory,1200 Chestnut St,,,,,,,,,,Southam Observatory,2 - Moderate Investment,City Owned,6854,1980-01,1980,1980,"$809,401","2,315",350,1,0,The building was constructed circa 1980. The building was provided mainly with systems and components originating from the initial building construction.,"The single-storey building foundation are likely standard foundations and the first floor slab appears to be cast in place concrete continuously supported by a moisture barrier on a free draining gravel. A visual site confirmation to determine if the element is a potential structural slab was not possible.

The single-storey building is likely be pre-cast reinforced concrete walls and suspended roof slabs and roof sheathing systems..

The exterior walls consist of unfinished pre-cast concrete walls . The exterior doors include single metal and single glazed doors . The roof covering includes conventional modified bitumen roofing.

The interior partitions are painted gypsum wallboard.

The interior floor finishes include carpet and vinyl tiles floor. The interior ceiling finishes include painted gypsum board. The interior doors are generally single and double metal and wood doors set in wood and metal frames.",,1980,,Concrete Structure,,,,,,,,,,,,,,,,#N/A,,,,,,,,,,,,,,,,,,Regular,,,,,,99,,0,#N/A,#N/A,#N/A,#N/A,#N/A,#N/A,#N/A,#VALUE!,,,Unknown,,10,Pre-Screen Low,-123.1435754,49.27543595
174,SOCL_1494_2910 St. George St_Mount Pleasant Family Centre,2910 St. George St,,,,,,,,,,Mount Pleasant Family Centre,3 - Limited Investment,City Owned,1494,1939-01,1939,Pre-code,"$575,351","2,000",288,2,0,"The Mount Pleasant Family Centre was constructed circa 1939. The building systems and components were updated throughout the years since the initial building construction. The upper floor was recently renovated with new laminate flooring, millwork, and painting.","The two-storey building structure is constructed of poured concrete foundation walls on strip footings bearing on good native firm soil with concrete slab-on-grade. The two-storey building structural framing system is likely a wood framed structure, where wood framed stud walls support the suspended wood floors and wood roof trusses/rafters. No significant deficiencies were observed to suggest differential settlement of the building foundations or movement of the building structure.

The exterior walls are finished with wood siding, The exterior windows are original wood framed with single glass units on the main floor and aluminum framed with insulated glass unit on the upper floor. The exterior doors are single and double swing-type metal doors set in metal frames. The building pitched roof is an asphalt shingles roofing. Overall, the building envelope components appear to be in good condition, except for the building's asphalt shingle roofing which is in poor condition.

The interior walls are painted gypsum wallboard and the interior floor finishes include wood laminate flooring, carpet flooring, and vinyl sheet flooring. The interior ceiling finish is a painted gypsum board and the interior doors are generally swing-type single wood doors set in metal frames. The interior finishes appear to be in good condition overall.",,2003,,Wood Framed,,,,,,,,,,,,,,,,#N/A,,,,,,,,,,,,,,,,,,Regular,,,,,,99,,0,#N/A,#N/A,#N/A,#N/A,#N/A,#N/A,#N/A,#VALUE!,,Emergency Shelter,Unknown,,10,Pre-Screen Low,-123.092861,49.25865505
175,SOCL_3277_2026 E 43rd Av_Victoria Community Hall,2026 E 43rd Av,,,,,,,,,,Victoria Community Hall,3 - Limited Investment,City Owned,3277,1925-01,1925,Pre-code,"$2,405,542","8,362",288,2,0,2026 E 43rd Ave building is understood to have been constructed circa 1925. The building had been completely renovated in 1966.,"The two-storey building appears to be constructed on concrete spread-footings. Where exposed, the superstructure appears to be of wood-framed and steel columns construction. No significant deficiencies were observed to suggest differential settlement of the building foundations or movement of the building structure.
The building exterior walls are generally comprised of painted stucco walls on all building elevations. The building windows are typical of wood-framed single glass. The exterior entrance doors are typically solid wood doors set in wood frames with in-fill single glass windows. The service doors are hollow metal doors in metal frames and solid wood doors in wood frames. The roof cover is an asphalt shingle roofing. Overall, the building envelope components appear to be in poor condition.
The interior finishes in the building include vinyl floor tiles, ceramic floor tiles, hardwood flooring, vinyl sheet flooring, painted wall assemblies, painted ceiling assemblies, plaster ceiling assemblies and suspended ceiling tiles assemblies. The interior finishes appear to be in poor condition overall, with the exception of the hardwood floor and the vinyl flooring which appear to be in good condition.",,1966,,"Concrete foundation, wood frame & asphalt shingle roof",,,,,,,,,,,,,,,,#N/A,,,,,,,,,,,,,,,,,,Regular,,,,,,99,,0,#N/A,#N/A,#N/A,#N/A,#N/A,#N/A,#N/A,#VALUE!,,,Unknown,,,,-123.0647494,49.23105183
178,CWYD_1872_377 W Kent Av North_Manitoba Yards - Transfer Station,377 W Kent Av North,Phase 1,,,,,,,,,Manitoba Yards - Transfer Station,2 - Moderate Investment,City Owned,1872,1989-01,1989,1985,"$15,094,921","68,210",221,3,0,"Vancouver South Transfer Station is understood to have been constructed circa 1989. The building is largely provided with systems and components originating from the initial building construction. Known renewals include:
- The office roof was replaced circa 2015","The single-storey building with a basement appears to be constructed on spread footings. Where exposed, the superstructure appears to be of concrete and metal deck roof construction.  No significant deficiencies were observed to suggest differential settlement of the building foundations or movement of the building structure. However, minor concrete spalling and exposed rebar was observed.

The building exterior walls are generally comprised of concrete on all building elevations. The building windows are typically of metal framed insulated glass units (IGUs). The exterior entrance doors are typically glass doors set in aluminum frames. The service doors are hollow metal doors in metal frames. The roofs cover are a 2-ply modified bituminous roof assembly. Overall, the building envelope components appear to be in good condition. With the exception of the main roof and exterior metal doors which are in poor condition.

The interior finishes in the building include ceramic floor tiles, vinyl sheet floorin, exposed concrete floor, painted wall assemblies, ceramic wall tiles, wood wall panels, painted ceiling assemblies and suspended acoustic tile ceiling assemblies. The interior finishes appear to be in fair to poor condition overall.",,,,Reinforced concrete foundation & frame w/steel deck roof,,,,,,,,,,,,,,,,#N/A,,,,,,,,,,,,,,,,,,Regular,,,,,,99,,0,#N/A,#N/A,#N/A,#N/A,#N/A,#N/A,#N/A,#VALUE!,,Business Continuity,,,,Pre-Screen Low,-123.1142441,49.20710608
179,CWYD_6461_955 Evans Av_Evans Yard - Office & Shops,955 Evans Av,Phase 1,,,,,,,,,Evans Yard - Office & Shops,1 - Full Investment,City Owned,6461,1994-01,1994,1990,"$10,770,926","48,671",221,1,0,The building was constructed circa 1994. The building is provided mainly with systems and components originating from the initial building construction.,"The single-storey building foundations are likely standard foundations bearing on good native soil. The slab on grade appears to be cast in place concrete continuously supported by native soil or engineered fill. The building framing system consists of pre-cast wall panels supporting steel open web steel joists OWSJ with corrugated steel roof deck systems, and concrete topped corrugated decking at mezzanine level floors. 

The roof covering includes inverted- single ply membrane EPDM roofing. The building exterior walls are generally comprised of painted tilt-up concrete panels with sealants along joints and penetrations. The windows are double-paned glazing and window walls. The exterior entrance doors are typically hollow metal doors in metal frames and prefinished aluminum glass doors along the southern elevation.  A metal canopy roof structure is provided along the majority of the northern building elevation. 

The interior partitions include a combination of concrete masonry units and gypsum wall board. The interior doors are generally single and double-metal doors set in matching metal frames. The interior finishes in the building include ceramic floor tiles, quarry floor tile, vinyl floor tile, rubberized floor tile, resilient sheet flooring, painted and sealed concrete floors, painted wall assemblies, ceramic wall tiles. The interior ceiling finishes include painted gypsum board ceiling. and suspended acoustic tile ceiling assemblies.",,1994,,"Concrete foundation, steel frame  w/ tar & gravel roof",,,,,,,,,,,,,,,,#N/A,,,,,,,,,,,,,,,,,,Regular,,,,,,99,,0,#N/A,#N/A,#N/A,#N/A,#N/A,#N/A,#N/A,#VALUE!,0.003%,Business Continuity,11-100,,4.5999999999999996,Low,-123.0840688,49.27164767
180,"CWYD_4325_Stanley Park Service Yard_Storage, Workshop Building",Stanley Park Service Yard,Phase 1,,,,,,,,,"Storage, Workshop Building",5 - No Investment,City Owned,4325,1940-01,1940,Pre-code,"$680,500","3,075",221,1,0,"Workshop Building is understood to have been constructed circa 1940. The building is largely provided with systems and components originating from the initial building construction. Known renewals include:
- The roof was replaced circa 1999","The single-story building appears to be constructed on spread footings. Where exposed, the superstructure appears to be of wood-framed construction.  No significant deficiencies were observed to suggest differential settlement of the building foundations or movement of the building structure.

The building exterior walls are generally comprised of wood siding on the building elevations. The building windows are typical of wood-framed single glass units. The exterior entrance doors are typically wood doors set in wood frames. The roof cover is a 2-ply modified bituminous roof assembly. Overall, the building envelope components appear to be in poor condition.

The interior finishes in the building include exposed concrete floors, painted wall assemblies, and painted ceiling assemblies. The interior finishes appear to be in poor condition overall.",,,,Wood Framed,,,,,,,,,,,,,,,,#N/A,,,,,,,,,,,,,,,,,,Regular,,,,,,99,,0,#N/A,#N/A,#N/A,#N/A,#N/A,#N/A,#N/A,#VALUE!,15%,,0-10,,0.2,High,-123.1374077,49.29989475
181,CWYD_6872_900 E Kent Av North_Asphalt Plant - Shop & Storage Container Building,900 E Kent Av North,Phase 1,,,,,,,,,Asphalt Plant - Shop & Storage Container Building,2 - Moderate Investment,City Owned,6872,1999-01,1999,1995,"$207,137",936,221,1,0,,,,,,,,,,,,,,,,,,,,,,#N/A,,,,,,,,,,,,,,,,,,Regular,,,,,,99,,0,#N/A,#N/A,#N/A,#N/A,#N/A,#N/A,#N/A,#VALUE!,,,Unknown,,10,Pre-Screen Low,-123.0869004,49.20778958
182,CWYD_6461_955 Evans Av_Evans Yard - Storage 1 (Large),955 Evans Av,Phase 1,,,,,,,,,Evans Yard - Storage 1 (Large),2 - Moderate Investment,City Owned,6461,1994-01,1994,1990,"$1,449,877","8,077",180,1,0,The building was constructed circa 1994. The building is provided mainly with systems and components originating from the initial building construction.,"The single-storey building foundations are likely standard foundations bearing on good native soil. The slab on grade appears to be cast in place concrete continuously supported by native soil or engineered fill. The building framing system consists of load bearing concrete masonry block units (CMU) and steel columns supporting steel beams, steel open web steel joists OWSJ with corrugated steel roof deck systems, 

The roof covering includes metal roofing. The building exterior walls are generally comprised of metal cladding ad exterior coating system. The exterior entrance doors are typically hollow metal doors in metal frames and sliding hangar doors along the southern elevation. 

The interior partitions include a combination of concrete masonry units and wood panel sheathing. The interior finishes in the building include sealed concrete floors.",,N/A,,Metal Framed,,,,,,,,,,,,,,,,#N/A,,,,,,,,,,,,,,,,,,Regular,,,,,,99,,0,#N/A,#N/A,#N/A,#N/A,#N/A,#N/A,#N/A,#VALUE!,,Business Continuity,Unknown,,10,Pre-Screen Low,-123.0837809,49.27196124
184,CWYD_4325_Stanley Park Service Yard_Storage & Welding Shop,Stanley Park Service Yard,Phase 1,,,,,,,,,Storage & Welding Shop,5 - No Investment,City Owned,4325,1940-01,1940,Pre-code,"$436,405","1,972",221,1,0,The Storage & Welding Shop is understood to have been constructed circa 1940. The building is largely provided with systems and components originating from the initial building construction.,"The single-story building appears to be constructed on spread footings. Where exposed, the superstructure appears to be of wood and concrete construction. A study is recommended for the building structure.

The building exterior walls are generally compromised of concrete masonry and stucco on all building elevations. The building windows are typical of wood-framed single glass units. The exterior entrance doors are typically wood doors set in wood frames. The roof cover is a sloped asphalt shingles roof assembly. Overall, the building envelope components appear to be in poor condition.

The interior finishes in the building include exposed concrete floors, painted wall assemblies, and painted ceiling assemblies. The interior finishes appear to be in poor condition overall.",,,,Concrete Structure,,,,,,,,,,,,,,,,#N/A,,,,,,,,,,,,,,,,,,Regular,,,,,,99,,0,#N/A,#N/A,#N/A,#N/A,#N/A,#N/A,#N/A,#VALUE!,15%,,0-10,,0.2,High,-123.1370282,49.29985939
185,PARK_2147_7188 MacDonald St_McCleery Golf Course - Maintenance Building,7188 MacDonald St,,,,,,,,,,McCleery Golf Course - Maintenance Building,2 - Moderate Investment,City Owned,2147,1996-01,1996,1995,"$1,283,544","5,800",221,1,0,The Maintenance Building at McCleery Golf Course is understood to have been constructed circa 1996. The building is largely provided with systems and components originating from the initial building construction.,"The one-storey building appears to be constructed on spread footings. Where exposed, the superstructure appears to be of metal-framed construction.  No significant deficiencies were observed to suggest differential settlement of the building foundations or movement of the building structure.
The building exterior walls are generally comprised of sheet metal wall panels. The building exterior windows are typical of metal-framed insulated glass units (IGUs). The exterior entrance doors are typically overhead doors and hollow core metal doors. The roof cover is a sheet metal roof panels. Overall, the building envelope components appear to be in good condition.
The interior finishes in the building offices and washrooms include vinyl floor tiles, exposed concrete floor, painted wall assemblies, ceramic wall tiles and painted ceiling assemblies. The interior finishes appear to be in good condition overall.",,,,Metal Framed,,,,,,,,,,,,,,,,#N/A,,,,,,,,,,,,,,,,,,Regular,,,,,,99,,0,#N/A,#N/A,#N/A,#N/A,#N/A,#N/A,#N/A,#VALUE!,,,Unknown,,10,Pre-Screen Low,-123.1708578,49.22074233
186,PARK_6672_6706 Alberta St_Langara Golf Course - Maintenance Shop,6706 Alberta St,,,,,,,,,,Langara Golf Course - Maintenance Shop,2 - Moderate Investment,City Owned,6672,1995-01,1995,1995,"$1,290,262","5,382",240,1,0,The Golf Course - Maintenance Shop was constructed circa 1995. The building is provided mainly with systems and components originating from the initial building construction.,"The single-storey building constructed on concrete spread footings. The superstructure is a pre-engineered steel-frame structure consists of steel columns, steel purlins with insulated roof sheathing systems. the building comprises of concrete masonry block (CMU) walls and stud framing with drywall finishes. No significant deficiencies were observed to suggest differential settlement of the building foundations or movement of the building structure.

The building exterior walls are generally comprised of exterior metal panel system with prefinished metal on all elevations . The building windows are typical of fixed and operable insulated double glass units. The exit doors are solid wood and metal single-frame doors which are mounted to wood and metal frames. The roof cover is a corrugated metal roofing assembly. The building components appear to be in good condition overall with the exception of sealed concrete floor and painted walls which are in a good condition.

The interior finishes in the building include painted concrete floors, vinyl sheets flooring, carpet flooring, painted wall finish, painted ceiling finish and wood ceiling finish. The building interior finishes appear to be in fair condition overall with the exception of the wood ceiling which is in a good condition.",,1990,,Metal Framed,,,,,,,,,,,,,,,,#N/A,,,,,,,,,,,,,,,,,,Regular,,,,,,99,,0,#N/A,#N/A,#N/A,#N/A,#N/A,#N/A,#N/A,#VALUE!,,,Unknown,,10,Pre-Screen Low,-123.1120426,49.21809409
187,CWYD_4325_Stanley Park Service Yard_Office,Stanley Park Service Yard,Phase 1,,,,,,,,,Office,3 - Limited Investment,City Owned,4325,1999-01,1999,1995,"$1,033,917","4,672",221,1,0,"The office building is understood to have been constructed circa 1999. The building is largely provided with systems and components originating from the initial building construction. Known renewals include:
- The majority of interior finishes updated circa 2004","The single-story building appears to be constructed on spread footings. Where exposed, the superstructure appears to be of wood-framed, construction.  No significant deficiencies were observed to suggest differential settlement of the building foundations or movement of the building structure.

The building exterior walls are generally comprised of wood siding on all building elevations. The building windows are typical of metal-framed insulated glass units (IGUs). The exterior entrance doors are a combination of metal and wood doors. The roof cover is a sloped asphalt shingles roof assembly.  Overall, the building envelope components appear to be in good condition.

The interior finishes in the building include vinyl sheet flooring, painted wall assemblies, ceramic wall tiles, and painted ceiling assemblies. The interior finishes appear to be in good condition overall.",,1994,,Wood Framed,,,,,,,,,,,,,,,,#N/A,,,,,,,,,,,,,,,,,,Regular,,,,,,99,,0,#N/A,#N/A,#N/A,#N/A,#N/A,#N/A,#N/A,#VALUE!,,,Unknown,,10,Pre-Screen Low,-123.1366178,49.29983284
189,CWYD_1347_290 E 51st Av_Sunset Nursery - West Potting Shed,290 E 51st Av,Phase 1,,,,,,,,,Sunset Nursery - West Potting Shed,3 - Limited Investment,City Owned,1347,1960-01,1960,1960,"$885,203","4,000",221,1,0,"The West Potting Shed is understood to have been constructed circa 1960, with an addition along the west elevation for which the construction date is unknown. No major renovations were noted or reported at the time of the site assessment.","The single-storey building appears to be constructed on spread footing with a slab-on-grade. Where exposed, the superstructure appears to be of wood framed construction.  No significant deficiencies were observed to suggest differential settlement of the building foundations or movement of the building structure.

The building exterior walls are generally comprised of wood siding, wood access doors, metal overhead doors, wood overhead doors, and single pane windows. The roof cover is a 2-ply modified bituminous roof assembly. Overall, the building envelope components appear to be in good to fair condition, with the exception of the wood siding which is considered in poor condition.

The facility is largely unfinished; however, the interior doors and the walk-in cooler are considered in poor condition.",,0,,Wood Framed,,,,,,,,,,,,,,,,#N/A,,,,,,,,,,,,,,,,,,Regular,,,,,,99,,0,#N/A,#N/A,#N/A,#N/A,#N/A,#N/A,#N/A,#VALUE!,,,Unknown,,10,Pre-Screen Low,-123.1004441,49.22323949
190,CWYD_1150_1457 Discovery St_Jericho Park Service Yard - Garage Bays - West,1457 Discovery St,Phase 1,,,,,,,,,Jericho Park Service Yard - Garage Bays - West,2 - Moderate Investment,City Owned,1150,1940-01,1940,Pre-code,"$566,458","3,840",148,1,0,The Jericho Park Service Yard - Garage Bays - West is understood to have been constructed circa 1940. The building is largely provided with systems and components originating from the initial building construction.,"The single-story structure is constructed on concrete spread-footings that bear on native soil or engineered fill. Where exposed the foundation walls are poured concrete walls. The slab on grade is presumed to comprise reinforced poured in place concrete. The superstructure includes cast-in-place concrete masonry block walls and concrete construction supporting a concrete roof deck. No significant deficiencies were observed to suggest differential settlement of the building foundations or movement of the building structure.
The building exterior walls are generally comprised of painted concrete walls on the building elevations. The building is provided with four overhead rolling doors. The exterior walls and overhead rolling doors are in good condition.
The interior finishes in the building include painted floor finishes, painted wall assemblies, and painted ceiling finish. The interior finishes appear to be in poor to good condition overall.",,,,Masonry Walls,,,,,,,,,,,,,,,,#N/A,,,,,,,,,,,,,,,,,,Regular,,,,,,99,,0,#N/A,#N/A,#N/A,#N/A,#N/A,#N/A,#N/A,#VALUE!,,,Unknown,,10,Pre-Screen Low,-123.2037148,49.27443387
191,CWYD_1150_1457 Discovery St_Jericho Park Service Yard - Garage Bays - South,1457 Discovery St,Phase 1,,,,,,,,,Jericho Park Service Yard - Garage Bays - South,2 - Moderate Investment,City Owned,1150,1940-01,1940,Pre-code,"$566,458","3,840",148,1,0,The Jericho Park Service Yard - Garage Bays - South is understood to have been constructed circa 1940. The building is largely provided with systems and components originating from the initial building construction.,"The single-story structure is constructed on concrete spread-footings that bear on native soil or engineered fill. Where exposed the foundation walls are poured concrete walls. The slab on grade is presumed to comprise reinforced poured in place concrete. The superstructure includes cast-in-place concrete masonry block walls and concrete construction supporting a concrete roof deck. No significant deficiencies were observed to suggest differential settlement of the building foundations or movement of the building structure.
The building exterior walls are generally comprised of painted concrete walls on the building elevations. The building is provided with four overhead rolling doors. The exterior walls and overhead rolling doors are in good condition.
The interior finishes in the building include painted floor finishes, painted wall assemblies, and painted ceiling finish. The interior finishes appear to be in poor to good condition overall.",,,,Masonry Walls,,,,,,,,,,,,,,,,#N/A,,,,,,,,,,,,,,,,,,Regular,,,,,,99,,0,#N/A,#N/A,#N/A,#N/A,#N/A,#N/A,#N/A,#VALUE!,,,Unknown,,10,Pre-Screen Low,-123.2033759,49.27420812
192,CWYD_1150_1457 Discovery St_Jericho Park Service Yard - Main Building,1457 Discovery St,Phase 1,,,,,,,,,Jericho Park Service Yard - Main Building,2 - Moderate Investment,City Owned,1150,1940-01,1940,Pre-code,"$686,845","2,865",240,1,0,The Jericho Park Service Yard - Main Building is understood to have been constructed circa 1940.,"The single-story structure is constructed on concrete spread-footings that bear on native soil or engineered fill. Where exposed the foundation walls are poured concrete walls. The slab on grade is presumed to comprise reinforced poured in place concrete. The superstructure includes cast-in-place concrete masonry block walls and concrete construction supporting a concrete roof deck. No significant deficiencies were observed to suggest differential settlement of the building foundations or movement of the building structure.
The building exterior walls are generally comprised of painted concrete walls, wood sidings, and stucco on the building elevations. The building is provided with exterior single-door assemblies which include painted steel panels that are set within painted steel frames. The exterior walls and exterior doors appear to be in poor to good condition.
The interior finishes in the building include painted floor finishes, ceramic floor finishes, painted wall assemblies, ceramic tile walls, suspended acoustic ceiling panels, and painted ceiling finish. The interior finishes appear to be in fair to good condition overall.",,,,Masonry Walls,,,,,,,,,,,,,,,,#N/A,,,,,,,,,,,,,,,,,,Regular,,,,,,99,,0,#N/A,#N/A,#N/A,#N/A,#N/A,#N/A,#N/A,#VALUE!,,,Unknown,,10,Pre-Screen Low,-123.2029309,49.2744516
195,CWYD_4325_Stanley Park Service Yard_Horse Barn old Police Stables,Stanley Park Service Yard,Phase 1,,,,,,,,,Horse Barn old Police Stables,5 - No Investment,City Owned,4325,1940-01,1940,Pre-code,"$742,685","3,356",221,1,0,"The Horse Barn old police stables building is understood to have been constructed circa 1940. The building is largely provided with systems and components originating from the initial building construction. Known renewals include:
- The majority of interior finishes updated circa 1984
- Roofs were replaced circa 2009 and 2018","The single-story building appears to be constructed on spread footings. Where exposed, the superstructure appears to be of wood-framed, and concrete block masonry walls construction.  No significant deficiencies were observed to suggest differential settlement of the building foundations or movement of the building structure. However, the structural study is recommended for localized cracks.

The building exterior walls are generally comprised of stucco on the original building elevations, and exposed reinforced concrete on the addition. The building windows are typical of wood-framed single glass units. The exterior entrance doors are typically wood doors set in wood frames. The roof cover is a 2-ply modified bituminous roof assembly.  Overall, the building envelope components appear to be in poor to fair condition.

The interior finishes in the building include vinyl floor tiles, painted wall assemblies, and painted ceiling assemblies. The interior finishes appear to be in poor condition overall.",,,,Wood Framed,,,,,,,,,,,,,,,,#N/A,,,,,,,,,,,,,,,,,,Regular,,,,,,99,,0,#N/A,#N/A,#N/A,#N/A,#N/A,#N/A,#N/A,#VALUE!,,Responder,Unknown,,10,Pre-Screen Low,-123.1368702,49.30017645
196,CWYD_1347_290 E 51st Av_Sunset Nursery - East Potting Shed & Lunchroom,290 E 51st Av,Phase 1,,,,,,,,,Sunset Nursery - East Potting Shed & Lunchroom,3 - Limited Investment,City Owned,1347,1950-01,1950,1941,"$774,552","3,500",221,1,0,"The Sunset Nursery - East Potting Shed & Lunchroom is understood to have been constructed circa 1950 with 2 known additions, the work area along the southern portion of the building and the washroom along the eastern portion of the building.","The single-storey building, with partial basement, appears to be constructed on spread footings. Where exposed, the superstructure appears to be of wood framed construction.  No significant deficiencies were observed to suggest differential settlement of the building foundations or movement of the building structure; however evidence of cracking and water ingress has resulted in a recommendation for further investigation of the foundations. 

The building exterior walls are clad with wood siding, with single pane windows in wood frames, wood access doors, and a metal overhead door. The roof is covered with asphalt shingles. Overall, the building envelope components appear to be in good to fair condition, with the exception of the wood cladding and asphalt shingles, which are considered to be in poor condition.

The interior finishes in the building include resilient sheet floor, vinyl tile flooring, resilient floor boards, exposed asphalt pavement exposed, concrete/wood decking floor, painted wall assemblies, ceramic wall tiles, prefinished wall panels, unfinished wall assemblies, and painted ceiling assemblies. The interior finishes appear to be in good to fair condition overall, with the exception of the painted floor finishes which was considered to be in poor condition.",,,,Wood Framed,,,,,,,,,,,,,,,,#N/A,,,,,,,,,,,,,,,,,,Regular,,,,,,99,,0,#N/A,#N/A,#N/A,#N/A,#N/A,#N/A,#N/A,#VALUE!,,,Unknown,,10,Pre-Screen Low,-123.0994737,49.22334782
199,CWYD_1150_1457 Discovery St_Jericho Park Service Yard - Garage Bays - North,1457 Discovery St,Phase 1,,,,,,,,,Jericho Park Service Yard - Garage Bays - North,2 - Moderate Investment,City Owned,1150,1940-01,1940,Pre-code,"$566,458","3,840",148,1,0,The Jericho Park Service Yard - Garage Bays – North is understood to have been constructed circa 1940. The building is largely provided with systems and components originating from the initial building construction.,"The single-story structure is constructed on concrete spread-footings that bear on native soil or engineered fill. Where exposed the foundation walls are poured concrete walls. The slab on grade is presumed to comprise reinforced poured in place concrete. The superstructure includes cast-in-place concrete masonry block walls and concrete construction supporting a concrete roof deck. No significant deficiencies were observed to suggest differential settlement of the building foundations or movement of the building structure.
The building exterior walls are generally comprised of painted concrete walls on the building elevations. The building is provided with four overhead rolling doors. The exterior walls and overhead rolling doors are in good condition.
The interior finishes in the building include painted floor finishes, painted wall assemblies, and painted ceiling finish. The interior finishes appear to be in poor condition overall.",,,,Masonry Walls,,,,,,,,,,,,,,,,#N/A,,,,,,,,,,,,,,,,,,Regular,,,,,,99,,0,#N/A,#N/A,#N/A,#N/A,#N/A,#N/A,#N/A,#VALUE!,,,Unknown,,10,Pre-Screen Low,-123.2033653,49.27466345
200,CWYD_4325_Stanley Park Service Yard_Concession Warehouse,Stanley Park Service Yard,Phase 1,,,,,,,,,Concession Warehouse,5 - No Investment,City Owned,4325,1950-01,1950,1941,"$650,845","2,941",221,1,0,"Stanley park concession warehouse is understood to have been constructed circa 1950. The building is largely provided with systems and components originating from the initial building construction. Known renewals include:
- The interior painted wall and ceiling are updated circa 2020
- The roof was replaced in 2004 
- Exterior windows and skylights were replaced in 1979","The single-story building appears to be constructed on spread footings. Where exposed, the superstructure appears to be load-bearing wood beams, steel pipe columns, cast-in-place reinforced concrete, and concrete block construction.  No significant deficiencies were observed to suggest differential settlement of the building foundations or movement of the building structure.

The building exterior walls are generally comprised of painted concrete block on all building elevations. The building windows are typical of metal framed single glass units. The exterior entrance doors are typically wood doors. The roof cover is a 2-ply modified bituminous roof assembly. Overall, the building envelope components appear to be in fair condition.

The interior finishes in the building include vinyl sheet floor, sealed concrete floor, liquid applied membrane, painted wall assemblies, and painted ceiling assemblies. The interior finishes appear to be in fair to good condition overall.",,,,Concrete Structure,,,,,,,,,,,,,,,,#N/A,,,,,,,,,,,,,,,,,,Regular,,,,,,99,,0,#N/A,#N/A,#N/A,#N/A,#N/A,#N/A,#N/A,#VALUE!,,,,,10,Pre-Screen Low,-123.136305,49.30020687
201,CWYD_6461_955 Evans Av_Evans Yard - Storage 2 (Small),955 Evans Av,Phase 1,,,,,,,,,Evans Yard - Storage 2 (Small),2 - Moderate Investment,City Owned,6461,1994-01,1994,1990,"$634,690","2,868",221,1,0,The building was constructed circa 1994. The building is provided mainly with systems and components originating from the initial building construction.,"The single-storey building foundations are likely standard foundations bearing on good native soil. The slab on grade appears to be cast in place concrete continuously supported by native soil or engineered fill. The building framing system consists of load bearing concrete masonry block units (CMU) and steel columns supporting steel beams, steel open web steel joists OWSJ with corrugated steel roof deck systems, 

The roof covering includes metal roofing. The building exterior walls are generally comprised of metal cladding ad exterior coating system. The exterior entrance doors are typically hollow metal doors set in metal frames and sliding hangar doors installed along the southern elevation. 

The interior partitions include a combination of concrete masonry units and wood panel sheathing. The interior finishes in the building include sealed concrete floors.",,N/A,,Metal Framed,,,,,,,,,,,,,,,,#N/A,,,,,,,,,,,,,,,,,,Regular,,,,,,99,,0,#N/A,#N/A,#N/A,#N/A,#N/A,#N/A,#N/A,#VALUE!,,Business Continuity,11-100,,10,Pre-Screen Low,-123.0849867,49.27207854
203,"PARK_2010_7800 Vivian Drive_Fraserview Golf Course Service Yard - Office, Garage",7800 Vivian Drive,Phase 1,,,,,,,,,"Fraserview Golf Course Service Yard - Office, Garage",2 - Moderate Investment,City Owned,2010,1996-01,1996,1995,"$607,028","2,743",221,1,0,"The Fraserview Golf Course - Office, Garage is understood to have been constructed circa 1996.","The single-story structure is constructed on concrete spread-footings that bear on native soil or engineered fill. Where exposed the foundation walls are poured concrete walls. The slab on grade is presumed to comprise reinforced poured in place concrete. The superstructure includes cast-in-place concrete masonry block walls & concrete construction supporting steel roof beams and steel corrugated roof deck systems.  No significant deficiencies were observed to suggest differential settlement of the building foundations or movement of the building structure.
The building is provided with metal roofing, exterior windows, overhead doors, and exterior doors. These systems range from fair to good condition.
The interior finishes in the building include painted floor finishes, ceramic floor finishes, painted wall assemblies, ceramic tile walls, and painted ceiling finish. The interior finishes range from poor to good condition.",,,,Masonry Walls,,,,,,,,,,,,,,,,#N/A,,,,,,,,,,,,,,,,,,Regular,,,,,,99,,0,#N/A,#N/A,#N/A,#N/A,#N/A,#N/A,#N/A,#VALUE!,,,Unknown,,10,Pre-Screen Low,-123.049644,49.21383263
213,CWYD_1347_290 E 51st Av_Sunset Nursery - Arboriculture Office and Shop,290 E 51st Av,Phase 1,,,,,,,,,Sunset Nursery - Arboriculture Office and Shop,3 - Limited Investment,City Owned,1347,1960-01,1960,1960,"$553,252","2,500",221,1,0,"Arboriculture Office and Shop is understood to have been constructed circa 1960, with no known addition or major renovation.","The single-story building appears to be constructed on spread footings. Where exposed, the superstructure appears to be of wood framed construction.  No significant deficiencies were observed to suggest differential settlement of the building foundations or movement of the building structure.

The building exterior walls are provided a board and batten style wood siding, with few metal frame windows, and wood access doors. The roof cover is a 2-ply modified bituminous roof assembly. The roof is considered to be in Critical condition based on the observed deficiencies and should be considered for replacement in the immediate future. Exterior cladding is considered to be in poor condition. Otherwise, the exterior doors and windows are considered to be in fair condition.

The interior finishes in the building include vinyl floor tiles, laminated wood floor, painted walls, and suspended ceiling tiles. The interior finishes appear to be in good to fair condition overall.",,,,Wood Framed,,,,,,,,,,,,,,,,#N/A,,,,,,,,,,,,,,,,,,Regular,,,,,,99,,0,#N/A,#N/A,#N/A,#N/A,#N/A,#N/A,#N/A,#VALUE!,,,Unknown,,10,Pre-Screen Low,-123.0991973,49.22360278
214,PARK_1248_3402 Charles St_Rupert Park Service Yard - Caretaker (Fieldhouse),3402 Charles St,Phase 1,,,,,,,,,Rupert Park Service Yard - Caretaker (Fieldhouse),2 - Moderate Investment,City Owned,1248,1970-01,1970,1970,"$553,252","2,500",221,1,0,The building was constructed circa 1970. The building was provided mainly with systems and components originating from the initial building construction.,"The single-storey building foundation are likely standard foundations bearing on good native soil.  The single-storey building is likely be wood columns, wood beams and truss roof suspended sloped roof structure. The exterior walls consist of wood siding.  The exterior doors include wood single- doors. The pitched roof surfaces are covered with asphalt shingles.

The interior partitions are painted gypsum wallboard. The interior floor finishes include sealed concrete floor finishes. The interior ceiling finishes include gypsum board painted ceiling . The interior doors are generally single wood set in matching wood frames.",,1995,,Wood Framed,,,,,,,,,,,,,,,,#N/A,,,,,,,,,,,,,,,,,,Regular,,,,,,99,,0,#N/A,#N/A,#N/A,#N/A,#N/A,#N/A,#N/A,#VALUE!,,,Unknown,,10,Pre-Screen Low,-123.0307151,49.27016853
215,CWYD_1305_5251 Oak St_VanDusen Garden Service Yard - Maintenance Building,5251 Oak St,Phase 1,,,,,,,,,VanDusen Garden Service Yard - Maintenance Building,3 - Limited Investment,City Owned,1305,1975-01,1975,1975,"$523,155","2,364",221,1,0,"Service Yard - Maintenance building is understood to have been constructed circa 1975. The building is largely provided with systems and components originating from the initial building construction. Known renewals include:
- The roof was replaced circa 2003
- Exterior wood siding walls were replaced circa 1993
- Exterior windows were replaced circa 1992","The single-storey building appears to be constructed on spread footings. Where exposed, the superstructure appears to be of wood framed and concrete masonry construction.  No significant deficiencies were observed to suggest differential settlement of the building foundations or movement of the building structure.

The building exterior walls are generally comprised of wood siding walls and painted concrete walls. The building windows are typically metal-framed with insulating glazing units (IGUs). The exterior doors are wood. The roof cover is a 2-ply modified bituminous roof assembly. Overall, the building envelope components appear to be in fair condition.

The interior finishes in the building include ceramic floor tiles, painted concrete floor, painted wall assemblies, ceramic wall tiles, and painted ceiling assemblies. The interior finishes appear to be in poor condition overall.",,,,Wood Framed,,,,,,,,,,,,,,,,#N/A,,,,,,,,,,,,,,,,,,Regular,,,,,,99,,0,#N/A,#N/A,#N/A,#N/A,#N/A,#N/A,#N/A,#VALUE!,,,Unknown,,10,Pre-Screen Low,-123.1303258,49.24082653
216,CWYD_4325_Stanley Park Service Yard_Wildlife Facility,Stanley Park Service Yard,Phase 1,,,,,,,,,Wildlife Facility,5 - No Investment,City Owned,4325,1960-01,1960,1960,"$472,477","2,135",221,1,0,,,,,,,,,,,,,,,,,,,,,,#N/A,,,,,,,,,,,,,,,,,,Regular,,,,,,99,,0,#N/A,#N/A,#N/A,#N/A,#N/A,#N/A,#N/A,#VALUE!,,,Unknown,,10,Pre-Screen Low,-123.1364504,49.30066073
217,PARK_2010_7800 Vivian Drive_Fraserview Golf Course Service Yard - Mobile Equipment Storage,7800 Vivian Drive,Phase 1,,,,,,,,,Fraserview Golf Course Service Yard - Mobile Equipment Storage,2 - Moderate Investment,City Owned,2010,1970-01,1970,1970,"$464,731","2,100",221,1,0,The Fraserview Golf Course - Mobile Equipment Storage is understood to have been constructed circa 1970.,"The single-story structure is constructed on concrete spread-footings that bear on native soil or engineered fill. Where exposed the foundation walls are poured concrete walls. The slab on grade is presumed to comprise reinforced poured in place concrete. The building’s structural framing system is likely steel columns, beams, and steel open web steel joists with steel roof beams and steel corrugated roof deck system. No significant deficiencies were observed to suggest differential settlement of the building foundations or movement of the building structure.
The building is provided with metal roofing system, sectional overhead doors, and an exterior metal door. These systems range from fair to good condition.",,,,Metal Framed,,,,,,,,,,,,,,,,#N/A,,,,,,,,,,,,,,,,,,Regular,,,,,,99,,0,#N/A,#N/A,#N/A,#N/A,#N/A,#N/A,#N/A,#VALUE!,,,Unknown,,10,Pre-Screen Low,-123.0491707,49.2137219
218,CWYD_1347_290 E 51st Av_Sunset Nursery - Caretakers Residence,290 E 51st Av,Phase 1,,,,,,,,,Sunset Nursery - Caretakers Residence,3 - Limited Investment,City Owned,1347,1930-01,1930,Pre-code,"$442,601","2,000",221,1,0,The Caretakers Residence is understood to have been constructed circa 1930. Major renovation project was underway during assessment (2022),"The two-storey building appears to be constructed on spread footings. Where exposed, the superstructure appears to be of wood framed construction.  No significant deficiencies were observed to suggest differential settlement of the building foundations or movement of the building structure.

The building exterior walls are generally comprised of board and batten style wood cladding, with wood doors  and single pane windows in wood frames. The sloped roof is covered with a wood shake assembly. Overall, the building envelope components appear to be in good to fair condition, with the exception of the windows which are considered in poor condition.

The interior finishes in the building had been removed during assessment and are being redone. The systems are being upgraded and will be in good condition.",,2022,,Wood Framed,,,,,,,,,,,,,,,,#N/A,,,,,,,,,,,,,,,,,,Regular,,,,,,99,,0,#N/A,#N/A,#N/A,#N/A,#N/A,#N/A,#N/A,#VALUE!,,,Unknown,,10,Pre-Screen Low,-123.0998588,49.22346654
219,PARK_1303_4600 Cambie St_Queen Elizabeth Park - Service Yard,4600 Cambie St,Phase 1,,,,,,,,,Queen Elizabeth Park - Service Yard,3 - Limited Investment,City Owned,1303,1965-01,1965,1965,"$410,734","1,856",221,1,0,"Queen Elizabeth Park service yard is understood to have been constructed circa 1965. The building is largely provided with systems and components originating from the initial building construction. Known renewals include:
- Some of the exterior windows were replaced circa 1985","The single-story building appears to be constructed on spread footings. Where exposed, the superstructure appears to be of wood-framed construction.  No significant deficiencies were observed to suggest differential settlement of the building foundations or movement of the building structure.

The building exterior walls are generally comprised of painted wood siding walls and stone masonry on all elevations. The building windows are typical of metal-framed insulated glass units (IGUs) and single glass units. The exterior entrance doors are hollow metal doors in metal frames. The roof cover is a cedar shingles roof assembly. Overall, the building envelope components appear to be in fair condition with the exception of the painted wood siding and cedar shingles which are in poor condition. 

The interior finishes in the building include ceramic floor tiles, vinyl floor tiles, exposed concrete floor, painted wall assemblies, ceramic wall tiles, and painted ceiling assemblies. The interior finishes appear to be in fair condition overall.",,,,Wood Framed,,,,,,,,,,,,,,,,#N/A,,,,,,,,,,,,,,,,,,Regular,,,,,,99,,0,#N/A,#N/A,#N/A,#N/A,#N/A,#N/A,#N/A,#VALUE!,,,Unknown,,10,Pre-Screen Low,-123.1115375,49.23878143
224,PARK_2010_7800 Vivian Drive_Fraserview Golf Course Service Yard - Storage Bunker,7800 Vivian Drive,Phase 1,,,,,,,,,Fraserview Golf Course Service Yard - Storage Bunker,2 - Moderate Investment,City Owned,2010,1980-01,1980,1980,"$120,816",800,151,1,0,The Fraserview Golf Course Service Yard - Storage Bunker is understood to have been constructed circa 1980. The building is largely provided with systems and components originating from the initial building construction.,"The single-story structure is constructed on concrete spread-footings that bear on native soil or engineered fill. The superstructure of the building features steel beam and steel truss roof system with corrugated steel roof deck.  No significant deficiencies were observed to suggest differential settlement of the building foundations or movement of the building structure.
The building is provided with galvanized metal composite panels with sub-framing are secured to the exterior wall structure. The exterior walls are in good condition.",,,,Metal Framed,,,,,,,,,,,,,,,,#N/A,,,,,,,,,,,,,,,,,,Regular,,,,,,99,,0,#N/A,#N/A,#N/A,#N/A,#N/A,#N/A,#N/A,#VALUE!,,,Unknown,,10,Pre-Screen Low,-123.0488986,49.21354893
225,CWYD_4325_Stanley Park Service Yard_Gardeners' Lunch Room & Storage,Stanley Park Service Yard,Phase 1,,,,,,,,,Gardeners' Lunch Room & Storage,4 - Minimal Investment,City Owned,4325,1950-01,1950,1941,"$239,005","1,080",221,1,0,"Gardeners Lunchroom and storage building is understood to have been constructed circa 1950. The building is largely provided with systems and components originating from the initial building construction. Known renewals include:
- The majority of interior finishes updated circa 1984 and 1994
- The roof was replaced circa 1999","The single-story building appears to be constructed on spread footings. Where exposed, the superstructure appears to be of wood-framed, and cast-in-place reinforced concrete slab on grade.  No significant deficiencies were observed to suggest differential settlement of the building foundations or movement of the building structure.

The building exterior walls are generally comprised of wood siding on all building elevations. The building windows are typical of wood-framed single glass units and one insulated glass units (IGUs) set in metal frames. The exterior entrance doors are typically wood doors set in wood frames. The roof is sloped asphalt shingle. Overall, the building envelope components appear to be in poor to fair condition.

The interior finishes in the building include vinyl floor tiles, wood flooring, painted wall assemblies, and painted ceiling assemblies. The interior finishes appear to be in poor condition overall.",,,,Wood Framed,,,,,,,,,,,,,,,,#N/A,,,,,,,,,,,,,,,,,,Regular,,,,,,99,,0,#N/A,#N/A,#N/A,#N/A,#N/A,#N/A,#N/A,#VALUE!,,,Unknown,,10,Pre-Screen Low,-123.1366026,49.30013855
227,CWYD_6461_955 Evans Av_Evans Yard - Salt Gantry,955 Evans Av,Phase 1,,,,,,,,,Evans Yard - Salt Gantry,1 - Full Investment,City Owned,6461,2000-01,2000,1995,"$99,143",448,221,1,0,The building was constructed circa 2000. The building is provided mainly with systems and components originating from the initial building construction.,"The single-storey building foundations are likely standard foundations bearing on good native soil. The building framing system consists of steel columns, beams with roof corrugated steel deck.

The roof covering includes metal roofing. The building exterior walls are generally comprised of prefinished metal siding with a vertically-corrugated surface profile. 

The interior finishes in the building include Asphalt paved surfaces throughout the building.",,2000,,,,,,,,,,,,,,,,,,#N/A,,,,,,,,,,,,,,,,,,Regular,,,,,,99,,0,#N/A,#N/A,#N/A,#N/A,#N/A,#N/A,#N/A,#VALUE!,,Business Continuity,11-100,,10,Pre-Screen Low,-123.0852771,49.27210609
228,PARK_4325_2099 Beach Av_Stanley Park - Pitch & Putt Service Yard Building,2099 Beach Av,Phase 1,,,,,,,,,Stanley Park - Pitch & Putt Service Yard Building,5 - No Investment,City Owned,4325,2000-01,2000,1995,"$66,390",300,221,1,0,Pitch & Putt Service Yard Building is understood to have been constructed circa 2000. The building is largely provided with systems and components originating from the initial building construction.,"The single-story building appears to be constructed on spread footings. Where exposed, the superstructure appears to be of wood framed construction.  No significant deficiencies were observed to suggest differential settlement of the building foundations or movement of the building structure.

The building exterior walls are generally comprised of wood walls on all building elevations. The building windows are typical of wood-framed single glass units. The exterior entrance doors are typically wood doors set in wood frames. The roof cover is a metal roof assembly. Overall, the building envelope components appear to be in poor to fair condition.",,,,Wood Framed,,,,,,,,,,,,,,,,#N/A,,,,,,,,,,,,,,,,,,Regular,,,,,,99,,0,#N/A,#N/A,#N/A,#N/A,#N/A,#N/A,#N/A,#VALUE!,,,,,10,Pre-Screen Low,-123.1460157,49.29454301
230,PARK_4325_Stanley Park_Stanley Park - 'Hatchery' Soil Storage Shed,Stanley Park,,,,,,,,,,Stanley Park - 'Hatchery' Soil Storage Shed,5 - No Investment,City Owned,4325,2010-01,2010,2010,"$44,260",200,221,1,0,,,,,,,,,,,,,,,,,,,,,,#N/A,,,,,,,,,,,,,,,,,,Regular,,,,,,99,,0,#N/A,#N/A,#N/A,#N/A,#N/A,#N/A,#N/A,#VALUE!,,,,,10,Pre-Screen Low,-123.1432272,49.30725481
235,PARK_2010_7800 Vivian Drive_Fraserview Golf Course Service Yard - Flammable Liquid Storage,7800 Vivian Drive,Phase 1,,,,,,,,,Fraserview Golf Course Service Yard - Flammable Liquid Storage,2 - Moderate Investment,City Owned,2010,1963-01,1963,1960,"$15,934",72,221,1,0,The Fraserview Golf Course Service Yard - Storage Bunker is understood to have been constructed circa 1940. The building is largely provided with systems and components originating from the initial building construction.,"The single-story structure is constructed on concrete spread-footings that bear on native soil or engineered fill. Where exposed the foundation walls are poured concrete walls. The slab on grade is presumed to comprise reinforced poured in place concrete. The superstructure of the building features concrete masonry block walls and cast-in-place concrete construction supporting a wood beam and truss roof.  No significant deficiencies were observed to suggest differential settlement of the building foundations or movement of the building structure.
The building is provided with a SBS roofing system and a metal sliding door. The exterior door and roof are in good condition.",,,,Masonry Walls,,,,,,,,,,,,,,,,#N/A,,,,,,,,,,,,,,,,,,Regular,,,,,,99,,0,#N/A,#N/A,#N/A,#N/A,#N/A,#N/A,#N/A,#VALUE!,,,Unknown,,10,Pre-Screen Low,-123.049386,49.21371787
236,RECR_1300_1050 Beach Av_Vancouver Aquatic Centre,1050 Beach Av,,,,,,,,,,Vancouver Aquatic Centre,4 - Minimal Investment,City Owned,1300,1974-01,1974,1970,"$24,217,276","64,800",374,1,0,The building was constructed circa 1974. The building was provided mainly with systems and components originating from the initial building construction.,"The single-storey building structure is constructed of standard deep foundations bearing on good native soil. The building main floor is partially supported on the basement walls which are cast in place concrete.

The single-storey the building structural framing system is likely a truncated pyramid, supported by concrete columns and walls at the north end of the building, and two concrete towers at the south end of the building that are also used as diving towers. The upper floor level has a seating area which has approximately 400 seat capacity. Upper floor is a suspended concrete slab. Pool deck floor is concrete pan joist construction. Roof construction is precast panels with steel framing supporting skylights. It is recommended that a professional structural engineer be retained to analyze the observed deterioration and the effect, if any, on the future performance of the building structure.


The exterior walls consist of wood siding, The exterior windows are wood framed with single glass units and vinyl framed with insulated glass units . The exterior doors are wood doors. 

The interior partitions are generally include concrete masonry unit (CMU) block walls, concrete brick walls, glazed partitions, and prefab panels. Gypsum board is also affixed to ceiling structures in select locations.

The interior floor finishes include sealed concrete floor, painted concrete floor, ceramic tile floor, quarry tile, rubber floor and vinyl tile floor finishes. The interior ceiling finish is painted structure and suspended acoustic ceiling panels . The interior doors are generally single wood doors set in matching metal frames and double doors aluminum and glass.",,1974,,Concrete Structure,,,,,,,,,,,,,,,,#N/A,,,,,,,,,,,,,,,,,,Regular,,,,,,99,,0,#N/A,#N/A,#N/A,#N/A,#N/A,#N/A,#N/A,#VALUE!,15%,High Occupancy,101-1000,,0,High,-123.1352962,49.27690951
237,RECR_1547_2305 Cornwall St_Kitsilano Outdoor Pool - Outdoor Pool,2305 Cornwall St,,,,,,,,,,Kitsilano Outdoor Pool - Outdoor Pool,3 - Limited Investment,City Owned,1547,1970-01,1970,1970,"$5,748,444","57,671",100,1,0,The 2305 Cornwall St outdoor swimming pool was constructed circa 1970. The pool is provided mainly with systems and components originating from the initial building construction., The aquatic pool consists of a sloped basin and is a poured concrete structure. The pool is finished with painted plaster. No significant deficiencies were observed to suggest differential settlement of the pool structure.,,,,Concrete Structure,,,,,,,,,,,,,,,,#N/A,,,,,,,,,,,,,,,,,,Regular,,,,,,99,,0,#N/A,#N/A,#N/A,#N/A,#N/A,#N/A,#N/A,#VALUE!,,,,,1.4,Medium,-123.1581513,49.27359104
238,RECR_1540_5670 East Boulevard_Kerrisdale Arena,5670 East Boulevard,,,,,,,,,,Kerrisdale Arena,4 - Minimal Investment,City Owned,1540,1949-01,1949,1941,"$11,364,831","57,114",199,2,0,"The Kerrisdale Arena is understood to have been constructed circa 1949. The building is largely provided with systems and components originating from the initial building construction. Known renewals include:
- The sloped asphalt shingles roof was replaced 2019.
- The SBS flat roof was replaced in 2004.
- Some of the interior finishes were updated circa 1975, 2014 and 2016","The two-storey building without a basement appears to be constructed on concrete reinforced foundation walls and footings, which bear on native soil or engineered fill. Where exposed, the superstructure appears to be of concrete, steel and wood construction. Deficiencies include cracking was observed in the lower floor concession which suggests poor performance of the slab-on-grade or underlying sub-grade materials. 

The building exterior walls are generally comprised of painted cast in place concrete on all building elevations. The building windows are typically of wood framed single glass units. The exterior entrance doors are typically glass doors set in aluminum frames. The service doors are hollow metal doors in metal frames. The flat roof cover is a conventional modified bituminous roof assembly, and the sloped roof cover is an asphalt shingles roof assembly. Overall, the building envelope components appear to be in fair to good condition.

The interior finishes in the building include ceramic floor tiles, vinyl sheet flooring, painted concrete floor, rubber mat flooring, vinyl floor tiles, painted wall assemblies, ceramic wall tiles, painted ceiling assemblies, adhered acoustical tiles, foil barrier and suspended acoustic tile ceiling assemblies. The interior finishes appear to be in poor to fair condition overall.",,,,"Concrete foundation, combination of load bearing reinforced concrete & steel frame w/asphalt shingle",,,,,,,,,,,,,,,,#N/A,,,,,,,,,,,,,,,,,,Regular,,,,,,99,,0,#N/A,#N/A,#N/A,#N/A,#N/A,#N/A,#N/A,#VALUE!,13%,Emergency Shelter,101-1000,,0.9,High,-123.1539672,49.2353346
239,RECR_1246_2690 Larch St_Kitsilano Community Centre Rink,2690 Larch St,Phase 1,,,,,,,,,Kitsilano Community Centre Rink,3 - Limited Investment,City Owned,1246,1975-01,1975,1975,"$16,820,258","46,282",363,2,0,"The Kitsilano Community Centre Rink is understood to have been constructed circa 1975. Multiple other renovation projects were also undertaken, such as the construction of a mezzanine (undated) and commercial kitchen renovation (2009).","The building appears to be constructed on spread footings. Where exposed, the superstructure appears to be comprised of a combination of wood framed, steel framed and load-bearing concrete masonry construction.  No significant deficiencies were observed to suggest differential settlement of the building foundations or movement of the building structure.

The building exterior walls are generally comprised of exposed concrete block masonry along the ground level, with corrugated metal panels along the upper portion of the exterior walls. The building is provided a single wood-frame window, and steel access doors. The majority of the roof cover is a single ply EPDM along the most elevated portion of the roof, asphalt shingle roof along the perimeter sloped roof assemblies, and localized 2-ply SBS membranes along small low-slope roof assemblies. Overall, all roof elevations are considered to be in poor condition. 

The interior finishes in the building include rubber mat flooring, ceramic floor tiles, resilient sheet floor, vinyl tile flooring, exposed concrete floor, painted wall assemblies, ceramic wall tiles, wood wall panels, painted ceiling assemblies and low emissivity panels above the rink. The interior finishes appear to be in good to fair condition overall, with the exception of the vinyl tile flooring and dated resilient sheet flooring, which are in poor condition.",,2009,,"Concrete foundation, steel & load supporting frame, concrete & concrete block walls w/asphalt shingl",,,,,,,,,,,,,,,,#N/A,,,,,,,,,,,,,,,,,,Regular,,,,,,99,,0,#N/A,#N/A,#N/A,#N/A,#N/A,#N/A,#N/A,#VALUE!,15%,Reception Centre,101-1000,,0.7,High,-123.1619826,49.26243473
240,RECR_1346_390 E 51st Av_Sunset Rink,390 E 51st Av,,,,,,,,,,Sunset Rink,3 - Limited Investment,City Owned,1347,1975-01,1975,1975,"$14,445,608","39,748",363,1,0,Sunset Rink is understood to have been constructed circa 1975. The building is largely provided with systems and components originating from the initial building construction. The roofing was upgraded in 2021 with modified bitumen roofing.,"The single-storey building with a crawlspace appears to be constructed on spread footing. Where exposed, the superstructure appears to be of wood and concrete construction with a steel roof deck. No significant deficiencies were observed to suggest differential settlement of the building foundations or movement of the building structure. However, seismic upgrades are needed.

The building exterior walls are generally comprised of painted concrete on all building elevations. The building windows are typically of wood framed single glass units. The exterior entrance doors are typically glass doors set in aluminum frames. The service doors are hollow metal doors in metal frames. The flat roof cover is a TPO roof assembly and the sloped roof cover is asphalt shingles roof assembly. Overall, the building envelope components appear to be in poor to fair condition.

The interior finishes in the building include ceramic floor tiles, vinyl sheet flooring, painted concrete floor, vinyl floor tiles, exposed wood flooring, painted wall assemblies, wood wall panels, painted ceiling assemblies and foil insulation batt assemblies. The interior finishes appear to be in poor to fair condition overall.",,,,Concrete Structure,,,,,,,,,,,,,,,,#N/A,,,,,,,,,,,,,,,,,,Regular,,,,,,99,,0,#N/A,#N/A,#N/A,#N/A,#N/A,#N/A,#N/A,#VALUE!,3.98,Reception Centre,101-1000,,1.4,High,-123.0981396,49.22311365
243,RECR_1150_4397 W 2nd Av_West Point Grey Community Centre - Gym,4397 W 2nd Av,Phase 1,,,,,,,,,West Point Grey Community Centre - Gym,2 - Moderate Investment,City Owned,1149,1982-01,1982,1980,"$4,121,422","11,028",374,2,0,"4397 W 2nd Avenue building is understood to have been constructed circa 1985. The building is largely provided with systems and components originating from the initial building construction. The building washrooms are currently undergoing a renovation. Known renewals include:
- The building roofing replaced circa 2019
- The washrooms interior finishes updated circa 2021
- The lobby and foyer painted walls circa 2021
- The storage room concrete floor and painted walls circa 2021","The two-storey building appears to be constructed on spread footings. Where exposed, the superstructure appears to be of concrete masonry walls and steel-framed construction. No significant deficiencies were observed to suggest differential settlement of the building foundations or movement of the building structure.

The building exterior walls are generally comprised of stucco and painted wood siding on all elevations. The building second floor windows are typical of wood-framed insulated glass units (IGUs) and the ground floor entry area full height windows are wood-framed with single glass units. The exterior main entrance door is typically glass double-door set in wood frame. The gymnasium doors are hollow metal double-doors in metal frames and the emergency fire exit doors are solid single-doors in wood and steel frames. The sloped roof cover is an asphalt shingle roofing. Overall, the building envelope components appear to be in good condition.

The interior finishes in the building include ceramic floor tiles, vinyl floor tiles, hardwood flooring, carpet floor tiles, painted wall assemblies, ceramic wall tiles, acoustic wall panels, painted ceiling assemblies, and stained wood ceiling assemblies. The interior finishes appear to be in good condition overall, with the exception of the vinyl floor tiles and the exterior stair painted finish which were in fair condition.",,2019,,Masonry Walls,,,,,,,,,,,,,,,,#N/A,,,,,,,,,,,,,,,,,,Regular,,,,,,99,,0,#N/A,#N/A,#N/A,#N/A,#N/A,#N/A,#N/A,#VALUE!,0.39%,Emergency Shelter,11 - 100,,2.4,Low,-123.204171,49.27176422
244,RECR_3210_3350 Maquinna Drive_Champlain Heights Community Centre,3350 Maquinna Drive,Phase 1,,Lei and Monrit,,,,,,,Champlain Heights Community Centre - Block 1 Fitness and Offices,2 - Moderate Investment,City Owned,3210,1980-01,1980,1980,"$8,283,613","10,297",804,2,0,"Champlain Heights Community Centre is understood to have been constructed circa 1980 with addition portion constructed circa 2005. The building is largely provided with systems and components originating from the initial building construction. Known renewals include:
- The flat roof was replaced circa 2016
- Metal sloped roof was replaced circa 2018
- Skylights were replaced circa 2018
- Activity room was upgraded circa 2016","The two-storey building without a basement appears to be constructed on concrete reinforced foundation walls and footings, which bear on native soil or engineered fill. Where exposed, the superstructure appears to be of wood framed construction.  No significant deficiencies were observed to suggest differential settlement of the building foundations or movement of the building structure.

The building exterior walls are generally comprised of wood siding on the original and addition portion of the building. The building windows are typically of metal framed insulated glass units (IGUs). The exterior entrance door is a swing-type double-door assemblies include painted solid-core wood panels. The service doors are wood doors. The roof cover is a  conventional modified bitumen roof assembly and sloped metal roof assembly. Overall, the building envelope components appear to be in good condition.

The interior finishes in the building include quarry floor tiles, ceramic floor tiles, vinyl sheet flooring, painted concrete floor, rubberized flooring, vinyl floor tiles, painted wall covering, ceramic wall tiles, wood wall, high density boards wall panel, acoustical wall panel, painted ceiling covering, wood veneer ceiling, and suspended acoustic tile ceiling assemblies. The interior finishes appear to be in fair condition overall with the exception of vinyl tiles floor  and spring gym floor which are in poor condition.",,2005,"Foundation upgrade and New interior space, addition of block 3","Reinforced concrete foundation, wood columns & beams frame w/built up composition & wood shingle roo",Reinforced Concrete Masonry ,,,RMC,WLF,3,3,N/A,N/A,N/A,7.3,,1.3,Public,,#N/A,Y,C,,,10297,6979,,,,N/A,0,0,None,,,1,Torsion Sensitivity,Irregular,,,,,,99,,20594,#N/A,#N/A,#N/A,10177.02213,1017.702213,30891,1.3,#VALUE!,,Emergency Shelter,101-1000,,SRG,Low,-123.0321778,49.21490258
244,RECR_3210_3350 Maquinna Drive_Champlain Heights Community Centre,3350 Maquinna Drive,Phase 1,,Lei and Monrit,,,,,,,Champlain Heights Community Centre - Block 2 Gymnasium,,City Owned,3210,,1980,1980,"$8,283,613","6,993","1,185",2,0,,,,2005,"Foundation upgrade and New interior space, addition of block 3","Reinforced concrete foundation, wood columns & beams frame w/built up composition & wood shingle roo",Timber post and beam,,,WLF,WLF,4,2,N/A,N/A,N/A,7.3,,1.3,Public,,#N/A,Y,C,,,6993,5142,,,,N/A,0,0,None,,,,,Regular,,,,,,99,,13986,#N/A,#N/A,#N/A,1137.254721,568.6273604,20979,3.2,#VALUE!,,,,,,,-123.0321778,49.21490258
244,RECR_3210_3350 Maquinna Drive_Champlain Heights Community Centre,3350 Maquinna Drive,Phase 1,,Lei and Monrit,,,,,,,Champlain Heights Community Centre - Block 4 - Childcare and Dance Studio,,City Owned,3212,,2005,1995,"$8,283,613","3,959","2,092",1,0,,,,N/A,N/A,"Concrete walls with timber shear wall, glulam beam and column","Concrete wall, glulam column",,,WLF-P9,WLF-P9,3,2,N/A,N/A,N/A,7.3,,1.3,Public,,#N/A,Y,C,,,3959,3959,,,,Seismic isolated from existing building,0,0,None,2,Vertical Geometric Irregularity and Out-of-plane Offsets,,,Irregular,,,,,,99,,3959,#N/A,#N/A,#N/A,413.3882426,275.5921617,5938.5,3.9,#VALUE!,,,,,,,-123.0321778,49.21490258
245,RECR_1337_5175 Dumfries St_Kensington Community Centre,5175 Dumfries St,Phase 1,Monrit Gill,Pavan Dhillon,Adequate,17-Aug-26,Adequate,21-Aug-26,Yes,,Kensington Community Centre - Block 1 Pool,3 - Limited Investment,City Owned,1337,1978-01,1978,1975,"$11,780,135","19,495",604,1,0,Kensington Community Centre is understood to have been constructed circa 1978 with two additions which were constructed circa 1981 (Gymnasium) and 2000 (Upper floor).,"The two-storey building appears to be constructed on spread footings. Where exposed, the superstructure appears to be of reinforced concrete construction with open web steel joists supported by load bearing concrete columns and supporting concrete and metal roof decks. The gymnasium addition appears to be of a wood frame construction supported on load bearing concrete masonry walls. No significant deficiencies were observed to suggest differential settlement of the building foundations or movement of the building structure.


The building exterior walls are generally comprised of concrete and stucco on the original building elevations, and concrete on the additions. The original building windows are typically of metal framed single glass units and some of the windows were replaced with insulated glass units in 2000. The addition windows are typically IGUs set in aluminum frames. The exterior entrance doors are typically glass doors set in aluminum frames. The service doors are hollow metal doors in metal frames. The roof cover is a combination of the 2-ply modified bituminous roof assembly and green roof. Overall, the building envelope components appear to be in poor condition. The green roof is in poor condition with evidence of active leaks. A building envelope study is recommended for this building.

The interior finishes in the building include ceramic floor tiles, vinyl sheet floor, painted concrete floor, rubber flooring, carpet flooring, vinyl tiles, hardwood flooring, painted wall assemblies, ceramic wall tiles, wood wall panels, acoustical panels, exposed concrete, painted ceiling assemblies, suspended acoustic tile ceiling assemblies and acoustical panels. The interior finishes appear to be in good condition overall, with the exception of floor ceramic tiles and floor painted concrete which are in poor condition and vinyl floor tiles and suspended acoustical ceiling tiles which are in fair condition.",,N/A,N/A,Concrete Shearwall,"Concrete Columns and Walls, URM Infill Walls","4"" Concrete Slab","6"" Concrete Slab",CSW,CSW,4,5,N/A,N/A,N/A,6.4,1,1.3,Public,Community Centre with Gym.," $30,636,892.80 ",Y,C,None,0,1200,1200,No,The Southwest corner of Block 1 either exists or doesn't when comparing architectural as-builts from 1989 and structural as-builts from 1978.,Moderate Deterioration,N/A,0,0,None,,,"1,3,4","Torsion Sensitivity, 
Re-entrant Corners, 
Diaphragm Openings",Irregular,N,Y,N,Y,,99,Cat B - Basic Human Survival Needs,1200,13179,3399,0,3547,4433,1799,1.2,1.5,1.3% and 0.016%,Emergency Shelter,101-1000,,1.9,Medium,-123.0747427,49.23727083
245,RECR_1337_5175 Dumfries St_Kensington Community Centre,5175 Dumfries St,Phase 1,Monrit Gill,Pavan Dhillon,Adequate,17-Aug-26,Adequate,21-Aug-26,Yes,Yes,Kensington Community Centre - Block 2 Mechanical Addition,3 - Limited Investment,City Owned,1337,2000-01,2000,1995,,"4,696",0,2,0,Kensington Community Centre Block 2 was a mechnical addition completed circa 2000. This is a 2 storey structure constructed of concrete shear walls and reinforced masonry wall lateral systems. The site is sloping so the lower portion is a half storey (in plan area).,"The two-storey building appears to be constructed on spread footings. Where exposed, the superstructure appears to be of reinforced concrete construction with open web steel joists supported by load bearing concrete columns and supporting concrete and metal roof decks. The gymnasium addition appears to be of a wood frame construction supported on load bearing concrete masonry walls. No significant deficiencies were observed to suggest differential settlement of the building foundations or movement of the building structure.

The building exterior walls are generally comprised of concrete and stucco on the original building elevations, and concrete on the additions. The original building windows are typically of metal framed single glass units and some of the windows were replaced with insulated glass units in 2000. The addition windows are typically IGUs set in aluminum frames. The exterior entrance doors are typically glass doors set in aluminum frames. The service doors are hollow metal doors in metal frames. The roof cover is a combination of the 2-ply modified bituminous roof assembly and green roof. Overall, the building envelope components appear to be in poor condition. The green roof is in poor condition with evidence of active leaks. A building envelope study is recommended for this building.

The interior finishes in the building include ceramic floor tiles, vinyl sheet floor, painted concrete floor, rubber flooring, carpet flooring, vinyl tiles, hardwood flooring, painted wall assemblies, ceramic wall tiles, wood wall panels, acoustical panels, exposed concrete, painted ceiling assemblies, suspended acoustic tile ceiling assemblies and acoustical panels. The interior finishes appear to be in good condition overall, with the exception of floor ceramic tiles and floor painted concrete which are in poor condition and vinyl floor tiles and suspended acoustical ceiling tiles which are in fair condition.",,N/A,N/A,Reinforced Masonry and Concrete Shearwalls,"Concrete and Steel Column, Reinforced Masonry Wall",38mm Steel Deck,"9"" Concrete Slab",RMC,RMC,3,3,N/A,N/A,N/A,3.8,1.5,1.3,Public,Community Centre with Gym.," $22,284,525.62 ",Y,C,None,0,436,486,No,N/A,Negligible Deterioration,N/A,0,0,None,5,Sloping Site,1,Torsion Sensitivity,Irregular,N,Y,N,N,,99,Cat B - Basic Human Survival Needs,873,6327,303,2268,1224,1224,1309,1,2,1.3% and 0.016%,Emergency Shelter,101-1000,,1.9,Medium,-123.0747427,49.23727083
245,RECR_1337_5175 Dumfries St_Kensington Community Centre,5175 Dumfries St,Phase 1,Monrit Gill,Pavan Dhillon,Adequate,17-Aug-26,Adequate,21-Aug-26,Yes,,Kensington Community Centre - Block 3 Weight Room,3 - Limited Investment,City Owned,1337,1978-01,1978,1975,,"1,816",0,1,0,Kensington Community Centre is understood to have been constructed circa 1978 with two additions which were constructed circa 1981 (Gymnasium) and 2000 (Upper floor).,"The two-storey building appears to be constructed on spread footings. Where exposed, the superstructure appears to be of reinforced concrete construction with open web steel joists supported by load bearing concrete columns and supporting concrete and metal roof decks. The gymnasium addition appears to be of a wood frame construction supported on load bearing concrete masonry walls. No significant deficiencies were observed to suggest differential settlement of the building foundations or movement of the building structure.


The building exterior walls are generally comprised of concrete and stucco on the original building elevations, and concrete on the additions. The original building windows are typically of metal framed single glass units and some of the windows were replaced with insulated glass units in 2000. The addition windows are typically IGUs set in aluminum frames. The exterior entrance doors are typically glass doors set in aluminum frames. The service doors are hollow metal doors in metal frames. The roof cover is a combination of the 2-ply modified bituminous roof assembly and green roof. Overall, the building envelope components appear to be in poor condition. The green roof is in poor condition with evidence of active leaks. A building envelope study is recommended for this building.

The interior finishes in the building include ceramic floor tiles, vinyl sheet floor, painted concrete floor, rubber flooring, carpet flooring, vinyl tiles, hardwood flooring, painted wall assemblies, ceramic wall tiles, wood wall panels, acoustical panels, exposed concrete, painted ceiling assemblies, suspended acoustic tile ceiling assemblies and acoustical panels. The interior finishes appear to be in good condition overall, with the exception of floor ceramic tiles and floor painted concrete which are in poor condition and vinyl floor tiles and suspended acoustical ceiling tiles which are in fair condition.",,N/A,N/A,Concrete Structure,Concrete Walls,"4"" Concrete Slab","6"" Concrete Slab",CSW,CSW,2,3,N/A,N/A,N/A,8.2,1,1.3,Public,Community Centre with Gym.," $4,745,123.95 ",Y,C,None,0,186,186,No,,Negligible Deterioration,N/A,0,0,None,5,Sloping Site,,,Irregular,N,Y,N,N,,99,Cat B - Basic Human Survival Needs,186,3041,526,0,894,1341,279,2,1.8,1.3% and 0.016%,Emergency Shelter,101-1000,,1.9,Medium,-123.0747427,49.23727083
245,RECR_1337_5175 Dumfries St_Kensington Community Centre,5175 Dumfries St,Phase 1,Monrit Gill,Pavan Dhillon,Adequate,17-Aug-26,Adequate,21-Aug-26,Yes,,Kensington Community Centre - Block 4 Gymnasium,3 - Limited Investment,City Owned,1337,1981-01,1981,1980,,"7,034",0,1,0,Kensington Community Centre is understood to have been constructed circa 1978 with two additions which were constructed circa 1981 (Gymnasium) and 2000 (Upper floor).,"The two-storey building appears to be constructed on spread footings. Where exposed, the superstructure appears to be of reinforced concrete construction with open web steel joists supported by load bearing concrete columns and supporting concrete and metal roof decks. The gymnasium addition appears to be of a wood frame construction supported on load bearing concrete masonry walls. No significant deficiencies were observed to suggest differential settlement of the building foundations or movement of the building structure.


The building exterior walls are generally comprised of concrete and stucco on the original building elevations, and concrete on the additions. The original building windows are typically of metal framed single glass units and some of the windows were replaced with insulated glass units in 2000. The addition windows are typically IGUs set in aluminum frames. The exterior entrance doors are typically glass doors set in aluminum frames. The service doors are hollow metal doors in metal frames. The roof cover is a combination of the 2-ply modified bituminous roof assembly and green roof. Overall, the building envelope components appear to be in poor condition. The green roof is in poor condition with evidence of active leaks. A building envelope study is recommended for this building.

The interior finishes in the building include ceramic floor tiles, vinyl sheet floor, painted concrete floor, rubber flooring, carpet flooring, vinyl tiles, hardwood flooring, painted wall assemblies, ceramic wall tiles, wood wall panels, acoustical panels, exposed concrete, painted ceiling assemblies, suspended acoustic tile ceiling assemblies and acoustical panels. The interior finishes appear to be in good condition overall, with the exception of floor ceramic tiles and floor painted concrete which are in poor condition and vinyl floor tiles and suspended acoustical ceiling tiles which are in fair condition.",,N/A,N/A,Reinforced Masonry Structure,Glulam Beams over URM,"Wood Joists @16"" O.C. with Plywood Sheathing","4"" Concrete Slab",RMC,RMC,4,7,N/A,N/A,N/A,8.2,1,1.3,Public,Community Centre with Gym.," $15,712,457.76 ",Y,C,None,0,615,653,No,,Negligible Deterioration,N/A,0,0,None,6,Split Level,,,Irregular,N,Y,N,Y,,99,Cat B - Basic Human Survival Needs,615,12787,505,0,4131,7228,923,1.5,1.9,1.3% and 0.016%,Emergency Shelter,101-1000,,1.9,Medium,-123.0747427,49.23727083
246,RECR_1365_3032 Wall St_New Brighton Outdoor Pool and Concession (Fieldhouse),3032 Wall St,,,,,,,,,,New Brighton Outdoor Pool and Concession (Fieldhouse),3 - Limited Investment,City Owned,1365,1970-01,1970,1970,"$8,816,882","23,592",374,1,0,The building was constructed circa 1960. The building is provided mainly with systems and components originating from the initial building construction.,"The single-storey building foundation are likely standard foundations bearing on good native firm soil. The slab on grade appears to be cast in place concrete continuously supported by native soil or engineer fill.  The single-storey building is likely a load bearing concrete masonry structure with wood beam and truss roof supporting the roof deck.

The exterior walls consist of painted wood siding boards, and masonry walls. The exterior windows are wood framed with single glass units.  The exterior doors include wood single doors . The roof covering includes wood shake and modified bitumen roofing.

The interior partitions are painted gypsum wallboard.  The interior doors are generally single wood doors set in matching wood frames. The interior floor finishes include sealed concrete, ceramic tiles and vinyl sheet floor finish. The interior wall and ceiling finishes include painted gypsum board ceiling and wood ceiling. 

The facility also includes outdoor pool structure.",,2004,,Masonry Walls,,,,,,,,,,,,,,,,#N/A,,,,,,,,,,,,,,,,,,Regular,,,,,,99,,0,#N/A,#N/A,#N/A,#N/A,#N/A,#N/A,#N/A,#VALUE!,3.98%,,11-100,,1.4,Medium,-123.0363098,49.28924593
247,RECR_7595_480 Broughton St_Coal Harbour Community Centre,480 Broughton St,Phase 1,,,,,,,,,Coal Harbour Community Centre,1 - Full Investment,City Owned,11089,2000-01,2000,1995,"$6,990,512","24,300",288,1,0,The Coal Harbour Community Center is understood to have been constructed circa 2000. The building is largely provided with systems and components originating from the initial building construction.,"The one-story building appears to be constructed on spread footings. Where exposed, the superstructure appears to be of concrete and metal-framed construction.  No significant deficiencies were observed to suggest differential settlement of the building foundations or movement of the building structure. However, water ingress in the foundation wall was observed. 

The building exterior walls are generally comprised of reinforced concrete walls. The building exterior windows are typical of metal-framed insulated glass units (IGUs). The exterior entrance doors are typically glass doors set in aluminum frames and metal service doors. The roof cover is an inverted roof assembly. Overall, the building envelope components appear to be in good condition. 

The interior finishes in the building include ceramic floor tiles, wood flooring, carpet flooring, sealed concrete flooring, painted wall assemblies, ceramic wall tiles, wood wall panels, acoustical wall panels, mirrors, painted ceiling assemblies, acoustical ceiling tiles and ceramic ceiling tiles. The interior finishes appear to be in good condition overall.",,,,Concrete Structure,,,,,,,,,,,,,,,,#N/A,,,,,,,,,,,,,,,,,,Regular,,,,,,99,,0,#N/A,#N/A,#N/A,#N/A,#N/A,#N/A,#N/A,#VALUE!,,Reception Centre,Unknown,,10,Pre-Screen Low,-123.1250966,49.29034724
248,RECR_7125_8730 Heather St - Marpole Curling Club,8730 Heather St - Marpole Curling Club,,,,,,,,,,,5 - No Investment,City Owned,7125,1959-01,1959,1953,"$9,497,654","22,303",426,2,0,"Marpole Curling Club is understood to have been constructed circa 1953 with an addition which was constructed 1989. The building is largely provided with systems and components originating from the initial building construction. Known renewals include:
- The majority of interior finishes updated circa 1989
- The roof was replaced circa 2003","The two-storey building without a basement appears to be constructed on spread footings. Where exposed, the superstructure appears to be of concrete, wood and steel construction.  No significant deficiencies were observed to suggest differential settlement of the building foundations or movement of the building structure.

The building exterior walls are generally comprised of metal siding on all building elevations. The building windows are typically of metal framed single glass units. The exterior entrance doors are typically metal and wood. The roof cover is a 2-ply modified bituminous roof assembly. Overall, the building envelope components appear to be in fair condition.

The interior finishes in the building include ceramic floor tiles, vinyl sheet flooring, painted concrete floor, carpet floor tiles, vinyl floor tiles, ceramic floor tiles, carpet flooring, rubber flooring, painted wall assemblies, ceramic wall tiles, wood wall panels, vinyl siding wall, painted ceiling assemblies, wood panel ceiling and suspended acoustic tile ceiling assemblies. The interior finishes appear to be in fair condition overall.",,,,Concrete Structure,,,,,,,,,,,,,,,,#N/A,,,,,,,,,,,,,,,,,,Regular,,,,,,99,,0,#N/A,#N/A,#N/A,#N/A,#N/A,#N/A,#N/A,#VALUE!,,,Unknown,,,Pre-Screen Low,-123.1232376,49.206501
249,RECR_1485_700 Templeton Drive_Templeton Pool,700 Templeton Drive,,,,,,,,,,Templeton Pool,4 - Minimal Investment,City Owned,1485,1970-01,1970,1970,"$7,678,521","20,546",374,1,0,"Templeton pool is understood to have been constructed circa 1970. An addition was constructed circa 1980 along the south and west portion of the building. The building is largely provided with systems and components originating from the initial building construction. Known renewals include:
- The majority of interior finishes updated circa 2000, 2003 and 2015
- TPO roof was replaced circa 1992
- Exterior automatic doors were replaced in 2006
- Exterior windows were replaced in 1989","The two-story building with a basement appears to be constructed on spread footings. Where exposed, the superstructure appears to be of wood, steel, and concrete frame construction.  No significant deficiencies were observed to suggest differential settlement of the building foundations or movement of the building structure.

The building exterior walls are generally comprised of painted concrete on building elevations. The windows are typical of metal-framed insulated glass units (IGUs). The exterior entrance doors are typically glass doors set in metal frames. The service doors are hollow metal doors in metal frames. The roof cover is a TPO roof assembly and an inverted roof assembly. Overall, the building envelope components appear to be in good condition.

The interior finishes in the building include ceramic floor tiles, vinyl sheet flooring, quarry tiles, rubber flooring, painted concrete floor, painted wall assemblies, ceramic wall tiles, wood wall panels, painted ceiling assemblies, and acoustic panels ceiling assemblies. The interior finishes appear to be in good condition overall.",,,,"Concrete foundation, wood frame & deck, concrete block walls w/steel deck roof",,,,,,,,,,,,,,,,#N/A,,,,,,,,,,,,,,,,,,Regular,,,,,,99,,0,#N/A,#N/A,#N/A,#N/A,#N/A,#N/A,#N/A,#VALUE!,0.4%,High Occupancy,101-1000,,2.4,Low,-123.0589867,49.27835827
250,RECR_1140_3875 Point Grey Road_Brock House - Main Building & Service Building,3875 Point Grey Road,,,,,,,,,,Brock House - Main Building & Service Building,2 - Moderate Investment,City Owned,1140,1906-01,1906,Pre-code,"$5,212,678","18,120",288,3,0,The building was constructed circa 1906. The building was provided mainly with systems and components originating from the initial building construction.,"The two-storey building structure is constructed of poured concrete foundation walls on either spread or strip footings bearing on good native firm soil.
The two-storey building structural framing system is likely a wood framed structure, where wood framed stud walls support the suspended wood floors and wood roof trusses/rafters.

The exterior walls consist of wood siding, The exterior windows are wood framed with single glass units. The exterior doors are wood doors. 
The interior partitions are painted gypsum wallboard. The interior floor finishes include hardwood floor, carpet floor and vinyl sheet / planks floor finishes. The interior ceiling finish is painted  gypsum board. The interior doors are generally single wood doors set in matching wood frames.",A (M),,,Wood Framed,,,,,,,,,,,,,,,,#N/A,,,,,,,,,,,,,,,,,,Regular,,,,,,99,,0,#N/A,#N/A,#N/A,#N/A,#N/A,#N/A,#N/A,#VALUE!,3%,High Occupancy,101-1000,,1.5,Medium,-123.1905435,49.27186645
251,RECR_1503_6875 Yew St_Maple Grove Outdoor Pool - Outdoor Pool,6875 Yew St,,,,,,,,,,Maple Grove Outdoor Pool - Outdoor Pool,2 - Moderate Investment,City Owned,1503,1992-01,1992,1990,"$997,421","14,000",71,1,0,"Maple Grove Outdoor Pool - Outdoor Pool is largely provided with systems and components originating from the initial pool construction. Reported renewals include:
- Renew flexible sealed at joints circa 2017. 
- Repaint the pool area circa 2015.","Maple Grove Outdoor Pool, which was reportedly constructed in approximately 1992, consist of two single-story pool buildings, and an outdoor inground pool structure. The pool walls and floor are reinforced concrete structure. The pool area is about 1300 sq.m.",,1992,,Concrete Structure,,,,,,,,,,,,,,,,#N/A,,,,,,,,,,,,,,,,,,Regular,,,,,,99,,0,#N/A,#N/A,#N/A,#N/A,#N/A,#N/A,#N/A,#VALUE!,,,Unknown,,10,Pre-Screen Low,-123.1599604,49.22306211
252,RECR_4382_2311 Cassiar St_Thunderbird Community Centre,2311 Cassiar St,NOT IN SCOPE,,,,,,,,,Thunderbird Community Centre,9 - CoV Not Responsible,City Operated,4382,1970-01,1970,1970,"$4,750,672","16,514",288,2,0,,,,,,"Concrete foundation, reinforced concrete & glulam beams frame w/built up composition roof",,,,,,,,,,,,,,,,#N/A,,,,,,,,,,,,,,,,,,Regular,,,,,,99,,0,#N/A,#N/A,#N/A,#N/A,#N/A,#N/A,#N/A,#VALUE!,,Emergency Shelter,,,,,-123.0318394,49.26337625
253,RECR_10977_3990 W 14th Av_Lord Byng Pool,3990 W 14th Av,,,,,,,,,,Lord Byng Pool,4 - Minimal Investment,City Leased,10977,1974-01,1974,1970,"$5,782,622","15,473",374,1,0,The Lord Byng Pool facility is understood to have been constructed circa 1974 with no known additions. Few targeted renovation projects are understood to have been undertaken details of which could not be confirmed at the time of the assessment.,"The single-storey building appears to be constructed on spread footings. Where exposed, the superstructure appears to be of wood framed construction with steel reinforcement.  No significant deficiencies were observed to suggest differential settlement of the building foundations or movement of the building structure.

The building exterior walls are generally comprised of stucco, wood panels cladding, and metal panel cladding. The building windows are typically of double-pane glass set in metal frames. The exterior entrance doors are typically glass doors set in aluminum frames. The service doors are hollow metal doors in metal frames. The roof cover is understood to be provided a 2-ply modified bituminous roof assembly; however it was not accessible at the time of the assessment. Overall, the building envelope components appear to be in fair to good condition, with the exception of the wood panel cladding, which is considered to be in poor condition.

The interior finishes in the building include ceramic floor tiles, resilient sheet floor, exposed concrete floor, rubber mat flooring, painted wall assemblies, ceramic wall tiles, wood wall panels, painted ceilings and acoustic tile ceiling finishes. The interior finishes appear to be in fair to good condition overall.",,,,"Concrete foundation, loadbearing walls, partial wood & steel columns & beams w/tar & gravel roof",,,,,,,,,,,,,,,,#N/A,,,,,,,,,,,,,,,,,,Regular,,,,,,99,,0,#N/A,#N/A,#N/A,#N/A,#N/A,#N/A,#N/A,#VALUE!,,,,,,,-123.1928585,49.25948449
254,RECR_1302_4867 Ontario St_Vancouver Racquets Club,4867 Ontario St,,,,,,,,,,Vancouver Racquets Club,9 - CoV Not Responsible,City Owned,1302,1970-01,1970,1970,"$7,191,885","25,000",288,1,0,,,,,,,,,,,,,,,,,,,,,,#N/A,,,,,,,,,,,,,,,,,,Regular,,,,,,99,,0,#N/A,#N/A,#N/A,#N/A,#N/A,#N/A,#N/A,#VALUE!,6.3%,High Occupancy,101-1000,,1.2,High,-123.106129,49.24114883
255,RECR_6955 Frontenac St_Champlain Activity Centre,Champlain Activity Centre,NOT IN SCOPE,,,,,,,,,,9 - CoV Not Responsible,City Operated,0,1973-01,1973,1970,"$4,179,636","14,529",288,1,0,,,,1978,,,,,,,,,,,,,,,,,,#N/A,,,,,,,,,,,,,,,,,,Regular,,,,,,99,,0,#N/A,#N/A,#N/A,#N/A,#N/A,#N/A,#N/A,#VALUE!,,,11-100,,,,-123.0277863,49.2203598
257,SOCI_1263_1447 Barclay St_Barclay Manor_Seniors Centre,1447 Barclay St,,,,,,,,,,Barclay Manor,2 - Moderate Investment,City Owned,1263,1/1/1890,1890,Pre-code,"$1,455,062","5,058",288,2,0,The building was constructed circa 1890. The building was provided mainly with systems and components originating from the initial building construction. The building is operated by the West End Community Association.,"The building structure is constructed of poured concrete foundation walls on strip footings bearing on good native firm soil. The structural framing system is likely a wood-framed structure, where wood-framed stud walls support the suspended wood floors and wood roof trusses/rafters.

The exterior walls consist of wood siding, and concrete brick veneer at select locations. The windows are composed of wood framed with single-pane glass units. The exterior doors are a combination of wood doors with select panels that contain vision inserts and single hollow metal doors.  The pitched roof consists of a cedar shake roof covering. 

The interior partitions are painted gypsum wallboard. The interior floor finishes include carpet floor and vinyl sheet floor finishes. The interior ceiling finish is painted gypsum board. The interior doors are generally single wood doors set in matching wood frames with select doors containing vision inserts.  Wood panel, and ceramic wall finishes are found in select spaces of the building. Fixed casework of laminate construction is provided in the building.",A (M),1980,,Wood Framed,,,,,,,,,,,,,,,,#N/A,,,,,,,,,,,,,,,,,,Regular,,,,,,99,,0,#N/A,#N/A,#N/A,#N/A,#N/A,#N/A,#N/A,#VALUE!,1.3%,,11-100,,1.9,Medium,-123.1326047,49.28722118
258,RECR_1559_1950 Windermere St_Sunrise Park Community Hall (Fieldhouse),1950 Windermere St,,,,,,,,,,Sunrise Park Community Hall (Fieldhouse),4 - Minimal Investment,City Owned,1559,1930-01,1930,Pre-code,"$1,254,265","4,360",288,1,0,The building was constructed circa 1930. The building is provided mainly with systems and components originating from the initial building construction.,"The single-storey building foundations are likely standard foundations bearing on good native firm soil. The slab on grade appears to be cast-in-place concrete continuously supported by native soil or engineered fill.  The building is likely be  a wood framed structure, and wood roof trusses/rafters suspended sloped roof structure. The roof covering includes asphalt shingle roofing. The exterior walls consist of painted wood siding boards and composite cementitious cladding siding finishes. The exterior windows are wood framed with single glass units.  The exterior doors include single wood doors. 

The interior partitions are painted gypsum wallboard.  The interior doors are generally single wood doors set in matching wood frames. The interior floor finishes include sealed concrete, vinyl sheet, and vinyl tiles. The interior ceiling finishes include painted gypsum board ceiling.",,,,Wood Framed,,,,,,,,,,,,,,,,#N/A,,,,,,,,,,,,,,,,,,Regular,,,,,,99,,0,#N/A,#N/A,#N/A,#N/A,#N/A,#N/A,#N/A,#VALUE!,,,Unknown,,10,Pre-Screen Low,-123.0360374,49.26693647
259,"RECR_1902_3434 Falaise Av_Falaise Park Community Hall, Childcare & Fieldhouse_MIXU",3434 Falaise Av,,,,,,,,,,"Falaise Park Community Hall, Childcare & Fieldhouse",3 - Limited Investment,City Owned,1902,1957-01,1957,1953,"$1,028,152","3,574",288,1,0,"The Falaise Park Community Hall, Childcare & Fieldhouse building was constructed circa 1957. It was provided mainly with systems and components originating from the initial building construction with some renovation and upgrade completed over the past few years, such as, interior walls and ceiling painting, washrooms, and the metal roofing.","The single-storey building without basement is a wood framed structure, with a cast-in-place concrete slab-on-grade and supported on standard strip foundations. No significant deficiencies were observed to suggest differential settlement of the building foundations or movement of the building structure.

The building exterior walls are provided with a painted finish, wood siding, and stone veneer. The exterior windows are single-pane glazing units in wood frames. The exterior doors are swing-type single and double wood doors, and hollow metal doors set in metal frames. The building pitched roof is covered with metal roofing. Overall, the building envelope components appear to be in good condition, except for the wood siding, the wood framed windows, and the wood doors, which are in fair condition.

The interior wall finishes are painted plywood and ceramic wall tiles. The interior floor finishes are vinyl tile flooring and sealed concrete floor. The interior ceiling finish is a painted plywood. The interior doors are generally swing-type single and double wood doors and metal single-doors set in metal frames. The interior finishes appear to be in good condition, except for the vinyl tile flooring which is in fair condition.",,,,Wood Framed,,,,,,,,,,,,,,,,#N/A,,,,,,,,,,,,,,,,,,Regular,,,,,,99,,0,#N/A,#N/A,#N/A,#N/A,#N/A,#N/A,#N/A,#VALUE!,,,11-100,,4.0999999999999996,Low,-123.0294549,49.25514582
260,RECR_10589_4186-4196 W 4th Av_West Point Grey Jericho Hill Centre - Recreation,4186-4196 W 4th Av,NOT IN SCOPE,,,,,,,,,West Point Grey Jericho Hill Centre - Recreation,9 - CoV Not Responsible,City Operated,10589,1970-01,1970,1970,"$8,054,911","28,000",288,1,0,,,,,,,,,,,,,,,,,,,,,,#N/A,,,,,,,,,,,,,,,,,,Regular,,,,,,99,,0,#N/A,#N/A,#N/A,#N/A,#N/A,#N/A,#N/A,#VALUE!,,,,,10,Pre-Screen Low,-123.1985476,49.26697209
263,POLI_6503_2120 Cambie St_Police Headquarters 2,2120 Cambie St,,,,,,,,,,Police Headquarters 2,3 - Limited Investment,City Leased,6503,1991-01,1991,1990,"$21,609,613","75,085",288,7,1,"The police headquarters 2 is understood to have been constructed circa 1991. The building is largely provided with systems and components originating from the initial building construction. Known renewals include:
- The carpet floor tiles were upgraded circa 2000
- The interior paint was upgraded circa 2006","The seven-story building with an underground parking garage appears to be constructed on spread footings. Where exposed, the superstructure appears to be of concrete-framed,  and steel constructions. No significant deficiencies were observed to suggest differential settlement of the building foundations or movement of the building structure.

The building exterior walls are generally comprised of brick veneer walls, stucco walls, and metal siding and panels on the building elevations. The building windows are typical of metal-framed insulated glass units. The exterior entrance doors are typically glass and metal doors set in metal frames. The roof cover is a built-up roof system. Overall, the building envelope components appear to be in good condition.

The interior finishes in the building include vinyl floor tiles, carpet floor tiles, marble floor tiles, ceramic floor tiles, waterproofing membrane, painted concrete flooring, painted wall assemblies, ceramic wall tiles, marble wall tiles, painted ceiling assemblies, and suspended acoustic tile ceiling assemblies. The interior finishes appear to be in good condition overall.",,,,Concrete Structure,,,,,,,,,,,,,,,,#N/A,,,,,,,,,,,,,,,,,,Regular,,,,,,99,,0,#N/A,#N/A,#N/A,#N/A,#N/A,#N/A,#N/A,#VALUE!,,Emergency Response - B,Unknown,,10,Pre-Screen Low,-123.1140087,49.26638329
264,POLI_1762_236 E Cordova St_Police Headquarters 3,236 E Cordova St,,,,,,,,,,Police Headquarters 3,2 - Moderate Investment,City Owned,1762,1976-01,1976,1975,"$20,673,397","102,343",202,4,0,"Police Headquarters 3 is understood to have been constructed circa 1976. The building is largely provided with systems and components originating from the initial building construction. Known renewals include:
- The 4th floor was renovated circa 2019
- Roof was replaced circa 2012
- Second-floor men's washroom was renovated circa 2012","The four-story building with 7 half underground parking garage appears to be constructed on spread footings. Where exposed, the superstructure appears to be of concrete frame construction.  No significant deficiencies were observed to suggest differential settlement of the building foundations or movement of the building structure. However, evidence of leaks in the underground parking garage were observed.

The building exterior walls are generally comprised of concrete walls building elevations. The building windows are typical of metal-framed insulated glass units (IGUs). The exterior entrance doors are typically glass doors set in aluminum frames. The service doors are hollow metal doors in metal frames. The roof cover is a 2-ply modified bituminous roof assembly. Overall, the building envelope components appear to be in fair condition. A building envelope study is recommended for the building.

The interior finishes in the building include ceramic floor tiles, vinyl floor sheet, painted concrete floor, rubber matt flooring, carpet floor tiles, laminated wood flooring, vinyl floor tiles, quarry tiles, traffic coating, painted wall assemblies, ceramic wall tiles, wood wall panels, spray stucco, rubber matt, wallpaper, painted ceiling assemblies and suspended acoustic tile ceiling assemblies. The interior finishes appear to be in fair to good condition overall.",,1994,,Concrete Structure,,,,,,,,,,,,,,,,#N/A,,,,,,,,,,,,,,,,,,Regular,,,,,,99,,0,#N/A,#N/A,#N/A,#N/A,#N/A,#N/A,#N/A,#VALUE!,0.16%,Responder,101-1000,,2.8,Low,-123.0984817,49.28207036
265,POLI_7557_2010 Glen Drive_Police Property Storage & Forensics,2010 Glen Drive,,,,,,,,,,Police Property Storage & Forensics,1 - Full Investment,City Owned,7557,2011-01,2011,2010,"$33,372,104","97,821",341,1,0,"The Police Property Storage & Forensics facility is understood to have been constructed circa 2011, with no known additions and limited renovations.","The three-storey building, with mezzanine and penthouse levels, is understood to be constructed on pile and reinforced concrete foundations. Where exposed, the superstructure appears to be predominantly of steel frame construction.  No significant deficiencies were observed to suggest differential settlement of the building foundations or movement of the building structure.

The building exterior walls are generally comprised of metal cladding, and cementitious board. Window assemblies are double pane glass set in a combination of fixed windows, window walls. The exterior entrance doors are typically glass doors set in aluminum frames. The service doors are hollow metal doors in metal frames. The roof cover is predominantly comprised of single ply membrane assemblies, metal roofing, green roof assemblies. Overall, the building envelope components appear to be in good condition.

The interior finishes in the building include sealed concrete floor, resilient sheet floor, carpeting, epoxy floor, exposed concrete floor, painted wall assemblies, ceramic wall tiles, wood wall panels, painted ceiling assemblies, suspended acoustic tile ceiling assemblies as well as exposed structural members. The interior finishes appear to be in good condition overall.",,,,Metal Framed,,,,,,,,,,,,,,,,#N/A,,,,,,,,,,,,,,,,,,Regular,,,,,,99,,0,#N/A,#N/A,#N/A,#N/A,#N/A,#N/A,#N/A,#VALUE!,,Responder,Unknown,,10,Low,-123.0803928,49.26667638
266,CWYD_7557_2010 Glen Drive_Police Tactical Training Centre,2010 Glen Drive,Phase 1,,,,,,,,,Police Tactical Training Centre,1 - Full Investment,City Owned,7557,2010-01,2010,2010,"$14,871,305","51,672",288,1,0,The Police Tactical Training Centre is understood to have been constructed circa 2010. The building systems and components originating from the initial building construction.,"The single-storey with a mechanical penthouse building appears to be constructed on spread footings. Where exposed, the superstructure appears to be of concrete and steel construction.  No significant deficiencies were observed to suggest differential settlement of the building foundations or movement of the building structure.

The building exterior walls are generally comprised of metal cladding, cementitious board on all building elevations. The building windows are typically of aluminum framed insulated glass units (IGUs). The exterior entrance doors are typically glass doors set in aluminum frames. The service doors are hollow metal doors in metal frames. The roof cover is a single ply membrane roof assembly, metal roofing and green roof assembly. Overall, the building envelope components appear to be in good condition.

The interior finishes in the building include vinyl sheet flooring, sealed concrete floor, rubber floor, epoxy flooring, painted wall assemblies, wood panels, padded wall, ceramic wall tiles, acoustical wall tiles, metal siding wall, painted ceiling assemblies, adhered acoustical tiles and suspended acoustic tile ceiling assemblies. The interior finishes appear to be in good condition overall.",,,,Metal Framed,,,,,,,,,,,,,,,,#N/A,,,,,,,,,,,,,,,,,,Regular,,,,,,99,,0,#N/A,#N/A,#N/A,#N/A,#N/A,#N/A,#N/A,#VALUE!,,Responder,Unknown,,10,Low,-123.0801366,49.26697042
267,COMM_1273_330-342 Alexander St_Former Police Garages,330-342 Alexander St,,,,,,,,,,Former Police Garages,3 - Limited Investment,City Owned,1273,1971-01,1971,1970,"$3,583,102","14,946",240,2,0,"The 330 and 342 buildings are understood to have been constructed circa 1971.  The building is largely provided with systems and components originating from the initial building construction. Known renewals include:
- The 342 and 340 building was renovated circa 2018
- The 330 building was renovated circa 2004
- Office area was renovated circa 2012","The two-story building appears to be constructed on spread footings. Where exposed, the superstructure appears to be of wood and concrete framed construction.  Bases on the provided seismic report, a study and repair are recommended for the building structure.

The building exterior walls are generally comprised of painted concrete walls on north and south elevations. The building windows are typical of vinyl-framed insulated glass units (IGUs) and metal framed with single glass units. The exterior entrance doors are typically glass doors set in aluminum frames. The service doors are hollow metal doors in metal frames. The roof cover is a 2-ply modified bituminous roof assembly.  Overall, the building envelope components appear to be in good condition.

The interior finishes in the building include ceramic floor tiles, vinyl floor sheets, painted concrete floors, carpet floor tiles, painted wall assemblies, ceramic wall tiles,  painted ceiling assemblies, and suspended acoustic tile ceiling assemblies. The interior finishes appear to be in good condition overall.",,2018-2012-2004,,Concrete Structure,,,,,,,,,,,,,,,,#N/A,,,,,,,,,,,,,,,,,,Regular,,,,,,99,,0,#N/A,#N/A,#N/A,#N/A,#N/A,#N/A,#N/A,#VALUE!,15%,,11-100,,-0.3,High,-123.0965784,49.28385352
268,POLI_5187_755 Evans Av_Police Dog Squad,755 Evans Av,,,,,,,,,,Police Dog Squad,1 - Full Investment,City Owned,5187,2009-01,2009,2005,"$2,014,614","7,000",288,1,0,The Police Dog Squad was constructed circa 2009. It is provided mainly with systems and components originating from the initial building construction with some interior painting finish update in the last 4 years.,"The single-storey building without basement is likely a mix of concrete masonry block units (CMU) load-bearing walls supporting steel roof beams and wood roof beams supporting steel corrugated roof deck, supported on standard strip foundations with concrete slab-on-grade. No significant deficiencies were observed on the building's superstructure to suggest differential settlement of the building foundations or movement of the building structure.

The building exterior walls are cladded with a metal siding, the exterior windows are insulated double glazing units in aluminum frames. The exterior doors are a swing-type aluminum glass single-door, a sliding-type aluminum glass door, swing-type hollow-core metal single-doors, and an overhead garage door. The building pitched roof is covered with a standing seam metal roofing, and the low-sloped roof is covered with a conventional modified bitumen SBS roofing. The roof is also provided with 11 acrylic skylights. Overall, the building envelope components appear to be in good condition.

The interior wall finishes are painted gypsum boards, painted concrete masonry lock walls, and ceramic wall tiles. The interior floor finishes are vinyl tiles flooring, rubber flooring, and epoxy coated concrete floor. The interior ceiling finishes are painted gypsum boards, painted metal ceiling, and suspended acoustic ceiling panels. The interior doors are generally swing-type metal single-doors and double-doors set in metal frames. The interior finishes appear to be in good condition overall.",,,,Masonry Walls,,,,,,,,,,,,,,,,#N/A,,,,,,,,,,,,,,,,,,Regular,,,,,,99,,0,#N/A,#N/A,#N/A,#N/A,#N/A,#N/A,#N/A,#VALUE!,,Responder,Unknown,,10,Pre-Screen Low,-123.0861962,49.27195955
269,POLI_4325_Stanley Park_Mounted Police Squad Building,Stanley Park,,,,,,,,,,Mounted Police Squad Building,3 - Limited Investment,City Owned,4325,1999-01,1999,1995,"$3,159,490","10,978",288,2,0,"Stanley Park Mounted Police Squad building is understood to have been constructed circa 1999. The building is largely provided with systems and components originating from the initial building construction. Known renewals include:
- One washroom at the lower floor of the main building was renovated circa 2007
- The interior painted wall finishes were updated circa 2015","The two-storey building appears to be constructed on spread footings. Where exposed the superstructure is a combination of wood and steel framed support structures supporting wood floor assemblies and wood roof trusses. Concrete masonry block load bearing walls were observed. No significant deficiencies were observed to suggest differential settlement of the building foundations or movement of the building structure.

The building exterior walls are generally comprised of wood siding at all building elevations. The building windows are typically a combination of metal framed insulated glass units (IGUs) and single glass units. The exterior entrance doors are typically a combination of wood and metal doors. The roof cover is an asphalt shingles roof assembly. Overall, the building envelope components appear to be in good condition.

The interior finishes in the building include ceramic floor tiles, vinyl sheet floor, exposed wood floor, painted wall assemblies, ceramic wall tiles, wood wall panels, painted ceiling assemblies and exposed ceiling. The interior finishes appear to be in good condition overall.",,,,Wood Framed,,,,,,,,,,,,,,,,#N/A,,,,,,,,,,,,,,,,,,Regular,,,,,,99,,0,#N/A,#N/A,#N/A,#N/A,#N/A,#N/A,#N/A,#VALUE!,,,,,,Pre-Screen Low,-123.1374696,49.30024728
270,POLI_7083_209 E Waterfront Road_Police Marine Unit Building,209 E Waterfront Road,,,,,,,,,,Police Marine Unit Building,3 - Limited Investment,City Owned,7083,1992-01,1992,1990,"$553,252","2,500",221,2,0,"BCA REPORT NOTES: 

•	The attached report is not a capital plan but a tool to assist in developing one.

•	Actions noted on the report are based on repair or renewal needs identified in an on-site visual component review. This is not a detailed facility condition assessment (not invasive testing or detailed review of existing drawings have been done as part of this assessment)

•	This is also not a code compliance review or hazardous materials survey.  Values for hazardous materials abatement, seismic retrofit, buildings upgrades or renovations are not included.  

•	It is expected that if needs occur on critical components before the date on which the report is indicating that they will be addressed and not deferred.   Alternately if needs are not present on the date indicated the component will be monitored on an appropriate schedule and the work will be deferred.

•	Component Replacement Values and Action Costs are based on RS Means average for building type and location values are for hard costs only. 

•	Overall project scope and detailed budget remains to be fully developed. 

•	These values do not constitute requested project budgets for the facility.",,,,,,,,,,,,,,,,,,,,,#N/A,,,,,,,,,,,,,,,,,,Regular,,,,,,99,,0,#N/A,#N/A,#N/A,#N/A,#N/A,#N/A,#N/A,#VALUE!,,Responder,Unknown,,10,Pre-Screen Low,-123.099547,49.28609707
271,POLI_6839_5160 Joyce St_Collingwood Community Police Centre,5160 Joyce St,,,,,,,,,,Collingwood Community Police Centre,1 - Full Investment,City Owned,6839,1998-01,1998,1995,"$215,852",750,288,1,0,The Collingwood Community Police Center is understood to have been constructed circa 1998. The building is largely provided with systems and components originating from the initial building construction.,"The one-story building appears to be constructed on spread footings. Where exposed, the superstructure appears to be of concrete-framed, construction.  No significant deficiencies were observed to suggest differential settlement of the building foundations or movement of the building structure.

The building exterior walls are generally comprised of brick veneer walls on the west elevation of the building. The building windows are typical of metal-framed insulated glass units. The exterior door is a glass door with a metal framed. Overall, the building envelope components appear to be in good condition.

The interior finishes in the building include vinyl floor tiles, rubber flooring, painted wall assemblies and suspended acoustical ceiling tiles. The interior finishes appear to be in good condition overall.",,,,Concrete Structure,,,,,,,,,,,,,,,,#N/A,,,,,,,,,,,,,,,,,,Regular,,,,,,99,,0,#N/A,#N/A,#N/A,#N/A,#N/A,#N/A,#N/A,#VALUE!,,Emergency Response - D,Unknown,,10,Pre-Screen Low,-123.0321036,49.23773136
273,NONM_7904_1261 Granville St_Granville Residence,1261 Granville St,Phase 1,Kate Thibert (Ausenco),Pavan Dhillon,Partial,18-Sep-25,Adequate,18-Sep-25,Yes,Yes,Granville Residence,2 - Moderate Investment,City Owned,7904,1919-01,1919,Pre-code,"$11,159,174","32,710",341,5,1,"Granville residence building is understood to have been constructed circa 1919. The building is largely provided with systems and components originating from the initial building construction. Known renewals include:
- The majority of interior and exterior finishes updated circa 1990
- Some of the interior finishes updated circa 2005","The five-storey building with a basement appears to be constructed on spread footings. Where exposed, the superstructure appears to be of wood framed construction.  No significant deficiencies were observed to suggest differential settlement of the building foundations or movement of the building structure. However, some cracks were observed in the wood beams and study is recommended.

The building exterior walls are generally comprised of brick masonry, wood siding and stucco wall on the building elevations. The building windows are typically of metal framed insulated glass units (IGUs) and metal frame single glass units. The exterior entrance doors are typically glass doors set in aluminum frames. The service doors are hollow metal doors in metal frames. The roof cover is a 2-ply modified bituminous roof assembly. Overall, the building envelope components appear to be in good to fair condition.

The interior finishes in the building include ceramic floor tiles, vinyl sheet flooring, vinyl floor tiles, carpet floor tiles, painted wall assemblies, ceramic wall tiles, painted ceiling assemblies and suspended acoustic tile ceiling assemblies. The interior finishes appear to be in fair to good condition overall.",,1990,,"Concrete foundation, wood timber post & beam frame w/masonry brick walls & tar and gravel roof",Timber Posts and HSS Columns,,,URM,URM,2,2,N/A,N/A,,,1.0,1.0,Residential,Non-Market Housing ," $25,833,360.00 ",Y,C,"Full Basement, Fully Below Grade",500,500,500,N/A,"No chimneys present on site, however, the chimeny's were likely removed without record.",Moderate Deterioration,N/A,0,3,Type 3,1,Vertical Stiffness Irregularity (Soft Storey) or Discontinuity in Capacity (Weak Storey),,,Irregular,N,Y,Y,Y,Weak Storey - Non-W1 50%-75%,99,Cat B - Basic Human Survival Needs,3000,#N/A,#N/A,#N/A,0,0,2500,0.2,0.3,15%,High Occupancy,11-100,,-0.5,High,-123.1273228,49.27662772
274,NONM_4908_716 Smithe St_Gresham Residences,716 Smithe St,Phase 1,,,,,,,,,Gresham Residences,3 - Limited Investment,City Owned,4908,1908-01,1908,Pre-code,"$4,111,077","16,273",253,3,0,"The 716 Smithe Street, Gresham Hotel is an approximately 16,273 sf, 41 units, three-storey building, concrete foundations, masonry brick load-bearing walls and wood framing structure. It was constructed circa 1908, completely renovated in 1992. The building is primarily used as an affordable housing providing Single Room Occupancy (SRO) with shared washrooms, showers, lounge, kitchen and laundry room. The building has two retail tenants at the ground level, a restaurant at unit #901 (Cinema Public House) and a Subway at unit #722.","The three-storey building appears to be constructed on spread footings. Where exposed, the superstructure appears to be of wood-framed, and masonry brick load-bearing walls construction. No significant deficiencies were observed to suggest differential settlement of the building foundations or movement of the building structure.

The majority of the external walls consist of clay masonry brick veneer elevations and stucco at the courtyard elevations. The newer windows, which were replaced in 1992, are aluminum framed and the original windows are wooden framed double glazed windows. The exterior main entrance door is metal framed swing double-doors with glazing and the fire exit door, at the east of the building, is a hollow metal framed swing single-door. The roof consists of flat two-ply SBS bitumen membrane roofing. Overall, the building envelope components appear to be in good condition.

Interior finishes include vinyl floor covering, ceramic floor tiles, painted wall finish, textured plastic sheet wall panels, painted ceiling finish and suspended acoustic ceiling tiles assemblies. The interior finishes appear to be in good to fair condition overall, with the exception of the ground floor vinyl floor tilts and suspended acoustic ceiling tiles, which are in poor condition.",,1992,,"Concrete foundation, timber post & beam frame, masonry brick walls w/built up composition roof",,,,,,,,,,,,,,,,#N/A,,,,,,,,,,,,,,,,,,Regular,,,,,,99,,0,#N/A,#N/A,#N/A,#N/A,#N/A,#N/A,#N/A,#VALUE!,15%,,11-100,,0.6,High,-123.121901,49.28043645
276,LIBR_4698_345 Robson St_Library Square_MIXU,345 Robson St,Phase 1,,,,,,,,,Library Square,1 - Full Investment,City Owned,4698,1995-01,1995,1995,"$121,089,192","420,923",288,9,0,"Robson library is understood to have been constructed circa 1995 and is a public library. The Building is largely provided with systems and components originating from the initial building construction. Known renewals include:
- Level 9 and 8 were fully renovated in circa 2018
- Some parts of carpet floor was replaces in 2015
- Skylights at the roof area 4.2 was replaced in 2018","The nine-storey library building and seven-story retail area appears to be constructed on spread footings. Where exposed the superstructure appears to be cast-in-place concrete throught the building, steel framing for skylights in the atrium area, raised floor and metal tention construction.  No significant deficiencies were observed to suggest differential settlement of the building foundations or movement of the building structure.

The building exterior walls are generally comprised of pre-cast concrete, stucco walls and metal panel walls in building elevations. The building windows are typically of metal framed insulated glass units (IGUs).The building skylights are typically of metal framed insulated glass units. The exterior entrance doors are typically glass doors set in aluminum frames. The service doors are hollow metal doors in metal frames. The roofs of the building is provided with green roof, inverted flat roof and metal slope roof assembly. Overall, the building envelope components appear to be in fair condition. The stucco walls and some part of the inverted roofs are in poor condition and it is recommended to replace those. Most of the sealant around the skylight and windows is in poor condition.

The interior finishes in the building include ceramic floor tiles, vinyl sheet floor, exposed concrete floor, carpet floor tiles, laminated wood floor, paved brick, painted wall assemblies, ceramic wall tiles, acoustical wall panel, painted ceiling assemblies and suspended acoustic tile ceiling assemblies. The interior finishes appear to be in good condition overall, with the exception of vinyl sheet flooring and some parts of the carpet flooring which are in poor to fair condition.",,2018,,Concrete Structure,,,,,,,,,,,,,,,,#N/A,,,,,,,,,,,,,,,,,,Regular,,,,,,99,,0,#N/A,#N/A,#N/A,#N/A,#N/A,#N/A,#N/A,#VALUE!,,Emergency Shelter,Unknown,,10,Pre-Screen Low,-123.1156375,49.27985052
278,RECR_7693_1 Kingsway_Mount Pleasant Community Centre and Library_MIXU,1 Kingsway,Phase 1,,,,,,,,,Mount Pleasant Community Centre and Library,1 - Full Investment,City Owned,7693,2009-01,2009,2005,"$14,831,105","51,555",288,2,0,The Mount Pleasant Community Center is understood to have been constructed circa 2009. The building is largely provided with systems and components originating from the initial building construction.,"The three-story building appears to be constructed on spread footings. Where exposed, the superstructure appears to be of concrete and metal-framed construction.  No significant deficiencies were observed to suggest differential settlement of the building foundations or movement of the building structure.

The building exterior walls are generally comprised of brick veneer walls and metal louvers. The building exterior windows are typical of metal-framed insulated glass units (IGUs). The exterior entrance doors are typically glass doors set in aluminum frames and metal service doors. The roof cover is a green roof assembly. Overall, the building envelope components appear to be in good condition. 

The interior finishes in the building include ceramic floor tiles, wood flooring, carpet floor tiles, sealed concrete flooring, rubber floor tiles, vinyl sheet flooring, painted wall assemblies, ceramic wall tiles, mirrors, wood wall panels, painted ceiling assemblies, acoustical ceiling tiles, and ceramic ceiling tiles. The interior finishes appear to be in good condition overall.",,,,Concrete Structure,,,,,,,,,,,,,,,,#N/A,,,,,,,,,,,,,,,,,,Regular,,,,,,99,,0,#N/A,#N/A,#N/A,#N/A,#N/A,#N/A,#N/A,#VALUE!,,,Unknown,,10,Pre-Screen Low,-123.0999777,49.26401973
279,RECR_7100_181 Roundhouse Mews_Roundhouse Community Centre_MIXU,181 Roundhouse Mews,Phase 1,,,,,,,,,Roundhouse Community Centre,1 - Full Investment,City Owned,7100,1/1/1888,1888,Pre-code,"$16,143,768","56,118",288,2,0,"The roundhouse community center is understood to have been constructed circa 1888 with an addition that was constructed circa 1996 and is a registered heritage building. The building is largely provided with systems and components originating from the initial building construction. Known renewals include:
- The majority of the building upgraded circa 1996","The two-story building with an underground parking garage appears to be constructed on spread footings. Where exposed, the superstructure appears to be of wood-framed, steel-framed, and concrete framed construction.  No significant deficiencies were observed to suggest differential settlement of the building foundations or movement of the building structure. However, cracks and leaks were observed in the foundation. Study and repair are recommended for the building foundation. 

The building exterior walls are generally comprised of brick masonry walls and painted wood siding walls on all building elevations. The original building windows are typical of wood-framed single glass units. The addition windows are typical metal-framed insulated glass units (IGUs). The exterior entrance doors are typically glass doors set in aluminum frames. The service doors are hollow metal doors in metal frames and wood barn doors. The roof cover is a 2-ply modified bituminous roof assembly and sloped metal roof. Overall, the building envelope components appear to be in good condition, with the exception of the exterior barn doors and some skylights which are in poor condition.

The interior finishes in the building include ceramic floor tiles, vinyl sheet flooring, epoxy concrete floor, traffic membrane, hardwood flooring, laminated wood flooring, carpet flooring, vinyl floor tiles, carpet floor tiles, painted wall assemblies, ceramic wall tiles, wood wall panels, acoustical wall panels, mirrors, painted ceiling assemblies and suspended acoustic tile ceiling assemblies. The interior finishes appear to be in good condition overall.",A (P),,,Wood Framed,,,,,,,,,,,,,,,,#N/A,,,,,,,,,,,,,,,,,,Regular,,,,,,99,,0,#N/A,#N/A,#N/A,#N/A,#N/A,#N/A,#N/A,#VALUE!,,Reception Centre,Unknown,,10,Pre-Screen Low,-123.1218731,49.27333637
280,RECR_1821_6260 Killarney St_Killarney Community Centre,6260 Killarney St,Phase 1,Kate Thibert (Ausenco),Pavan Dhillon,Adequate,24-Sep-25,Adequate,24-Sep-25,Yes,Yes,Killarney Community Centre Block 1,1 - Full Investment,City Owned,1821,2009-01,2009,2005,"$13,699,390","47,621",288,1,1,"Block 1 was reconstructed in 2009 during the construction for the ice rink addition. Block 1 is a concrete shearwall system.
Killarney Community Centre is understood to have been constructed circa 1998 with an addition portion which was constructed circa 2017. The building is largely provided with systems and components originating from the initial building construction.
","The two-storey building with a basement appears to be constructed on spread footings. Where exposed, the superstructure appears to be a combination of concrete, steel and wood construction.  No significant deficiencies were observed to suggest differential settlement of the building foundations or movement of the building structure.

The building exterior walls are generally comprised of concrete masonry blocks, wood sidings, metal sidings and brick walls on the building elevations. The building windows are typically of metal framed insulated glass units (IGUs). The exterior entrance doors are typically glass doors set in metal frames. The service doors are hollow metal doors in metal frames. The roof cover is a 2-ply modified bituminous roof assembly and TPO roof assembly. Overall, the building envelope components appear to be in good condition.

The interior finishes in the building include ceramic floor tiles, vinyl sheet flooring, painted concrete floor, carpet flooring, hardwood flooring, rubber tiles, rubber mat, painted wall assemblies, ceramic wall tiles, wood wall panels, acoustical wall panels, painted ceiling assemblies, ceramic ceiling tiles and suspended acoustic tile ceiling assemblies. The interior finishes appear to be in good condition overall.",,,,Concrete Structure,Timber Beams with Steel Columns,76mm Steel Deck,"4"" Concrete Slab",CSW,CSW,1,1,N/A,N/A,,,1.3,1.3,Public,Community Centre with Gym.," $7,150,645.56 ",N,E,"Full Basement, Fully Below Grade",140,140,140,Peat area,,Negligible Deterioration,N/A,0,0,None,,,,,Regular,N,Y,Y,N,None,99,Cat B - Basic Human Survival Needs,280,325.255,115.255,0,0,0,210,4.1,4.6,0.2%,Reception Centre,101-1000,,2.7,Low,-123.0430792,49.22720389
280,RECR_1821_6260 Killarney St_Killarney Community Centre,6260 Killarney St,Phase 1,Kate Thibert (Ausenco),Pavan Dhillon,Partial,24-Sep-25,Adequate,24-Sep-25,Yes,Yes,Killarney Community Centre Block 2,1 - Full Investment,City Owned,1821,1998-01,1998,1995,,,#DIV/0!,2,1,1998 Construction with a newer portion constructed some time after 1998.,,,Post-1998,Additional structure in the Northeast corner,Reinforced Masonry Structure,Infill,,,RMC,RMC,1,1,N/A,N/A,,,1,1.3,Public,Community Centre with Gym.," $43,670,013.95 ",Y,E,"Full Basement, Fully Below Grade",570,570,570,Peat area,Addition post-1998,Negligible Deterioration,N/A,0,0,None,6,Split Level,,,Irregular,N,Y,Y,N,None,99,Cat B - Basic Human Survival Needs,1710,#N/A,#N/A,#N/A,0,0,1710,1.1,1.3,,,,,,,-123.0430792,49.22720389
280,RECR_1821_6260 Killarney St_Killarney Community Centre,6260 Killarney St,Phase 1,Kate Thibert (Ausenco),Pavan Dhillon,None,24-Sep-25,Adequate,24-Sep-25,Yes,Yes,Killarney Community Centre Block 3,1 - Full Investment,City Owned,1821,2007-01,2007,2005,,,#DIV/0!,1,1,2007 Construction,Mixed Concrete Shear Wall and Braced Frame,,,,Mixed Concrete and Steel Braced Frame,Concrete,,,CSW,SBF,2,2,N/A,N/A,,,1.3,1.3,Public,Swimming Pools (Indoor)," $123,818,425.91 ",N,E,"Full Basement, Fully Below Grade",2090,2090,2090,Peat area,,Negligible Deterioration,N/A,0,0,None,,,2,Non-orthogonal Systems,Irregular,N,Y,Y,N,None,99,Cat B - Basic Human Survival Needs,4180,#N/A,#N/A,#N/A,0,0,3135,4,3.9,,,,,,,-123.0430792,49.22720389
280,RECR_1821_6260 Killarney St_Killarney Community Centre,6260 Killarney St,Phase 1,Kate Thibert (Ausenco),Pavan Dhillon,Adequate,24-Sep-25,Adequate,24-Sep-25,Yes,Yes,Killarney Community Centre Block 4,1 - Full Investment,City Owned,1821,2009-01,2009,2005,,,#DIV/0!,1,1,2009 Construction,Tilt-up Panels,,,,Concrete,Concrete Tilt-up,,,PCW,PCW,1,1,N/A,N/A,,,1.3,1.3,Public,Ice Rinks," $89,887,815.88 ",N,E,"Full Basement, Fully Below Grade",1860,1860,1860,Peat area,,Negligible Deterioration,N/A,0,0,None,,,,,Regular,N,Y,Y,N,None,99,Cat B - Basic Human Survival Needs,3720,#N/A,#N/A,#N/A,0,0,2790,1.3,2.3,,,,,,,-123.0430792,49.22720389
281,RECR_6882_870 Denman St_West End Community Centre_MIXU,870 Denman St,Phase 1,,,,,,,,,West End Community Centre,4 - Minimal Investment,City Leased,6882,1976-01,1976,1975,"$22,387,276","61,600",363,2,1,The West End Community Centre is understood to have been constructed circa 1976 with no known additions. Localized renovations are understood to have occurred details of which could not be confirmed at the time of the assessment.,"The two-storey building is constructed with a cast-in-place concrete structure over a 3-level underground parking garage. No significant deficiencies were observed to suggest differential settlement of the building foundations or movement of the building structure.

The building exterior walls are generally comprised of exposed cast-in-place concrete. The building is provided a combination of single pane and double pane windows. Glazed entrances and metal service doors are installed along the exterior elevations. The roof cover is a 2-ply modified bituminous roof assembly. Overall, the building envelope components appear to be in fair to good condition with the exception of the Haro Street balcony membrane, which is considered to be in poor condition. Furthermore, targeted repairs are recommended. 

The interior finishes in the building include ceramic floor tiles, resilient sheet floor, carpet flooring, hardwood flooring, rubberized flooring, laminate flooring, painted concrete floor, painted wall assemblies, ceramic wall tiles, wood wall panels, acoustical tiles, painted ceiling assemblies and suspended acoustic tile ceiling assemblies, ceramic ceiling tiles. The interior finishes appear to be in fair to good condition overall, with recommended targeted repairs.",,1991,,Concrete foundation & frame w/ built up tar & gravel roof,,,,,,,,,,,,,,,,#N/A,,,,,,,,,,,,,,,,,,Regular,,,,,,99,,0,#N/A,#N/A,#N/A,#N/A,#N/A,#N/A,#N/A,#VALUE!,,Reception Centre,101-1000,,SRG,Medium,-123.1363104,49.29026096
282,RECR_1469_3360 Victoria Drive_Trout Lake Community Centre - Ice Rink,3360 Victoria Drive,Phase 1,,,,,,,,,Trout Lake Community Centre - Ice Rink,1 - Full Investment,City Owned,1469,2009-01,2009,2005,"$12,356,613","34,000",363,1,0,Trout Lake Community Center - Ice Rink is understood to have been constructed circa 2009 and is registered as a LEED silver building. The building is largely provided with systems and components originating from the initial building construction.,"The single-storey building without a basement appears to be constructed on concrete spread-footings which bear on native soil or engineered fill. Where exposed, the superstructure appears to be of cast in place reinforced concrete columns, beams, and walls supporting glulam beams and corrugated steel metal roof deck. No significant deficiencies were observed to suggest differential settlement of the building foundations or movement of the building structure. However, deterioration was observed in the wood Glulam beams.

The building exterior walls are generally comprised of concrete walls and metal panels. The building windows are typically of metal framed insulated glass units (IGUs).  The exterior entrance doors are typically glass doors set in aluminum frames. The service doors are hollow metal doors in metal frames. The main roof is covered with an EPDM roof assembly plus there are two small roofs which are a green roof and an inverted built-up roof. Overall, the building envelope components appear to be in good condition.

The interior finishes in the building include ceramic floor tiles, carpet flooring, rubber flooring, painted wall assemblies, ceramic wall tiles, acoustical wall panels, painted ceiling assemblies, suspended wood panel and suspended metal mesh assemblies. The interior finishes appear to be in good condition overall.",,,,Concrete Structure,,,,,,,,,,,,,,,,#N/A,,,,,,,,,,,,,,,,,,Regular,,,,,,99,,0,#N/A,#N/A,#N/A,#N/A,#N/A,#N/A,#N/A,#VALUE!,,,Unknown,,10,Pre-Screen Low,-123.0653136,49.25465
283,RECR_1562_5851 West Boulevard_Kerrisdale Community Centre_MIXU,5851 West Boulevard,Phase 1,,Pavan Dhillon,,9/3/2026,,9/4/2026,,,Kerrisdale Community Centre - Block 1 (Seniors Centre),3 - Limited Investment,City Owned,1562,1956-01,1956,1953,"$25,973,776","69,500",374,1,0,"Kerrisdale Community Centre is understood to have been constructed circa 1956 with one Addition in 1985. The building is largely provided with systems and components originating from respective building and addition construction. Known renewals include:
- Major interior and exterior elements are replaced in 1999
- Roofs are replaced in 2014, 2016, 2004, 2018 and 2011","The single-storey building with a basement appears to be constructed on spread footings. Where exposed, the superstructure appears to be of concrete, wood and metal construction. 
The building exterior walls are generally comprised of masonry blocks and stucco on all building elevations. The building windows are typically vinyl framed insulated glass units (IGUs). The exterior entrance doors are typically glass doors set in aluminum frames. The service doors are hollow metal doors in metal frames. The roof cover is consisting of conventional modified bituminous, TPO and inverted roof assemblies. Overall, the building envelope components appear to be in fair to good condition.   
 
The interior finishes in the building include ceramic floor tiles, vinyl sheet flooring, painted concrete floor, rubber flooring, wood flooring, mat flooring, vinyl floor tiles, painted wall assemblies, ceramic wall tiles, acoustical wall panels, plastic wall panels, painted ceiling assemblies, metal ceiling, adhered acoustical tiles and suspended acoustic tile ceiling assemblies. The interior finishes appear to be in fair to good condition overall.",,1999,,"Concrete foundation, reinforced concrete & wood column & beam frame, concrete & masonry walls w/buil",,,,,,,,,,,,,,,,#N/A,,,,,,,,,,,,,,,,,,Regular,,,,,,99,,0,#N/A,#N/A,#N/A,#N/A,#N/A,#N/A,#N/A,#VALUE!,13%,Emergency Shelter,101-1000,,-1.1000000000000001,High,-123.1566721,49.23322742
283,RECR_1562_5851 West Boulevard_Kerrisdale Community Centre_MIXU,5851 West Boulevard,Phase 1,,Pavan Dhillon,,9/3/2026,,9/4/2026,,,Kerrisdale Community Centre - Block 2 (Pool),3 - Limited Investment,City Owned,1562,,1900,Pre-code,,,#DIV/0!,,,,,,,,,,,,,,,,,,,,,,,,#N/A,,,,,,,,,,,,,,,,,,Regular,,,,,,,,0,#N/A,#N/A,#N/A,#N/A,#N/A,#N/A,#N/A,#VALUE!,,,,,,,-123.1566721,49.23322742
283,RECR_1562_5851 West Boulevard_Kerrisdale Community Centre_MIXU,5851 West Boulevard,Phase 1,,Pavan Dhillon,,9/3/2026,,9/4/2026,,,Kerrisdale Community Centre - Block 3 (Gymnasium),3 - Limited Investment,City Owned,1562,,1900,Pre-code,,,#DIV/0!,,,,,,,,,,,,,,,,,,,,,,,,#N/A,,,,,,,,,,,,,,,,,,Regular,,,,,,,,0,#N/A,#N/A,#N/A,#N/A,#N/A,#N/A,#N/A,#VALUE!,,,,,,,-123.1566721,49.23322742
283,RECR_1562_5851 West Boulevard_Kerrisdale Community Centre_MIXU,5851 West Boulevard,Phase 1,,Pavan Dhillon,,9/3/2026,,9/4/2026,,,Kerrisdale Community Centre - Block 4 (CC/Library),3 - Limited Investment,City Owned,1562,,1900,Pre-code,,,#DIV/0!,,,,,,,,,,,,,,,,,,,,,,,,#N/A,,,,,,,,,,,,,,,,,,Regular,,,,,,,,0,#N/A,#N/A,#N/A,#N/A,#N/A,#N/A,#N/A,#VALUE!,,,,,,,-123.1566721,49.23322742
284,"RECR_2036_1001 Cotton Drive_Britannia Community Centre -Buildings D, F, G",1001 Cotton Drive,NOT IN SCOPE,,,,,,,,,"Britannia Community Centre -Buildings D, F, G",9 - CoV Not Responsible,City Operated,2036,1974-01,1974,1970,"$9,878,099","27,674",357,2,0,,,,,,,,,,,,,,,,,,,,,,#N/A,,,,,,,,,,,,,,,,,,Regular,,,,,,99,,0,#N/A,#N/A,#N/A,#N/A,#N/A,#N/A,#N/A,#VALUE!,,Emergency Shelter,,,,,-123.0703659,49.27504333
285,RECR_1553_4747 Dunbar St_Dunbar Community Centre_MIXU,4747 Dunbar St,Phase 1,,Pavan Dhillon,Partial,8/20/2026,Adequate,8/24/2026,,,Dunbar Community Centre - Block 1,3 - Limited Investment,City Owned,1553,1958-01,1958,1953,"$14,057,834","48,867",288,2,0,"Dunbar community center is understood to have been constructed circa 1957.  An addition was constructed circa 1985 along the east elevation. The building is largely provided with systems and components originating from the initial building construction. Known renewals include:
- The SBS roof was replaced circa 2007","The two-story building with a basement appears to be constructed on spread footings. Where exposed, the superstructure appears to be of concrete and wood construction.  No significant deficiencies were observed to suggest differential settlement of the building foundations or movement of the building structure.

The building exterior walls are generally comprised of painted concrete and stucco on all building elevations. The original building windows are typical of metal-framed single glass units. The addition windows are typically IGUs set in aluminum frames. The exterior entrance doors are typically glass doors set in aluminum frames. The service doors are hollow metal doors in metal frames. The roof cover is a 2-ply modified bituminous roof assembly and an inverted roof system.  Overall, the building envelope components appear to be in fair condition.

The interior finishes in the building include ceramic floor tiles, vinyl sheet floor, wood flooring, vinyl floor tiles, linoleum flooring, carpet floor tiles, rubber floor tiles, painted wall assemblies, ceramic wall tiles, wood wall panels, painted ceiling assemblies, adhered acoustical ceiling tiles and suspended acoustic tile ceiling assemblies. The interior finishes appear to be in fair condition overall.",,1995,Seismic upgrade of the gym roof,"Concrete foundation, combination timber post & beam, steel concrete & load support walls w/concrete",Timber and Concrete,,,URM,URM,2,2,1995,Roof of gym only,,,1,1.3,Public,Community Centre with Gym., $-   ,Y,C,"Full Basement, Fully Below Grade",,,,,,,,,,,6,Split Level,,,Irregular,,,,Y,,99,Cat B - Basic Human Survival Needs,0,#N/A,#N/A,#N/A,#DIV/0!,#DIV/0!,0,#N/A,#VALUE!,6%,Reception Centre,101-1000,,1.2,Medium,-123.186,49.2438
285,RECR_1553_4747 Dunbar St_Dunbar Community Centre_MIXU,4747 Dunbar St,Phase 1,,Pavan Dhillon,Adequate,8/20/2026,Adequate,8/24/2026,,,Dunbar Community Centre - Block 2,3 - Limited Investment,City Owned,,1985-01,1985,1980,,,#DIV/0!,2,0,,,,,,,Masonry and Concrete,38mm Steel Deck,"10"" Concrete Slab",RMC,RMC,,,,,,,1,1.3,Public,Community Centre with Gym., $-   ,Y,C,"Full Basement, Fully Below Grade",,,,,,,,,,,6,Split Level,,,Irregular,,,,,,99,Cat B - Basic Human Survival Needs,0,#DIV/0!,0,0,#DIV/0!,#DIV/0!,0,#N/A,#VALUE!,,,,,,,-123.186,49.2438
286,RECR_1899_2929 E 22nd Av_Renfrew Community Centre (Incl. Pool)_MIXU,2929 E 22nd Av,Phase 1,,Pavan Dhillon,Adequate,8/27/2026,Adequate,8/28/2026,,,Renfrew Community Centre - Block 1,3 - Limited Investment,City Owned,1899,1964-01,1964,1960,"$17,447,277","46,685",374,2,0,"Renfrew community centre is understood to have been constructed circa 1964. The building is largely provided with systems and components originating from the initial building construction. Known renewals include:
- Skylight were replaced circa 1995
- Some of the exterior windows upgraded 2002 and 2008
- Modified bitumen flat roof was replaced circa 2005
- The majority of interior finishes updated circa 2011
- The partial of the change rooms updated circa 2014","The two-storey building with a basement appears to be constructed on spread footings which bear on native soil or engineered fill. Where exposed the superstructure appears to be of concrete construction.  No significant deficiencies were observed to suggest differential settlement of the building foundations or movement of the building structure. However, evidence of water and moisture ingress was observed below the pool deck. Study is recommended for the reason of water and moisture ingress.

The building exterior walls are generally comprised of masonry block units (CMU), decoration wood grids and metal panel on the building elevations. The building windows are typically of metal framed insulated glass units (IGUs) and single glass unit. The exterior entrance doors are typically glass doors set in aluminum frames. The service doors are hollow metal doors in metal frames. The roof cover is a conventional modified bituminous roof assembly, metal assembly and inverted roof assembly. Overall, the building envelope components appear to be in good condition, with the exception of gym and west lower roof which has evidence of water ingress into the building.

The interior finishes in the building include ceramic floor tiles, vinyl sheets floor, sealed concrete floor, hardwood floor, rubber mat floor, vinyl tiles floor, painted wall assemblies, ceramic wall tiles, wood wall panels, acoustical wall panel, fixed wall mat, painted ceiling assemblies and suspended acoustic tile ceiling assemblies and architectural metal ceiling. The interior finishes appear to be in fair to good condition overall.",,,,Concrete Structure,,,,,,,,,,,,,1.3,Public,Community Centre with Gym., $-   ,,,,,,,,,,,,,,,,,,Regular,,,,,,99,Cat B - Basic Human Survival Needs,0,#N/A,#N/A,#N/A,#N/A,#N/A,0,#N/A,#VALUE!,13%,Emergency Shelter,101-1000,,0.1,High,-123.0428617,49.25125945
286,RECR_1899_2929 E 22nd Av_Renfrew Community Centre (Incl. Pool)_MIXU,2929 E 22nd Av,Phase 1,,Pavan Dhillon,Adequate,8/27/2026,Adequate,8/28/2026,,,Renfrew Community Centre - Block 2,3 - Limited Investment,City Owned,,,1900,Pre-code,,,#DIV/0!,,,,,,,,,,,,,,,,,,,,,1.3,Public,Community Centre with Gym., $-   ,,,,,,,,,,,,,,,,,,Regular,,,,,,99,Cat B - Basic Human Survival Needs,0,#N/A,#N/A,#N/A,#N/A,#N/A,0,2.2,#VALUE!,,,,,,,-123.0428617,49.25125945
286,RECR_1899_2929 E 22nd Av_Renfrew Community Centre (Incl. Pool)_MIXU,2929 E 22nd Av,Phase 1,,Pavan Dhillon,Adequate,8/27/2026,Adequate,8/28/2026,,,Renfrew Community Centre - Block 3,3 - Limited Investment,City Owned,,,1900,Pre-code,,,#DIV/0!,,,,,,,,,,,,,,,,,,,,,1.3,Public,Swimming Pools (Indoor), $-   ,,,,,,,,,,,,,,,,,,Regular,,,,,,99,Cat B - Basic Human Survival Needs,0,#N/A,#N/A,#N/A,#N/A,#N/A,0,2.2,#VALUE!,,,,,,,-123.0428617,49.25125945
286,RECR_1899_2929 E 22nd Av_Renfrew Community Centre (Incl. Pool)_MIXU,2929 E 22nd Av,Phase 1,,Pavan Dhillon,Adequate,8/27/2026,Adequate,8/28/2026,,,Renfrew Community Centre - Block 4,3 - Limited Investment,City Owned,,,1900,Pre-code,,,#DIV/0!,,,,,,,,,,,,,,,,,,,,,1.3,Public,Community Centre with Gym., $-   ,,,,,,,,,,,,,,,,,,Regular,,,,,,99,Cat B - Basic Human Survival Needs,0,#N/A,#N/A,#N/A,#N/A,#N/A,0,2.2,#VALUE!,,,,,,,-123.0428617,49.25125945
287,RECR_8456_1 Athletes Way_Creekside Community Centre,1 Athletes Way,Phase 1,,,,,,,,,Creekside Community Centre,1 - Full Investment,City Owned,8456,2010-01,2010,2010,"$13,089,231","45,500",288,3,0,The Creekside Community Center is understood to have been constructed circa 2010 and is a Leed building. The building is largely provided with systems and components originating from the initial building construction.,"The three-story building appears to be constructed on spread footings. Where exposed, the superstructure appears to be of concrete and metal-framed construction.  No significant deficiencies were observed to suggest differential settlement of the building foundations or movement of the building structure.

The building exterior walls are generally comprised of concrete and metal. The building curtain walls and exterior windows are typical of metal-framed insulated glass units (IGUs). The exterior entrance doors are typically glass doors set in aluminum frames. The roof cover is a green roof assembly and an inverted roof assembly. Overall, the building envelope components appear to be in good condition. However, water issues were observed in the playground roof. 

The interior finishes in the building include ceramic floor tiles, wood flooring, carpet flooring, rubber flooring, painted wall assemblies, ceramic wall tiles, wood wall panels, painted ceiling assemblies, acoustical ceiling tiles and suspended wood ceiling assemblies. The interior finishes appear to be in good condition overall.",,,,Concrete Structure,,,,,,,,,,,,,,,,#N/A,,,,,,,,,,,,,,,,,,Regular,,,,,,99,,0,#N/A,#N/A,#N/A,#N/A,#N/A,#N/A,2.2,#VALUE!,,Emergency Shelter,Unknown,,10,Pre-Screen Low,-123.1055331,49.27171404
288,RECR_4384_3096 E Hastings St_Hastings Community Centre_MIXU,3096 E Hastings St,Phase 1,Kate Thibert (Ausenco),Pavan Dhillon,Partial,24-Sep-25,Partial (Exterior),24-Sep-25,Yes,Yes,Hastings Community Centre - Block 1,4 - Minimal Investment,City Owned,4384,1936-01,1936,Pre-code,"$10,916,418","37,947",288,2,0,"Hastings Community Center is understood to have been constructed circa 1936 with two additional parts which were constructed circa 1965 and 1984. The building is largely provided with systems and components originating from the initial building construction. Known renewals include:
- The majority of interior finishes updated circa 1984","The two-storey building with a crawl space appears to be constructed on spread footings. Where exposed, the superstructure appears to be of concrete and wood framed construction.  No significant deficiencies were observed to suggest differential settlement of the building foundations or movement of the building structure.

The building exterior walls are generally comprised of concrete and wood on the building elevations. The building windows are typically combination of wood and metal framed single glass units. The building is also provided a small number of insulated glass units. The exterior entrance doors are typically glass doors set in aluminum frames. The service doors are hollow metal doors in metal frames. The roof cover is a 2-ply modified bituminous roof assembly. Overall, the building envelope components appear to be in fair to poor condition.

The interior finishes in the building include ceramic floor tiles, vinyl sheet floor, hardwood floor, carpet floor, vinyl tiles, rubber floor, painted wall assemblies, ceramic wall tiles, wood wall panels, plastic siding, acoustical wall panels, painted ceiling assemblies, wood ceiling and suspended acoustic tile ceiling assemblies. The interior finishes appear to be in good to fair condition overall, with the exception of vinyl floor tiles, ceramic floor tiles and adhered acoustical ceiling tiles which are in poor condition.",,,,wood timber,Light Wood Framing,,,WLF,WLF,1,1,N/A,N/A,,,1,1.3,Public,Childcare," $8,070,212.11 ",Y,D,None,0,166,166,Adjacent to known Peat area,None,Negligible Deterioration,N/A,0,0,None,5,Sloping Site,,,Irregular,N,Y,Y,N,,99,Cat C - Support Routine and Self/Group Preservation,332,#N/A,#N/A,#N/A,0,0,498,1.2,#VALUE!,15%,Reception Centre,101-1000,,-0.3,High,-123.0394283,49.28080439
288,RECR_4384_3096 E Hastings St_Hastings Community Centre_MIXU,3096 E Hastings St,Phase 1,Kate Thibert (Ausenco),Pavan Dhillon,Partial,24-Sep-25,Adequate,24-Sep-25,Yes,Yes,Hastings Community Centre - Block 2,4 - Minimal Investment,City Owned,4384,1954-01,1954,1953,,,#DIV/0!,1,1,,,,,,"Concrete foundation, wood timber, concrete, steel & load supporting frame, concrete block, masonry b",Concrete and Concrete Encased Steel Columns,,,CSW,CSW,1,1,N/A,N/A,,,1,1.3,Public,Community Centre with Gym.," $17,774,461.82 ",N,D,"Full Basement, Fully Below Grade",348,348,348,Adjacent to known Peat area,None,Negligible Deterioration,N/A,0,3,Type 3,3,Short Column,,,Irregular,N,N,Y,N,,99,Cat B - Basic Human Survival Needs,696,#N/A,#N/A,#N/A,0,0,522,#N/A,#VALUE!,,,,,,,-123.0394283,49.28080439
288,RECR_4384_3096 E Hastings St_Hastings Community Centre_MIXU,3096 E Hastings St,Phase 1,Kate Thibert (Ausenco),Pavan Dhillon,Partial,24-Sep-25,Adequate,24-Sep-25,Yes,Yes,Hastings Community Centre - Block 3,4 - Minimal Investment,City Owned,4384,1965-01,1965,1965,,,#DIV/0!,2,0,,,,,,Masonry Walls,Steel Columns and URM Infill,,,URM,URM,1,1,N/A,N/A,,,1,1.3,Public,Community Centre with Gym.," $13,024,390.12 ",Y,D,None,255,255,255,Adjacent to known Peat area,None,Negligible Deterioration,N/A,0,0,None,,,,,Regular,N,N,Y,Y,,99,Cat C - Support Routine and Self/Group Preservation,510,#N/A,#N/A,#N/A,0,0,765,#N/A,#VALUE!,,,,,,,-123.0394283,49.28080439
288,RECR_4384_3096 E Hastings St_Hastings Community Centre_MIXU,3096 E Hastings St,Phase 1,Kate Thibert (Ausenco),Pavan Dhillon,Partial,24-Sep-25,Adequate,24-Sep-25,Yes,Yes,Hastings Community Centre - Block 4,4 - Minimal Investment,City Owned,4384,1954-01,1954,1953,,,#DIV/0!,1,1,,,,1984,Additional structure tying into the original structure,"Concrete foundation, wood timber, concrete, steel & load supporting frame, concrete block, masonry b",,,,CSW,CSW,1,1,N/A,N/A,,,1,1.3,Public,Community Centre with Gym.," $35,753,227.79 ",N,D,"Full Basement, Fully Below Grade",700,700,700,Adjacent to known Peat area,None,Negligible Deterioration,N/A,0,3,Type 3,5,Sloping Site,,,Irregular,N,N,Y,N,,99,Cat C - Support Routine and Self/Group Preservation,1400,#N/A,#N/A,#N/A,0,0,1050,#N/A,#VALUE!,,,,,,,-123.0394283,49.28080439
289,RECR_1246_2690 Larch St_Kitsilano Community Centre_MIXU,2690 Larch St,Phase 1,,,,,,,,,Kitsilano Community Centre,2 - Moderate Investment,City Owned,1246,1950-01,1950,1941,"$13,993,699","37,444",374,2,0,"Kitsilano Community Centre is understood to have been constructed circa 1950, with an addition constructed circa 2000 along the northern portion of the building. Multiple other renovation projects were also undertaken, such as localized renovations, details of which could not be confirmed at the time of the assessment.","The two-storey building appears to be constructed on spread footings. Where exposed, the superstructure appears to be a combination of cast-in-place concrete, reinforced concrete masonry, wood framing, and steel structural components.  No significant deficiencies were observed to suggest differential settlement of the building foundations or movement of the building structure.

The building exterior walls are generally comprised of exposed concrete, block masonry, and stucco. The original building windows are typically of single-pane glass set in metal frames. The addition windows are typically double-pane IGUs set in aluminum frames. The exterior entrance doors are typically glass doors set in aluminum frames. The service doors are hollow metal doors in metal frames. The various roof elevations are provided a 2-ply modified bituminous roof assembly, with the exception of the exposed walkway, which has a sloped metal panel roof assembly. Overall, the building envelope components appear to be in good to fair condition, with the exception of dated windows and roof assemblies, which are considered to be in poor condition.

The interior finishes in the building include hardwood flooring, ceramic floor tiles, resilient sheet floor, exposed concrete floor, rubber mats, painted floor finish, vinyl tile flooring, carpeting, painted wall assemblies, ceramic wall tiles, wood wall panels, acoustic wall tiles, painted ceiling assemblies, ceramic ceiling tile, acoustic ceiling tiles, and suspended ceiling tile assemblies. The interior finishes appear to be in good to fair condition overall, with the exception of portions of the resilient sheeting and the gymnasium flooring, which are considered to be in poor condition.",,1993-1999,,"Concrete foundation, load bearing reinforced concrete/masonry frame w/ composition roof",,,,,,,,,,,,,,,,#N/A,,,,,,,,,,,,,,,,,,Regular,,,,,,99,,0,#N/A,#N/A,#N/A,#N/A,#N/A,#N/A,#N/A,#VALUE!,15%,Reception Centre,101-1000,,0.7,High,-123.1620743,49.26164036
290,"CULT_8657_111 W Hastings St_Woodward's - Cultural _ Levels 2,3,4 + Ground Comm",111 W Hastings St,,,,,,,,,,Woodward's - Cultural ,2 - Moderate Investment,City Owned,8657,2009-01,2009,2005,"$10,292,981","30,171",341,4,1,The building was constructed circa 2009. The building was originally provided mainly with systems and components originating from the initial building construction.,"The three-storey building foundation are likely standard foundations and the first floor slab appears to be cast in place concrete continuously supported by a moisture barrier on a free draining gravel. A visual site confirmation to determine if the element is a potential structural slab was not possible.

The three-storey building is likely be cast in place reinforced concrete columns, beams, and suspended floor and roof slabs with roof sheathing system.

The exterior walls consist of window walls.  The exterior doors include glazed metal doors . The roof covering includes conventional - built-up roofing system.

The interior partitions are painted masonry walls, and gypsum wallboard. The interior partitions also include metal-framed windows/glazed partitions in various locations. Other interior wall finishes include ceramic tiles.

The interior floor finishes include sealed concrete, carpet floor and ceramic tile floor finishes. The interior ceiling finishes include suspended acoustic ceiling panels and painted gypsum board. The interior doors are generally single wood and metal set in matching wood and metal frames.",C (M)(H),2009,,Concrete Structure,,,,,,,,,,,,,,,,#N/A,,,,,,,,,,,,,,,,,,Regular,,,,,,99,,0,#N/A,#N/A,#N/A,#N/A,#N/A,#N/A,#N/A,#VALUE!,,Emergency Shelter,Unknown,,10,Pre-Screen Low,-123.1074016,49.28225452
291,RECR_4496_1318 Cartwright St_False Creek Community Centre_MIXU,1318 Cartwright St,Phase 1,,,,,,,,,False Creek Community Centre,2 - Moderate Investment,City Leased,4496,1991-01,1991,1990,"$7,089,473","24,644",288,2,0,"False Creek Community center is understood to have been constructed circa 1991. The building is largely provided with systems and
components originating from the initial building construction. Known renewals include:
- The SBS roof was replaced circa 2000","The two-story building appears to be constructed on spread footings. Where exposed, the superstructure appears to be of woodframed,
and steel-framed construction. No significant deficiencies were observed to suggest differential settlement of the building
foundations or movement of the building structure.
The building exterior walls are generally comprised of metal siding walls on all building elevations. The building windows are typical of
metal-framed insulated glass units (IGUs) and single glass units. The exterior entrance doors are typically glass doors set in aluminum
frames. The service doors are hollow metal doors in metal frames. The roof cover is a 2-ply modified bituminous roof assembly and
inverted roof assembly. Overall, the building envelope components appear to be in good condition.
The interior finishes in the building include ceramic floor tiles, vinyl sheet floor, painted concrete floor, waterproofing membrane, carpet
floor tiles, quarry floor tiles, rubber floor tiles, wood flooring painted wall assemblies, ceramic wall tiles, wood wall panels, acoustical
wall panels, and painted ceiling assemblies. The interior finishes appear to be in good condition overall.",,,,"Concrete foundation, combination wood post & beam & partial steel frame walls w/combination tar & gr",,,,,,,,,,,,,,,,#N/A,,,,,,,,,,,,,,,,,,Regular,,,,,,99,,0,#N/A,#N/A,#N/A,#N/A,#N/A,#N/A,1.7,1.8,3%,Emergency Shelter,101-1000,,1.5,Medium,-123.1342113,49.26967937
292,DAYC_6095_601 Keefer St_Strathcona Daycare Centre Portable,601 Keefer St,Phase 1,,,,,,,,,Strathcona Daycare Centre Portable,4 - Minimal Investment,City Owned,6095,1990-01,1990,1990,"$577,487","2,328",248,1,0,,,,,,Reinforced concrete foundation & frame w/built up tar & gravel roof,,,,,,,,,,,,,,,,#N/A,,,,,,,,,,,,,,,,,,Regular,,,,,,99,,0,#N/A,#N/A,#N/A,#N/A,#N/A,#N/A,0.5,0.4,,Emergency Shelter,Unknown,,10,Pre-Screen Low,-123.0910666,49.27956801
293,FIRE_4483_1455 W 10th Av_Fire Hall #04 / Library Fire Hall_MIXU,1455 W 10th Av,Phase 1,,,,,,,,,Fire Hall #04 / Library Fire Hall,1 - Full Investment,City Owned,4483,1992-01,1992,1990,"$6,574,821","22,855",288,2,0,"The Fire Hall #4 / Library is a mixed use facility, with a Fire Hall along the ground level, and a public library along the 2nd floor. An underground parking garage is generally located beneath the building footprint. The facility is a 2-story structure with a size of circa 22,855 sf. It is understood that the building was constructed circa 1992.","The two-storey building appears to be constructed on standard foundations which bear on native or engineered fill soil.  Where exposed, the superstructure appears to be of load bearing concrete masonry block units (CMU) with steel beams, and steel open web steel joists OWSJ and corrugated steel deck floors and roof. The basement overall structure is pre-cast reinforced concrete deck sections supported by precast reinforced concrete beams on cast in place reinforced concrete columns, walls and floor. No significant deficiencies were observed to suggest differential settlement of the building foundations or movement of the building structure.

The building’s exterior walls are generally comprised of brick masonry and metal cladding on all building elevations. The building windows are typically of aluminum framed double paned glazing units. The exterior entrance doors are a combination of glass and metal doors. The roof cover is a modified bituminous roof assembly. Overall, the building envelope components appear to be in good to fair condition.

Interior partition include gypsum board affixed to wood or metal studs or CMU walls. Wood or hollow-metal doors are provided in the building interior. Fixed casework of wood construction is provided. The interior finishes in the building include ceramic floor tiles, vinyl flooring, painted concrete floor, painted wall assemblies, ceramic wall tiles, painted ceiling assemblies and suspended acoustic tile ceiling assemblies. The interior finishes appear to be in fair condition overall.",,,,Concrete Structure,,,,,,,,,,,,,,,,#N/A,,,,,,,,,,,,,,,,,,Regular,,,,,,99,,0,#N/A,#N/A,#N/A,#N/A,#N/A,#N/A,1,1.1,,Responder,Unknown,,10,Pre-Screen Low,-123.1375809,49.2628708
294,CULT_1418_3102 Main St_Heritage Hall_MIXU,3102 Main St,Phase 1,Kate Thibert (Ausenco),Pavan Dhillon,Partial,18-Sep-25,Adequate,18-Sep-25,Yes,Yes,Heritage Hall,1 - Full Investment,City Owned,1418,1914-01,1914,Pre-code,"$9,308,344","23,205",401,3,1,The building was constructed circa 1914. The building was originally a post office provided mainly with systems and components originating from the initial building construction.,"The three-storey building foundation are likely standard foundations and the first floor slab appears to be cast in place concrete continuously supported by a moisture barrier on a free draining gravel. A visual site confirmation to determine if the element is a potential structural slab was not possible.

The three-storey building is likely a wood truss roof supported on brick and concrete masonry unit (CMU) load-bearing walls.

The exterior walls consist of natural stone, stucco and masonry brick. The exterior doors include glazed wood doors . The roof covering includes insulated slate roofing.

The interior partitions are painted masonry walls, and gypsum wallboard. The interior partitions also include metal-framed windows/glazed partitions in various locations. Other interior wall finishes include ceramic tiles and marble wall covering.

The interior floor finishes include ceramic tiles, painted concrete floor. The interior ceiling finishes include suspended acoustic ceiling panel and painted gypsum board. The interior doors are generally single and double metal and wood doors set in wood and metal frames.",A (M),2020,Seismic retrofit of the clock tower. Remaining structure was not seismically upgraded.,Masonry Walls,Steel Columns and URM Infill,,,CIW,CIW,1,1,,Clock tower retrofitted in 2020 only,,,1,1,Public Assembly,Admin Offices," $29,506,400.47 ",N,C,"Full Basement, Fully Below Grade",530,530,530,,None,Negligible Deterioration,N/A,TBD,0,None,1,Vertical Stiffness Irregularity (Soft Storey) or Discontinuity in Capacity (Weak Storey),,,Irregular,Y,Y,Y,Y,Weak Storey - Non-W1 50%-75%,99,Cat E - Business Continuity,2120,#N/A,#N/A,#N/A,0,0,1590,0.7,0.4,15%,Emergency Shelter,101-1000,,0.2,High,-123.1008389,49.25729645
295,RECR_1534_801 W 22nd Av_Douglas Park Community Centre_MIXU,801 W 22nd Av,Phase 1,,,,,,,,,Douglas Park Community Centre,3 - Limited Investment,City Owned,1534,1966-01,1966,1965,"$5,994,292","20,837",288,1,0,"Douglas Park Community Centre is understood to have been constructed circa 1966. The first addition was constructed circa 1971 as a separate structure to the north of the community centre, with a communicating hallway. A second addition was constructed circa 1993 and filled in the space between the community centre and the 1st addition.","The two-storey building appears to be constructed on standard deep foundations bearing on good native soil. Where exposed, the superstructure appears to be a combination of wood, cast in place reinforced concrete columns, beams, and suspended floor and roof slabs. No significant deficiencies were observed to suggest differential settlement of the building foundations or movement of the building structure; however, moisture ingress was noted and reported along sections of the foundations. 

The building exterior walls are generally comprised of exposed wood and concrete structural components with brick masonry infill walls and metal cladding. The original building and 1972 addition windows are typically of single pane glass wood framed windows. The 1992 addition windows are typically IGUs set in aluminum frames. The exterior entrance doors are typically glass doors set in aluminum frames. The service doors are hollow metal doors and painted wood doors. The roof cover is a conventional-modified bitumen and metal roofing assembly. Both sloped glass skylights and dome skylight assemblies are installed along the original building footprint. The sloped roof provided along the original building footprint and 1972 addition is comprised of a metal panel roof assembly. Overall, the building envelope components appear to be in good to fair condition, with the exception of the modified bituminous roof and domes skylights, which are considered to be in poor condition.

The interior finishes in the building include ceramic floor tiles, resilient sheet floor, exposed concrete floor, hardwood gym flooring, rubber flooring, painted wall assemblies, ceramic wall tiles, painted ceiling assemblies, adhered ceiling tiles, and suspended acoustic tile ceiling assemblies. The interior finishes appear to be in good to fair condition overall, with the exception of the hardwood flooring in the stage, which was in poor condition.",,1993,,"Concrete foundation, combination concrete & wood  frame, masonry brick & concrete walls w/tar & grav",,,,,,,,,,,,,,,,#N/A,,,,,,,,,,,,,,,,,,Regular,,,,,,99,,0,#N/A,#N/A,#N/A,#N/A,#N/A,#N/A,#N/A,#VALUE!,4%,Emergency Shelter,101-1000,,1.4,Medium,-123.1224238,49.25225234
296,SOCL_6339_800 E Broadway_Mount Pleasant Neighbourhood House_MIXU,800 E Broadway,,,,,,,,,,Mount Pleasant Neighbourhood House,2 - Moderate Investment,City Owned,6339,1994-01,1994,1990,"$6,531,095","22,703",288,3,0,Mount Pleasant Neighbourhood House is understood to have been constructed circa 1994. The building is largely provided with systems and components originating from the initial and addition building construction.,"The three-storey building with an underground parking appears to be constructed on spread footings. Where exposed, the superstructure appears to be of wood framed construction.  

The building exterior walls are generally comprised of masonry, wood siding, stucco and metal on building elevations. The building windows are typically wood/metal framed insulated glass units (IGUs). The exterior entrance doors are glass and metal doors. The roof cover is a 2-ply modified bituminous roof assembly and asphalt shingles. 

The interior finishes in the building include ceramic floor tiles, vinyl sheet flooring, carpet flooring, vinyl floor tiles, hardwood flooring, painted wall assemblies, ceramic wall tiles, wood wall panels, masonry wall, painted ceiling assemblies and suspended acoustic tile ceiling assemblies.",,2003,,Wood Framed,,,,,,,,,,,,,,,,#N/A,,,,,,,,,,,,,,,,,,Regular,,,,,,99,,0,#N/A,#N/A,#N/A,#N/A,#N/A,#N/A,#N/A,#VALUE!,,Emergency Shelter,Unknown,,10,Pre-Screen Low,-123.0868227,49.26225282
297,SOCL_6098_2425 Oxford St_Kiwassa Neighbourhood House_MIXU,2425 Oxford St,,,,,,,,,,Kiwassa Neighbourhood House,1 - Full Investment,City Owned,6098,1995-01,1995,1995,"$4,890,482","17,000",288,2,0,"Kiwassa Neighbourhood House is understood to have been constructed circa 1995 with a second floor addition that was constructed in 2005. The building is largely provided with systems and components originating from the initial building construction. Some renovations were completed in 2011 after damaged from water flood. Known renewals include:
- Kitchen renovation.
- New walls and ceiling painting.
- New flooring in some areas.","The two-storey building appears to be constructed on spread footings. Where exposed, the superstructure appears to be of wood-framed construction on top of an underground concrete framed parking. No significant deficiencies were observed to suggest differential settlement of the building foundations or movement of the building structure.

The building exterior walls are generally comprised of stucco walls on all building elevations. The building windows are typical of metal-framed double glass units. The exterior entrance doors are typically metal doors with double glass in fill, set in metal frames. The service doors are hollow metal doors, in metal frames. The original flat roof is a built-up tar and gravel assembly. The newer addition flat roof is a 2-ply modified bituminous roof assembly and the sloped roof is an asphalt shingles roofing. Overall, the building envelope components appear to be in good condition, with the exception of the original built-up flat roof which is in a poor condition.

The interior finishes in the building include vinyl floor tiles, linoleum flooring, carpet flooring, ceramic tiles flooring, hardwood flooring, painted wall assemblies, painted ceiling assemblies and suspended acoustic ceiling tiles assemblies. Overall, the interior finishes appear to be in good condition.",,,,Wood Framed,,,,,,,,,,,,,,,,#N/A,,,,,,,,,,,,,,,,,,Regular,,,,,,99,,0,#N/A,#N/A,#N/A,#N/A,#N/A,#N/A,#N/A,#VALUE!,0.0002%,Emergency Shelter,101-1000,,5.8,Low,-123.0556073,49.28599601
298,SOCL_1729_2131 Renfrew St_Frog Hollow Neighbourhood House_MIXU,2131 Renfrew St,NOT IN SCOPE,,,,,,,,,Frog Hollow Neighbourhood House,9 - CoV Not Responsible,Ground Leased,1729,1985-01,1985,1985,"$3,452,105","12,000",288,2,0,,,,,,,,,,,,,,,,,,,,,,#N/A,,,,,,,,,,,,,,,,,,Regular,,,,,,99,,0,#N/A,#N/A,#N/A,#N/A,#N/A,#N/A,#N/A,#VALUE!,0.13%,Emergency Shelter,101-1000,,2.9,Low,-123.0448069,49.26534481
299,LIBR_5938_1150 Chestnut St_City of Vancouver Archives,1150 Chestnut St,Phase 1,,,,,,,,,City of Vancouver Archives,3 - Limited Investment,City Owned,5938,1971-01,1971,1970,"$10,903,262","34,572",315,1,0,"City of Vancouver Archives building is understood to have been constructed circa 1971. The building is largely provided with systems and components originating from the initial building construction. Known renewals include:
- Green roof and gravel roof were replaced 2013","The single-storey building appears to be constructed on spread footings. Where exposed, the superstructure appears to be of concrete construction.  No significant deficiencies were observed to suggest differential settlement of the building foundations or movement of the building structure.

The building exterior walls are generally comprised of concrete on all building elevations. The building windows are typically of metal framed insulated glass units (IGUs). The exterior entrance doors are typically glass doors set in aluminum frames. The service doors are hollow metal doors in metal frames. The roof cover is a modified bituminous roof assembly and green roof assembly. Overall, the building envelope components appear to be in good condition.

The interior finishes in the building include ceramic floor tiles, vinyl sheet floor, vinyl floor tiles, carpet flooring, vinyl mat floor, exposed concrete floor, painted wall assemblies, ceramic wall tiles, painted ceiling assemblies. linear metal panel ceiling and acoustic ceiling assemblies. The interior finishes appear to be in fair to good condition overall.",,,,Concrete Structure,,,,,,,,,,,,,,,,#N/A,,,,,,,,,,,,,,,,,,Regular,,,,,,99,,0,#N/A,#N/A,#N/A,#N/A,#N/A,#N/A,#N/A,#VALUE!,13%,,11-100,,0.9,High,-123.1426058,49.27614984
300,LIBR_8089_1428 Cedar Cottage Mews_Kensington Library,1428 Cedar Cottage Mews,Phase 1,,,,,,,,,Kensington Library,9 - CoV Not Responsible,City Leased,8089,2008-01,2008,2005,"$1,335,403","7,400",180,3,0,,,,,,,,,,,,,,,,,,,,,,#N/A,,,,,,,,,,,,,,,,,,Regular,,,,,,99,,0,#N/A,#N/A,#N/A,#N/A,#N/A,#N/A,0.6,0.3,,,Unknown,,10,Pre-Screen Low,-123.0754612,49.24913286
301,INDU_1085_8601 Main St_Signal Trucking,8601 Main St,,,,,,,,,,Signal Trucking,5 - No Investment,City Owned,1085,1950-01,1950,1941,"$34,510,062","110,087",313,1,0,"The one-storey building is a wood structure, approximately 110,087 sf, which was constructed circa 1950. An addition to the west side of the building was added circa 1996.
The building is occupied by two tenants (Signal Warehousing and Lionsgate Scaffolding).","The building appears to be constructed on spread footings. The superstructure appears to be of wood-framed construction.  No significant deficiencies were observed to suggest differential settlement of the building foundations or movement of the building structure.

The original building exterior walls are generally comprised of corrugated sheet metal siding on all building elevations with a partial concrete masonry (CMU) block wall on the west elevation. The exterior walls of the new addition on the west side are covered with vinyl siding. The original building windows are metal-framed with single glazing and the new addition windows are vinyl-framed with double glass units. The exterior single swing doors are typically hollow-core metal doors in metal frames. The majority of the original building's flat roof is covered with built-up tar and gravel roofing system and the newer roof is covered with a modified bitumen roofing assembly. Overall, the building envelope components appear to be in poor condition.

The interior finishes in the building include hardwood flooring, rubber flooring, sealed concrete floor, painted wall finish, painted wood ceiling finish, and ceiling tiles finish. The interior finishes appear to be in fair to poor condition overall, with the exception of the hardwood flooring which is in a good condition.",,,,Wood Framed,,,,,,,,,,,,,,,,#N/A,,,,,,,,,,,,,,,,,,Regular,,,,,,99,,0,#N/A,#N/A,#N/A,#N/A,#N/A,#N/A,#N/A,#VALUE!,3%,,11-100,,1.5,Medium,-123.1034124,49.20631671
303,INDU_1290_1106-1122 SW Marine Drive,1106-1122 SW Marine Drive,,,,,,,,,,,2 - Moderate Investment,City Owned,1290,1950-01,1950,1941,"$17,899,914","91,634",195,2,0,"The buildings are largely provided with systems and components originating from the initial building construction. Known renewals include:
- Partial interior painted wall circa 2009
- The renovation of the north portion of building #1122 in 2013
- Low-sloped roof for building 1122 replaced circa 2002
- Low-sloped roof for building 1106 replaced circa 2016","Based on the information gathered during the assessment, the two-storey structure without a basement is likely constructed on concrete spread footings which bear on native soil fill. Where exposed, the foundation walls are poured concrete walls. The building superstructure is a concrete loading-bearing masonry structure and roof wood joists support the roof deck.

The exterior walls of the buildings are mainly concrete masonry, cement fiberboard, metal cladding, and brick masonry. The windows are typically single-glazed and insulated glass units with combination of metal and wood frames. Exterior access doors combine metal and wood construction and automatic glass sliding doors. The roof elevations are covered with conventional modified bituminous roof assemblies. The interior finishes throughout the building include vinyl tiles flooring, hardwood flooring, wood laminated flooring, painted concrete flooring, exposed concrete flooring, carpet flooring, wood wall panels, painted concrete wall, paper wall finishes, painted drywall finishes, painted ceiling assemblies, suspended acoustical ceiling tiles and adhered acoustical ceiling tiles.",,2013,,Concrete Structure,,,,,,,,,,,,,,,,#N/A,,,,,,,,,,,,,,,,,,Regular,,,,,,99,,0,#N/A,#N/A,#N/A,#N/A,#N/A,#N/A,#N/A,#VALUE!,15%,,11-100,,0.1,High,-123.1320877,49.2031784
304,INDU_7660_875-925 Terminal Av_Butler Box & Storage,875-925 Terminal Av,,,,,,,,,,Butler Box & Storage,2 - Moderate Investment,City Owned,7660,1948-01,1948,1941,"$17,379,953","55,442",313,2,0,"The Buildings are largely provided with systems and components originating from the initial building construction. Known renewals include:
- The majority of interior finishes updated circa 2000
- The partial of the exterior windows updated circa 2005
- Low-slope roof for both building replaced circa 2013","The exterior walls of the buildings are mainly painted concrete, Stucco, metal cladding and brick masonry. The windows are typically IGU with  combination of metal and wood frames. Exterior access doors are metal construction. The roof elevations are covered with 2-ply modified bituminous roof assemblies. The interior finishes throughout the building include vinyl tiles flooring, hard wood flooring, wood laminated flooring, exposed concrete flooring , carpet flooring, painted concrete wall, painted drywall finishes, painted ceiling assemblies, suspended acoustical ceiling tiles.",,,,Concrete Structure,,,,,,,,,,,,,,,,#N/A,,,,,,,,,,,,,,,,,,Regular,,,,,,99,,0,#N/A,#N/A,#N/A,#N/A,#N/A,#N/A,#N/A,#VALUE!,10%,,11-100,,1,High,-123.0829761,49.27035689
305,INDU_2130_251-281 Industrial Av / 250 Southern St,251-281 Industrial Av / 250 Southern St,,,,,,,,,,,4 - Minimal Investment,City Owned,2130,1942-01,1942,1941,"$10,712,327","54,839",195,2,0,The 251-281 Industrial Av / 250 Southern St Building was constructed circa 1942. The building is provided mainly with systems and components originating from the initial building construction.,"The two-story building appears to be constructed on spread concrete footings with a slab on grade. The superstructure seems to be of masonry walls and wood joists with wood deck floor and roof sheathing systems.  No significant deficiencies were observed to suggest differential settlement of the building foundations or movement of the building structure.
 
The building's exterior walls generally comprise of stucco and painted wall finishes on the building elevations. The windows are aluminum double-paned glass units and single-paned glass set in painted wood frames. The exterior doors are wood doors in wood frames. The roof covers include 2-ply modified bituminous, asphalt shingle and built up roof, the Overall, the building envelope components appear to be in fair condition.

The interior finishes in the building include ceramic floor tiles, exposed concrete flooring, painted wall assemblies, painted ceiling assemblies, and exposed ceiling assemblies. Overall, the interior finishes appear to be in fair condition.",,,,Masonry Walls,,,,,,,,,,,,,,,,#N/A,,,,,,,,,,,,,,,,,,Regular,,,,,,99,,0,#N/A,#N/A,#N/A,#N/A,#N/A,#N/A,#N/A,#VALUE!,1.25%,High Occupancy,101-1000,,1.9,Medium,-123.0990588,49.27045335
306,INDU_7661_435-455 Industrial Av,435-455 Industrial Av,,,,,,,,,,,3 - Limited Investment,City Owned,7661,1973-01,1973,1970,"$10,105,613","42,153",240,1,0,The 435-455 Industrial Av is understood to have been constructed circa 1973. The building is largely provided with systems and components originating from the initial building construction. The roof was replaced 2014 and some of the interior finishes updated 2014.,"The building appears to be constructed on spread footings. Where exposed, the superstructure appears to be of masonry block construction. Overall, the foundation appears to be in good condition.

The building exterior walls are generally comprised of painted masonry and metal cladding on the building elevations. The building windows are typically of metal framed single glass units. The exterior entrance doors are typically metal doors set in aluminum frames. The overhead doors are of metal construction. The roof cover is a 2-ply modified bituminous roof assembly. Overall, the building envelope components appear to be in good condition with the exception of windows and overhead doors which are in fair condition.

The interior finishes in the building include vinyl floor tiles, ceramic floor tiles, sealed concrete floor, painted wall assemblies, painted ceiling assemblies and suspended acoustic tile ceiling assemblies. The interior finishes appear to be in good to fair condition overall.",,N/A,,Masonry Walls,,,,,,,,,,,,,,,,#N/A,,,,,,,,,,,,,,,,,,Regular,,,,,,99,,0,#N/A,#N/A,#N/A,#N/A,#N/A,#N/A,#N/A,#VALUE!,8%,,11-100,,1.1000000000000001,High,-123.0937717,49.26967419
307,INDU_6019_8383 Manitoba St,8383 Manitoba St,,,,,,,,,,,4 - Minimal Investment,City Owned,6019,1957-01,1957,1953,"$8,918,677","37,202",240,1,0,"The Service Station building is located at 8383 Manitoba St in Vancouver, BC. The building was originally constructed circa 1957. The building is a single-storey structure having a reported gross floor area of approximately  37,202 square feet. The building is primarily used as a warehouse.","The single-storey building with a mezzanine level appears to be constructed on spread footing and slab on grade which bears on native soil or engineered fill. Where exposed, the superstructure appears to be of steel framed and reinforced concrete masonry, construction.  No significant deficiencies were observed to suggest differential settlement of the building foundations or movement of the building structure.

The building exterior walls are generally comprised of stone masonry, sheet metal siding and exposed reinforced concrete block. The windows are typically single and double pane set in aluminum frames. The exterior entrance doors are typically glass doors set in aluminum frames. The service doors are hollow metal doors in metal frames. The roof cover is a 2-ply modified bituminous roof assembly. Overall, the building envelope components appear to be in fair condition.

The interior finishes in the building include ceramic floor tiles, resilient sheet floor, exposed concrete floor, painted wall assemblies, painted ceiling assemblies and suspended acoustic tile ceiling assemblies. The interior finishes appear to be in fair condition overall.",,"1970, 1984",,Metal Framed,,,,,,,,,,,,,,,,#N/A,,,,,,,,,,,,,,,,,,Regular,,,,,,99,,0,#N/A,#N/A,#N/A,#N/A,#N/A,#N/A,#N/A,#VALUE!,8%,High Occupancy,101-1000,,-0.5,High,-123.1111935,49.20916382
308,INDU_2129_261 Southern St (237 Southern),261 Southern St (237 Southern),,,,,,,,,,,4 - Minimal Investment,City Owned,2129,1944-01,1944,1941,"$3,977,082","19,920",200,1,0,The  261 & 237 Southern S was constructed circa 1944. The building is provided mainly with systems and components originating from the initial building construction.,"The single-story building appears to be constructed on spread concrete footings with a slab on grade. The superstructure seems to be of masonry concrete walls wood beams supporting a roof deck with roof sheathing.  No significant deficiencies were observed to suggest differential settlement of the building foundations or movement of the building structure.
 
The building's exterior walls generally comprise of painted masonry wall on the building elevations. The windows are single-paned glass set in painted wood frames. At the main entrance, is wood doors in wood frames and industrial sliding doors. The roof covers include built-up at the flat roof assembly. Overall, the building envelope components appear to be in fair condition except the exterior painted walls and wood overhead door, and built-up roofing are in poor condition.

The interior finishes in the building include exposed concrete flooring, painted wall assemblies, and exposed ceiling assemblies. Overall, the interior finishes appear to be in fair condition.",,N/A,,Masonry Walls,,,,,,,,,,,,,,,,#N/A,,,,,,,,,,,,,,,,,,Regular,,,,,,99,,0,#N/A,#N/A,#N/A,#N/A,#N/A,#N/A,#N/A,#VALUE!,15%,,11-100,,0.6,High,-123.0985486,49.27088119
312,INDU_2123_270 Terminal Av,270 Terminal Av,,,,,,,,,,,5 - No Investment,City Owned,2123,1947-01,1947,1941,"$5,321,481","26,651",200,2,0,The 270 Terminal Av Building was constructed circa 1947. The building is provided mainly with systems and components originating from the initial building construction.,"The two-story building appears to be constructed on spread concrete footings with a slab on grade. The superstructure seems to be of cast in place concrete walls and metal beams supporting a suspended wood floor and wood roof deck..  No significant deficiencies were observed to suggest differential settlement of the building foundations or movement of the building structure.
 
The building's exterior walls generally comprise of cast in place, masonry walls and painted wall finishes on the building elevations. The windows are vinyl double-paned glass units and single-paned glass set in painted wood frames. At the main entrance, is glass doors set in aluminum frames, and the service doors are wood doors in wood frames. The roof covers include 2-ply modified bituminous at the flat roof assembly. Overall, the building envelope components appear to be in good condition except the exterior painted walls and exterior wood doors are in fair condition.

The interior finishes in the building include ceramic floor tiles, exposed concrete flooring, painted wall assemblies, painted ceiling assemblies, and exposed ceiling assemblies. Overall, the interior finishes appear to be in fair condition.",,1947,,Concrete Structure,,,,,,,,,,,,,,,,#N/A,,,,,,,,,,,,,,,,,,Regular,,,,,,99,,0,#N/A,#N/A,#N/A,#N/A,#N/A,#N/A,#N/A,#VALUE!,13%,,11-100,,0,High,-123.0983062,49.27212798
313,INDU_2120_242 Terminal Av,242 Terminal Av,,,,,,,,,,,5 - No Investment,City Owned,2120,1924-01,1924,Pre-code,"$4,074,959","16,652",245,2,0,The 250 Terminal Av Building was constructed circa 1924. The building is provided mainly with systems and components originating from the initial building construction.,"The two-story building appears to be constructed on spread concrete footings with a slab on grade. The superstructure seems to be of masonry walls and wood columns and beams supporting a wood roof deck..  No significant deficiencies were observed to suggest differential settlement of the building foundations or movement of the building structure.
 
The building exterior walls generally masonry walls on the building elevations. The windows are single-paned glass set in painted wood frames. At the main rear entrance, is a industrial sliding wood door, and the service doors are wood doors in wood frames. The roof covers include built-up roof at the flat roof assembly. Overall, the building envelope components appear to be in fair to poor condition.

The interior finishes in the building include exposed concrete flooring, painted wood floor, painted wall assemblies, painted ceiling assemblies, and exposed ceiling assemblies. Overall, the interior finishes appear to be in fair condition.",B,1945,,Masonry Walls,,,,,,,,,,,,,,,,#N/A,,,,,,,,,,,,,,,,,,Regular,,,,,,99,,0,#N/A,#N/A,#N/A,#N/A,#N/A,#N/A,#N/A,#VALUE!,15%,,11-100,,0.8,High,-123.0991898,49.2721291
314,INDU_2127_1600-1602 Western St,1600-1602 Western St,,,,,,,,,,,5 - No Investment,City Owned,2127,1940-01,1940,Pre-code,"$2,447,628","12,530",195,1,0,The 1600-1602 Western St Building was constructed circa 1940. The building is provided mainly with systems and components originating from the initial building construction.,"The one-story building appears to be constructed on spread concrete footings with a slab on grade. The superstructure seems to be of masonry concrete walls with wood beams supporting a roof deck with roof sheathing, and with wood joists supporting a mezzanine wood floor deck.  No significant deficiencies were observed to suggest differential settlement of the building foundations or movement of the building structure.
 
The building's exterior walls generally comprise of corrugated and painted wall finishes on the building elevations. The windows are single-paned glass set in painted wood frames. At the main entrance, is wood door set in painted wood frame, and the service door is a wood door set in painted wood frame. The roof covers include built-up at the flat roof assembly. Overall, the building envelope components appear to be in fair condition except the built-up roof and skylights are in poor condition.

The interior finishes in the building include vinyl sheet floor, exposed concrete flooring, painted wall assemblies, suspended and adhered acoustic ceiling assemblies, and exposed ceiling assemblies. Overall, the interior finishes appear to be in fair condition.",,,,Wood Framed,,,,,,,,,,,,,,,,#N/A,,,,,,,,,,,,,,,,,,Regular,,,,,,99,,0,#N/A,#N/A,#N/A,#N/A,#N/A,#N/A,#N/A,#VALUE!,3%,,11-100,,1.5,Medium,-123.0994034,49.2710609
315,INDU_2121_250 Terminal Av,250 Terminal Av,,,,,,,,,,,5 - No Investment,City Owned,2121,1924-01,1924,Pre-code,"$3,618,970","10,608",341,2,0,The 250 Terminal Av Building was constructed circa 1924. The building is provided mainly with systems and components originating from the initial building construction.,"The two-story building appears to be constructed on spread concrete footings with a slab on grade. The superstructure seems to be of cast in place concrete and masonry walls and wood columns and beams supporting a wood roof deck.  No significant deficiencies were observed to suggest differential settlement of the building foundations or movement of the building structure.
 
The building's exterior walls generally comprise of masonry walls on the building elevations. The windows are single-paned glass set in painted wood frames. At the main entrance, is solid wood door, and the rear door is a hollow metal door in wood frames. The roof covers include built-up roof at the flat roof assembly. Overall, the building envelope components appear to be in poor to fair condition.

The interior finishes in the building include ceramic floor tiles, exposed concrete flooring, painted wall assemblies, painted ceiling assemblies, and exposed ceiling assemblies. Overall, the interior finishes appear to be in fair condition.",B,1924,,"Concrete foundation, timber post & beam frame w/ masonry brick walls and tar & gravel  roof",,,,,,,,,,,,,,,,#N/A,,,,,,,,,,,,,,,,,,Regular,,,,,,99,,0,#N/A,#N/A,#N/A,#N/A,#N/A,#N/A,#N/A,#VALUE!,15%,,11-100,,-0.2,High,-123.0989914,49.2721214
316,INDU_7713_1688 Main St Unit A,1688 Main St Unit A,,,,,,,,,,,5 - No Investment,City Owned,7713,1965-01,1965,1965,"$1,264,610","5,275",240,2,0,The 1688 Main St Unit A is understood to have been constructed circa 1965. The building is largely provided with systems and components originating from the initial building construction. The roof was replaced 2014 and some of the interior finishes updated 1988 and 2020.,"The single-storey building with a mezzanine level appears to be constructed on spread footings. Where exposed, the superstructure appears to be of masonry block construction. Overall, the foundation appears to be in good condition.

The building exterior walls are generally comprised of split-face masonry on the building elevations. The building windows are typically of metal framed single glass units. The exterior entrance doors are typically glass doors set in aluminum frames. The overhead doors are of metal construction with polymer lite inserts. The roof cover is a 2-ply modified bituminous roof assembly. Overall, the building envelope components appear to be in good condition with the exception of windows which are in poor condition.


The interior finishes in the building include vinyl floor tiles, painted concrete floor, painted wall assemblies, painted ceiling assemblies and suspended acoustic tile ceiling assemblies. The interior finishes appear to be in good to fair condition overall.",,,,Masonry Walls,,,,,,,,,,,,,,,,#N/A,,,,,,,,,,,,,,,,,,Regular,,,,,,99,,0,#N/A,#N/A,#N/A,#N/A,#N/A,#N/A,#N/A,#VALUE!,13%,,0-10,,0.7,High,-123.099542,49.2700511
317,INDU_2116_1620-1630 Main St,1620-1630 Main St,,,,,,,,,,,4 - Minimal Investment,City Owned,2116,1960-01,1960,1960,"$2,341,267","9,766",240,1,0,The 1620-1630 Main St Building was constructed circa 1960 and renovated in 2009. The building is provided mainly with systems and components originating from the initial building construction and upgrades from 2009 renovation.,"The single-story building appears to be constructed on spread concrete footings with a slab on grade. The superstructure seems to be of concrete masonry block walls and steel open web steel joists supporting a roof wood deck with roof sheathing.  No significant deficiencies were observed to suggest differential settlement of the building foundations or movement of the building structure.
 
The building's exterior walls generally comprise concrete block walls, stucco and metal cladding on the building elevations. The windows are aluminum double-paned glass units. At the main entrance, exterior doors are glass doors set in aluminum frames, and the service doors are hollow metal doors in metal frames. The roof covers include 2-ply modified bituminous at the flat roof assembly. Overall, the building envelope components appear to be in good condition except the exterior painted walls are in fair condition.

The interior finishes in the building include ceramic floor tiles, vinyl floor tiles, exposed aggregate flooring, painted wall assemblies, painted ceiling assemblies, and suspended acoustic tile ceiling assemblies. Overall, the interior finishes appear to be in good condition.",,2009,,Masonry Walls,,,,,,,,,,,,,,,,#N/A,,,,,,,,,,,,,,,,,,Regular,,,,,,99,,0,#N/A,#N/A,#N/A,#N/A,#N/A,#N/A,#N/A,#VALUE!,15%,,11-100,,-0.2,High,-123.0999697,49.2711801
319,COMM_8605_1721-1739 Main St,1721-1739 Main St,,,,,,,,,,,9 - CoV Not Responsible,City Leased,8605,2012-05,2012,2010,"$2,941,012","7,523",391,12,0,,,,,,,,,,,,,,,,,,,,,,#N/A,,,,,,,,,,,,,,,,,,Regular,,,,,,99,,0,#N/A,#N/A,#N/A,#N/A,#N/A,#N/A,#N/A,#VALUE!,,,,,,Pre-Screen Low,-123.1010959,49.26987233
320,INDU_2126_201 Central St / 240 Northern St_HEAT Shelter,201 Central St / 240 Northern St,,,,,,,,,,HEAT Shelter,4 - Minimal Investment,City Owned,2126,1930-01,1930,Pre-code,"$1,363,483","6,980",195,2,0,The Heat Shelter Building was constructed circa 1930. The building is provided mainly with systems and components originating from the initial building construction and upgrades mechanical and electrical equipment.,"The two-story building appears to be constructed on spread concrete footings with a slab on grade. The superstructure seems to be of wood construction.  No significant deficiencies were observed to suggest differential settlement of the building foundations or movement of the building structure.
 
The building's exterior walls generally comprise of stucco and metal cladding on the building elevations. The windows are typical of wood-framed single glass units. At the main entrance, exterior doors are double-doors set in aluminum frames, and the service doors are hollow metal doors in metal frames. The roof covers include 2-ply modified bituminous at the flat roof assembly. Overall, the building envelope components appear to be in poor condition.

The interior finishes in the building include  vinyl floor sheets, and painted floor. Overall, the interior finishes appear to be in fair condition.",,1961,,"Concrete foundation, timber post & beam frame, concrete block & stucco walls w/tar & gravel roof",,,,,,,,,,,,,,,,#N/A,,,,,,,,,,,,,,,,,,Regular,,,,,,99,,0,#N/A,#N/A,#N/A,#N/A,#N/A,#N/A,#N/A,#VALUE!,3%,,11-100,,0,High,-123.0992909,49.2715829
321,COMM_6660_1581-1585 W 4th Av,1581-1585 W 4th Av,,,,,,,,,,,3 - Limited Investment,City Owned,6660,1940-01,1940,Pre-code,"$2,376,143","6,965",341,2,0,"1581-1585 W 4th Ave building is understood to have been constructed circa 1940. The building is largely provided with systems and components originating from the initial building construction. Known renewals include:
- The majority of interior finishes updated circa 1996 and 2019
- The SBS roof was replaced circa 2019","The two-story building appears to be constructed on spread footings. Where exposed, the superstructure appears to be of wood-framed, and concrete framed construction.  No significant deficiencies were observed to suggest differential settlement of the building foundations or movement of the building structure.

The building exterior walls are generally comprised of painted concrete walls on all building elevations. The building windows are typical of metal and wood-framed single and insulated glass units (IGUs). The exterior entrance doors are typically glass doors set in metal frames. The service doors are hollow metal doors in metal frames. The roof cover is a 2-ply modified bituminous roof assembly. Overall, the building envelope components appear to be in good condition.

The interior finishes in the building include vinyl floor tiles, sealed concrete floor, vinyl sheet flooring, carpet flooring, painted wall assemblies, painted ceiling assemblies, and suspended acoustic tile ceiling assemblies. The interior finishes appear to be in good condition overall, with the exception of sealed concrete floor which is in poor condition.",,,,Wood Framed,,,,,,,,,,,,,,,,#N/A,,,,,,,,,,,,,,,,,,Regular,,,,,,99,,0,#N/A,#N/A,#N/A,#N/A,#N/A,#N/A,#N/A,#VALUE!,13%,,11-100,,-0.1,High,-123.140226,49.26818937
322,INDU_2114_1670 Main St_Kal Tire,1670 Main St,,,,,,,,,,Kal Tire,4 - Minimal Investment,City Owned,2114,1947-01,1947,1941,"$1,306,564","5,450",240,1,0,The Kal Tire building  is understood to have been constructed circa 1947. The building is largely provided with systems and components originating from the initial building construction. The roof was replaced 2015 and some of the interior finishes updated 2010 and 2015.,"The single-storey building with a mezzanine level appears to be constructed on spread footings. Where exposed, the superstructure appears to be of wood framed and concrete construction. Step cracks were observed in some places of the building.  

The building exterior walls are generally comprised of concrete masonry, metal cladding and stucco on the building elevations. The building windows area a combination of single-paned glass set in prefinished aluminum frames, wood framed single glass units and glass block units provided at select locations. The exterior entrance doors are typically glass doors set in aluminum frames. The roof cover is a 2-ply modified bituminous roof assembly. Overall, the building envelope components appear to be in good condition.

The interior finishes in the building include ceramic floor tiles, vinyl floor tiles, rubber flooring, exposed concrete floors, and wood flooring. Wall finishes include painted wall assemblies, wood wall panels. Ceiling finishes area combination of painted ceiling assemblies and suspended acoustic tile ceiling. The interior finishes appear to be in good to fair condition overall, with the exception of wood flooring which is in poor condition.",,,,Wood Framed,,,,,,,,,,,,,,,,#N/A,,,,,,,,,,,,,,,,,,Regular,,,,,,99,,0,#N/A,#N/A,#N/A,#N/A,#N/A,#N/A,#N/A,#VALUE!,15%,,11-100,,0.5,High,-123.1001928,49.27085095
325,CWYD_8108_425 Industrial Av_Impound Lot (Formerly 375 Industrial),425 Industrial Av,Phase 1,,,,,,,,,Impound Lot (Formerly 375 Industrial),3 - Limited Investment,City Owned,8108,2009-01,2009,2005,"$1,509,406","4,815",313,1,0,The building was constructed circa 2009. The building was originally provided mainly with systems and components originating from the initial building construction.,"The single-storey building foundation are likely standard foundations and the first floor slab appears to be cast in place concrete continuously supported by a moisture barrier on a free draining gravel. A visual site confirmation to determine if the element is a potential structural slab was not possible.

The single-storey building is likely be load bearing concrete masonry block units (CMU) with steel beams, and steel open web steel joists OWSJ and corrugated steel deck roof and roof sheathing system.

The exterior walls consist of natural metal siding and exterior painted walls.  The exterior doors include glazed metal doors and overhead doors. The roof covering includes conventional modified bitumen roofing system.

The interior partitions are painted masonry walls, and gypsum wallboard. The interior partitions also include metal-framed windows/glazed partitions in various locations. Other interior wall finishes include ceramic tiles.

The interior floor finishes include ceramic tiles, carpet floor and sealed concrete floor. The interior ceiling finishes include suspended acoustic ceiling panel and painted gypsum board. The interior doors are generally single metal set in metal frames.",,2009,,Masonry Walls,,,,,,,,,,,,,,,,#N/A,,,,,,,,,,,,,,,,,,Regular,,,,,,99,,0,#N/A,#N/A,#N/A,#N/A,#N/A,#N/A,#N/A,#VALUE!,,,Unknown,,10,Pre-Screen Low,-123.0953912,49.26967466
326,INDU_2055_1505 W 3rd Av,1505 W 3rd Av,,,,,,,,,,,5 - No Investment,City Owned,2055,1940-01,1940,Pre-code,"$576,087","2,403",240,1,0,"The facility is understood to have been constructed circa 1940. The building is largely provided with systems and components originating from the initial building construction. Known renewals include:
- The majority of interior finishes updated circa 1987","The single-story building appears to be constructed on spread footings. The building superstructure consists of concrete masonry block walls supporting wood beams and wood roof deck.  No significant deficiencies were observed to suggest differential settlement of the building foundations or movement of the building structure.

The building exterior walls are generally composed of painted concrete block and stucco walls on the building elevations. The building windows are typical of metal-framed insulated glass units (IGUs) and metal framed single glass windows. The exterior entrance doors are typically single doors. The roof cover is a modified bitumen roofing assembly. Overall, the building envelope components appear to be in fair condition. 

The interior finishes in the building include ceramic floor tiles, painted concrete floor, painted walls, ceramic wall tiles, painted ceiling assemblies, and adhered acoustic tile ceiling assemblies. The interior finishes appear to be in poor to fair condition overall.",,1987,,Concrete Structure,,,,,,,,,,,,,,,,#N/A,,,,,,,,,,,,,,,,,,Regular,,,,,,99,,0,#N/A,#N/A,#N/A,#N/A,#N/A,#N/A,#N/A,#VALUE!,,,Unknown,,10,Pre-Screen Low,-123.1389312,49.26909797
328,PARK_1305_5251 Oak St_VanDusen Garden - Visitor Centre,5251 Oak St,,,,,,,,,,VanDusen Garden - Visitor Centre,1 - Full Investment,City Owned,1305,2010-01,2010,2010,"$4,682,790","21,636",216,1,0,The VanDusen Garden Visitor Centre is understood to have been constructed circa 2010 and is a registered net-zero building. The building is largely provided with systems and components originating from the initial building construction.,"The single-storey building appears to be constructed on spread footings. Where exposed, the superstructure appears to be of concrete and steel framed construction.  No significant deficiencies were observed to suggest differential settlement of the building foundations or movement of the building structure.

The building exterior walls are generally comprised of concrete and rammed earth walls on the building elevations. The building windows are typically metal-framed units with insulating glass.  The exterior entrance doors are typically glass doors set in aluminum frames. The service doors are hollow metal and wood doors. The roof cover is a 2-ply modified bituminous roof assembly, metal roof and green roof assembly. Overall, the building envelope components appear to be in good condition.

The interior finishes in the building include ceramic floor tiles, sealed concrete floor, carpet flooring, painted wall assemblies, ceramic wall tiles, wood wall panels, rammed earth wall, painted ceiling assemblies and wood ceiling assemblies. The interior finishes appear to be in good condition overall.",,,,Concrete Structure,,,,,,,,,,,,,,,,#N/A,,,,,,,,,,,,,,,,,,Regular,,,,,,99,,0,#N/A,#N/A,#N/A,#N/A,#N/A,#N/A,#N/A,#VALUE!,,,Unknown,,10,Pre-Screen Low,-123.1288743,49.23928678
329,PARK_3328_1300 Discovery St_Jericho Sailing Centre - Main Building,1300 Discovery St,,,,,,,,,,Jericho Sailing Centre - Main Building,9 - CoV Not Responsible,City Owned,3328,1930-01,1930,Pre-code,"$5,747,467","19,979",288,2,0,,,,,,,,,,,,,,,,,,,,,,#N/A,,,,,,,,,,,,,,,,,,Regular,,,,,,99,,0,#N/A,#N/A,#N/A,#N/A,#N/A,#N/A,#N/A,#VALUE!,1%,High Occupancy,101-1000,,3.2,Medium,-123.2015772,49.2756239
331,PARK_3250_1790 Beach Av_Cactus Club Cafe,1790 Beach Av,NOT IN SCOPE,,,,,,,,,Cactus Club Cafe,9 - CoV Not Responsible,Ground Leased,3250,2011-01,2011,2010,"$2,509,745","5,000",502,2,0,,,,,,,,,,,,,,,,,,,,,,#N/A,,,,,,,,,,,,,,,,,,Regular,,,,,,99,,0,#N/A,#N/A,#N/A,#N/A,#N/A,#N/A,#N/A,#VALUE!,,,Unknown,,10,Pre-Screen Low,-123.1426935,49.28676636
332,PARK_6672_6706 Alberta St_Langara Golf Course - Clubhouse & Pro Shop,6706 Alberta St,,,,,,,,,,Langara Golf Course - Clubhouse & Pro Shop,2 - Moderate Investment,City Owned,6672,1995-01,1995,1995,"$2,486,659","9,364",266,1,0,The Golf Course - Clubhouse & Pro Shop was constructed circa 1995. The building is provided mainly with systems and components originating from the initial building construction.,"The single-storey building constructed on concrete spread footings. The superstructure is for the basement level is likely a reinforced concrete walls suspended  reinforced concrete floor slab. The upper level is likely a wood columns, wood beams and truss roof suspended sloped roof structure with roof sheathing systems.  . No significant deficiencies were observed to suggest differential settlement of the building foundations or movement of the building structure.

The building exterior walls are generally comprised of field stone siding and window walls on all elevations . The building windows are typical of fixed and operable insulated double glass units. The external doors are metal single-doors and wood glazed double-doors which are mounted to wood frames. The roof cover is a conventional modified bitumen SBS roofing and cedar shakes roofing assembly. The building envelope components appear to be in good condition overall, with the roofing system which is in fair condition.

The interior finishes in the building include ceramic tiles, vinyl tiles, vinyl sheets flooring, carpet , sealed floor finishes, stained wood wall panels,  painted wall finish, acoustic ceiling tiles and wood ceiling finish. The building interior finishes appear to be in fair condition overall with the exception of the wood ceiling which is in a good condition.",,1990,,Wood Framed,,,,,,,,,,,,,,,,#N/A,,,,,,,,,,,,,,,,,,Regular,,,,,,99,,0,#N/A,#N/A,#N/A,#N/A,#N/A,#N/A,#N/A,#VALUE!,,,Unknown,,10,Pre-Screen Low,-123.1125522,49.22384378
334,RECR_1246_2390 W 10th Av_Meraloma Clubhouse (Connaught Park Fieldhouse),2390 W 10th Av,,,,,,,,,,Meraloma Clubhouse (Connaught Park Fieldhouse),9 - CoV Not Responsible,City Owned,1246,1920-01,1920,Pre-code,"$2,004,622","9,262",216,2,0,,,A (M),,,"Concrete foundation, wood timber post & beam frame w/asphalt shingle roof",,,,,,,,,,,,,,,,#N/A,,,,,,,,,,,,,,,,,,Regular,,,,,,99,,0,#N/A,#N/A,#N/A,#N/A,#N/A,#N/A,#N/A,#VALUE!,15%,High Occupancy,101-1000,,0.7,High,-123.1597119,49.26279527
335,PARK_1547_1305 Arbutus St_Kitsilano Beach Restaurant,1305 Arbutus St,,,,,,,,,,Kitsilano Beach Restaurant,9 - CoV Not Responsible,City Owned,1548,2000-01,2000,1995,"$4,432,733","8,000",554,2,0,,,,,,,,,,,,,,,,,,,,,,#N/A,,,,,,,,,,,,,,,,,,Regular,,,,,,99,,0,#N/A,#N/A,#N/A,#N/A,#N/A,#N/A,#N/A,#VALUE!,,,Unknown,,10,Pre-Screen Low,-123.1536938,49.2743405
336,PARK_4325_Stanley Park - Farmyard Animal Barn & Admin building,Stanley Park - Farmyard Animal Barn & Admin building,Phase 1,,,,,,,,,,4 - Minimal Investment,City Owned,4325,1980-01,1980,1980,"$773,882","4,271",181,1,0,"Farmyard Animal Barn & Admin building is understood to have been constructed circa 1980. The building is largely provided with systems and components originating from the initial building construction. Known renewals include:
- Some of the exterior windows were replaced circa 2004","The single-story building appears to be constructed on spread footings. Where exposed, the superstructure appears to be of wood-framed construction.  No significant deficiencies were observed to suggest differential settlement of the building foundations or movement of the building structure.

The building exterior walls are generally comprised of horizontal wood siding on all building elevations. The building windows are typical of wood-framed single glass units and vinyl framed insulated glass units. The exterior entrance doors are typically wood doors set in wood frames. The roof cover is cedar shakes roof assembly. Overall, the building envelope components appear to be in fair to good condition.

The interior finishes in the building include ceramic floor tiles, painted concrete floor, painted wall assemblies, ceramic wall tiles, and painted ceiling assemblies. The interior finishes appear to be in fair condition overall.",A,,,Wood Framed,,,,,,,,,,,,,,,,#N/A,,,,,,,,,,,,,,,,,,Regular,,,,,,99,,0,#N/A,#N/A,#N/A,#N/A,#N/A,#N/A,#N/A,#VALUE!,,,Unknown,,10,Pre-Screen Low,-123.1332892,49.30127662
337,PARK_4325_Stanley Park_Stanley Park - Second Beach Concession and Washrooms - Fieldhouse,Stanley Park,,,,,,,,,,Stanley Park - Second Beach Concession and Washrooms - Fieldhouse,4 - Minimal Investment,City Owned,11080,1956-01,1956,1953,"$1,353,254","6,115",221,2,0,"Second Beach Concession and Washrooms are understood to have been constructed circa 1956. The building is largely provided with systems and components originating from the initial building construction. Known renewals include:
- The majority portion of the building was upgraded circa 1980 and 1995.","The two-story building appears to be constructed on spread footings. Where exposed, the superstructure appears to be of wood, concrete block, and steel frame construction.  No significant deficiencies were observed to suggest differential settlement of the building foundations or movement of the building structure.

The building exterior walls are generally comprised of painted concrete block and painted wood siding wall on all elevations. The building windows are typical of metal-framed single glass units. The exterior entrance doors are typically wood and metal doors. The roof cover is a 2-ply modified bituminous roof assembly. Overall, the building envelope components appear to be in fair to good condition.

The interior finishes in the building include ceramic floor tiles, vinyl sheet floor, exposed concrete, terrazzo flooring, painted wall assemblies, ceramic wall tiles, stainless steel wall, painted ceiling assemblies, ceramic ceiling tiles, and adhered acoustic tile ceiling assemblies. The interior finishes appear to be in fair to good condition overall.",,,,"Concrete foundation, stud frame walls & stucco exterior finish w/metal clad over wood frame roof",,,,,,,,,,,,,,,,#N/A,,,,,,,,,,,,,,,,,,Regular,,,,,,99,,0,#N/A,#N/A,#N/A,#N/A,#N/A,#N/A,#N/A,#VALUE!,6.3%,,11-100,,1.2,High,-123.1507099,49.29564653
338,PARK_2147_7188 MacDonald St_McCleery Golf Course - Clubhouse,7188 MacDonald St,,,,,,,,,,McCleery Golf Course - Clubhouse,2 - Moderate Investment,City Owned,2147,1996-01,1996,1995,"$2,004,145","7,547",266,2,0,"The 7188 MacDonald Street, McCleery Golf Course Clubhouse was constructed circa 1996. The building is largely provided with systems and components originating from the initial building construction. Known renewals include:
- The suspended acoustic ceiling tiles circa 2005.
- The vinyl flooring and the painted ceiling finishes circa 2010.
- The majority of interior wall finishes and the cedar shake roofing updated circa 2018.","The two-storey building appears to be constructed on spread footings. Where exposed, the superstructure appears to be of wood-framed construction.  No significant deficiencies were observed to suggest differential settlement of the building foundations or movement of the building structure.
The building exterior walls are generally comprised of painted wood siding, exposed concrete and gravel stone cladding on the building elevations. The building windows are typical of wood-framed double-glass units. The exterior entrance doors are typically double-glass doors set in wood frames and metal doors. The roof cover is inverted modified bitumen membrane roof assembly. Overall, the building envelope components appear to be in good condition.
The interior finishes in the building include carpet flooring, vinyl sheet flooring, vinyl floor tiles, ceramic floor tiles, waterproof membrane flooring, painted wall assemblies, wood wall panels, ceramic wall tiles, suspended ceiling tiles and painted ceiling assemblies. The interior finishes appear to be in good condition overall.",,,,Wood Framed,,,,,,,,,,,,,,,,#N/A,,,,,,,,,,,,,,,,,,Regular,,,,,,99,,0,#N/A,#N/A,#N/A,#N/A,#N/A,#N/A,#N/A,#VALUE!,,,Unknown,,10,Pre-Screen Low,-123.1678061,49.22099077
340,PARK_2010_7800 Vivian Drive_Fraserview Golf Course - Driving Range,7800 Vivian Drive,,,,,,,,,,Fraserview Golf Course - Driving Range,2 - Moderate Investment,City Owned,2010,1969-01,1969,1965,"$1,014,017","5,191",195,2,0,The Fraserview Golf Course – Driving Range is understood to have been constructed circa 1969 with a major renovation completed in 1998.,"The single-story structure is constructed on concrete spread-footings that bear on native soil or engineered fill. Where exposed the foundation walls are poured concrete walls. The slab on grade is presumed to comprise reinforced poured in place concrete. The building’s structural framing system is likely wood beam and truss roof with wood deck floor and roof sheathing systems. No significant deficiencies were observed to suggest differential settlement of the building foundations or movement of the building structure.
The building is provided with wood shingles / SBS roofing system, exterior wood double doors, exterior metal doors, and sliding metal doors. These systems range from fair to good condition.
The interior finishes in the building include painted floor finishes, ceramic floor finishes, carpet flooring, painted wall assemblies, ceramic tile walls, wood walls, and painted ceiling finish. The interior finishes appear to be in fair to good condition.",,,,Wood Framed,,,,,,,,,,,,,,,,#N/A,,,,,,,,,,,,,,,,,,Regular,,,,,,99,,0,#N/A,#N/A,#N/A,#N/A,#N/A,#N/A,#N/A,#VALUE!,,,Unknown,,10,Pre-Screen Low,-123.0515655,49.21240288
341,PARK_4325_Stanley Park - Brockton Oval Cricket Pavilion (Fieldhouse),Stanley Park - Brockton Oval Cricket Pavilion (Fieldhouse),,,,,,,,,,,3 - Limited Investment,City Owned,11078,1930-01,1930,Pre-code,"$1,797,438","5,161",348,2,0,"The Brockton Oval Cricket Pavilion is understood to have been constructed circa 1930. The building is largely provided with systems and components originating from the initial building construction. Known renewals include:
- The cedar roof shakes replaced circa 2010
- Some of the interior portion of the building upgraded circa 1984, 2008 and 2012","The two-story building appears to be constructed on spread footings. Where exposed, the superstructure appears to be of wood-framed construction.  No significant deficiencies were observed to suggest differential settlement of the building foundations or movement of the building structure.

The building exterior walls are generally comprised of painted wood siding on all building elevations. The building windows are typical of wood-framed single glass units. The exterior entrance doors are typically wood doors with glass infill. The roof cover is cedar shakes roof assembly. Overall, the building envelope components appear to be in fair condition.

The interior finishes in the building include ceramic floor tiles, rubber flooring, painted concrete floor, carpet flooring, hardwood flooring, vinyl floor tiles, laminated wood flooring, painted wall assemblies, ceramic wall tiles, wood wall panels, brick veneer wall, painted ceiling assemblies, and wood ceiling assemblies. The interior finishes appear to be in fair condition overall.",,,,Wood Framed,,,,,,,,,,,,,,,,#N/A,,,,,,,,,,,,,,,,,,Regular,,,,,,99,,0,#N/A,#N/A,#N/A,#N/A,#N/A,#N/A,#N/A,#VALUE!,1%,,11-100,,1.9,Medium,-123.1244574,49.29908357
342,PARK_1303_4600 Cambie St_Queen Elizabeth Park - Season's Restaurant,4600 Cambie St,,,,,,,,,,Queen Elizabeth Park - Season's Restaurant,9 - CoV Not Responsible,City Owned,1303,1971-01,1971,1970,"$6,954,689","12,651",550,1,0,,,,,,"Concrete foundation, combination wood & concrete frame & walls w/ wood shingle roof",,,,,,,,,,,,,,,,#N/A,,,,,,,,,,,,,,,,,,Regular,,,,,,99,,0,#N/A,#N/A,#N/A,#N/A,#N/A,#N/A,#N/A,#VALUE!,1.3%,High Occupancy,101-1000,,1.9,Medium,-123.1118366,49.24202907
343,PARK_4325_450 Stanley Park Drive_Stanley Park - Vancouver Rowing Club,450 Stanley Park Drive,,,,,,,,,,Stanley Park - Vancouver Rowing Club,9 - CoV Not Responsible,City Owned,4325,1930-01,1930,Pre-code,"$1,082,176","5,000",216,2,0,,,B,,,,,,,,,,,,,,,,,,,#N/A,,,,,,,,,,,,,,,,,,Regular,,,,,,99,,0,#N/A,#N/A,#N/A,#N/A,#N/A,#N/A,#N/A,#VALUE!,,,,,,Pre-Screen Low,-123.1342343,49.2966444
344,PARK_4325_8901 Stanley Park Drive_Stanley Park - Stanley Park Brewing,8901 Stanley Park Drive,,,,,,,,,,Stanley Park - Stanley Park Brewing,3 - Limited Investment,City Owned,11061,1930-01,1930,Pre-code,"$3,282,953","14,375",228,2,0,"The Stanley Park Brewing Restaurant is understood to have been constructed circa 1930 and is a registered heritage B building. The building is largely provided with systems and components originating from the initial building construction. Known renewals include:
- The majority portions of the building was renovated circa 2019
- Exterior wood wall, cedar shakes roof, and SBS roof were replaced 2012","The two-story building with a basement appears to be constructed on spread footings. Where exposed, the superstructure appears to be of wood-framed construction.  No significant deficiencies were observed to suggest differential settlement of the building foundations or movement of the building structure.

The building exterior walls are generally comprised of wood shakes and wood siding, brick chimney wall, stone masonry wall on building elevations. The building windows are typical of wood-framed single glass units. The exterior entrance doors are typically wood doors with glass infill set in wood frames. The service doors are hollow metal doors in metal frames. The roof cover is a 2-ply modified bituminous roof assembly and wood cedar shakes. Overall, the building envelope components appear to be in good condition.

The interior finishes in the building include ceramic floor tiles, vinyl floor sheet, painted concrete floor, carpet flooring, laminated wood flooring, hardwood flooring, painted wall assemblies, ceramic wall tiles, wood wall panels, pre-finished metal panels, stainless steel wall, painted ceiling assemblies, wood ceiling and suspended acoustic tile ceiling assemblies. The interior finishes appear to be in good condition overall.",B,2019,,Wood Framed,,,,,,,,,,,,,,,,#N/A,,,,,,,,,,,,,,,,,,Regular,,,,,,99,,0,#N/A,#N/A,#N/A,#N/A,#N/A,#N/A,#N/A,#VALUE!,15%,,11-100,,0.7,High,-123.1464837,49.29235865
345,PARK_4325_610 Pipeline Road_Stanley Park - Pavilion (Restaurant),610 Pipeline Road,,,,,,,,,,Stanley Park - Pavilion (Restaurant),9 - CoV Not Responsible,City Owned,11076,1911-01,1911,Pre-code,"$8,447,006","25,034",337,1,0,"Pavilion restaurant is understood to have been constructed circa 1911 and is a registered heritage building. The building is largely provided with systems and components originating from the initial building construction. Known renewals include:
- The big renovation was done circa 2005 
- The roof was replaced circa 2018
- The exterior public washrooms renovated circa 2016","The two-story with abasement building appears to be constructed on spread footings. Where exposed, the superstructure appears to be of wood-framed construction. Evidence of water ingress was observed in the ceiling of the basement. Study and repair are recommended.

The building exterior walls are generally comprised of painted wood and stone. The building windows are typical of wood-framed single glass units. The exterior doors are wood and metal doors. The roof cover is a cedar shingles roof assembly. Overall, the building envelope components appear to be in fair to good condition.

The interior finishes in the building include ceramic floor tiles, vinyl sheet floor, painted concrete floor, carpet floor, hardwood floor, wood laminated floor, painted wall assemblies, ceramic wall tiles, wood wall panels, painted ceiling assemblies, adhered acoustical ceiling tiles and suspended acoustic tile ceiling assemblies. The interior finishes appear to be in fair to good condition overall.",A (M),2005,,Wood Framed,,,,,,,,,,,,,,,,#N/A,,,,,,,,,,,,,,,,,,Regular,,,,,,99,,0,#N/A,#N/A,#N/A,#N/A,#N/A,#N/A,#N/A,#VALUE!,15%,High Occupancy,101-1000,,0.7,High,-123.1338767,49.29977021
346,PARK_4325_5601 Stanley Park Drive_Stanley Park - Prospect Point Café,5601 Stanley Park Drive,,,,,,,,,,Stanley Park - Prospect Point Café,9 - CoV Not Responsible,City Owned,4325,1950-01,1950,1941,"$4,283,400","17,481",245,1,0,"Prospect Point Cafe and creamery are understood to have been constructed circa 1950. The building is largely provided with systems and components originating from the initial building construction. Known renewals include:
- The full renovation was done circa 2008
- Some windows, doors and wood siding were replaced circa 2017","The single-story building with a basement and a subbasement appear to be constructed on spread footings. Where exposed, the superstructure appears to be of wood-framed construction.  No significant deficiencies were observed to suggest differential settlement of the building foundations or movement of the building structure.

The building exterior walls are generally comprised of wood siding and concrete stone on the building elevations. The building windows are typical of wood-framed single glass units and metal-framed insulated glass units. The exterior entrance doors are typically glass doors set in aluminum frames. The service doors are wood and metal doors. The roof cover is a 2-ply modified bituminous roof assembly.  Overall, the building envelope components appear to be in good condition except for the exterior single glass windows which are in poor condition.

The interior finishes in the building include ceramic floor tiles, carpet floor tiles, painted concrete floor, wood flooring, painted wall assemblies, ceramic wall tiles, wood wall panels, pre-finished metal panels, painted ceiling assemblies, acoustical ceiling panels and suspended acoustic tile ceiling assemblies. The interior finishes appear to be in good condition overall.",,2008 and 2017,,Wood Framed,,,,,,,,,,,,,,,,#N/A,,,,,,,,,,,,,,,,,,Regular,,,,,,99,,0,#N/A,#N/A,#N/A,#N/A,#N/A,#N/A,#N/A,#VALUE!,,,,,,Pre-Screen Low,-123.1425618,49.31271283
347,PARK_4325_7501 Stanley Park Drive_Stanley Park - Teahouse,7501 Stanley Park Drive,,,,,,,,,,Stanley Park - Teahouse,9 - CoV Not Responsible,City Owned,11074,1912-01,1912,Pre-code,"$2,528,272","5,000",506,1,0,"Teahouse restaurant is understood to have been constructed circa 1912. The building is largely provided with systems and components originating from the initial building construction. Known renewals include:
- The majority of the building was renovated circa 2008.
- Main floor washrooms were renovated circa 2018","The two-story building with a basement appears to be constructed on spread footings. Where exposed, the superstructure appears to be of wood-framed construction.  No significant deficiencies were observed to suggest differential settlement of the building foundations or movement of the building structure.

The building exterior walls are generally comprised of painted stucco walls on the building elevations. The building windows are typical of wood-framed single glass units and one wood frame insulated glass units. The exterior entrance doors are typically wood doors set in wood frames, some of the doors have glass inserts. The roof cover is a 2-ply modified bituminous roof assembly, cedar shakes roof assembly, and built-up roof. Overall, the building envelope components appear to be in fair condition. A building envelope study is recommended for the building.

The interior finishes in the building include ceramic floor tiles, resilient sheet floor, painted concrete floor, carpet flooring, carpet floor tiles, painted wall assemblies, ceramic wall tiles, wallpaper painted ceiling assemblies and adhered acoustic tile ceiling assemblies. The interior finishes appear to be in fair to good condition overall, with the exception of carpet flooring and painted concrete flooring which is in poor condition.",,,,Wood Framed,,,,,,,,,,,,,,,,#N/A,,,,,,,,,,,,,,,,,,Regular,,,,,,99,,0,#N/A,#N/A,#N/A,#N/A,#N/A,#N/A,#N/A,#VALUE!,3%,,11-100,,1.4,High,-123.1570876,49.30126452
348,PARK_2010_7800 Vivian Drive_Fraserview Golf Course - Clubhouse,7800 Vivian Drive,,,,,,,,,,Fraserview Golf Course - Clubhouse,2 - Moderate Investment,City Owned,2010,1997-01,1997,1995,"$1,273,337","4,795",266,1,0,The Fraserview Golf Course – Clubhouse is understood to have been constructed circa 1969 and major renovation happened in 1998.,"The single-story structure is constructed on concrete spread-footings that bear on native soil or engineered fill. Where exposed the foundation walls are poured concrete walls. The slab on grade is presumed to comprise reinforced poured in place concrete. The building’s structural framing system is likely wood beam and truss roof with wood deck floor and roof sheathing systems. No significant deficiencies were observed to suggest differential settlement of the building foundations or movement of the building structure.
The building is provided with asphalt shingles / SBS roofing system, exterior metal single and double doors. These systems are in good condition.
The interior finishes in the building include painted floor finishes, ceramic floor finishes, carpet flooring, painted wall assemblies, ceramic tile walls, vinyl walls, and painted ceiling finish. The interior finishes appear to be in good condition.",,1997,,Wood Framed,,,,,,,,,,,,,,,,#N/A,,,,,,,,,,,,,,,,,,Regular,,,,,,99,,0,#N/A,#N/A,#N/A,#N/A,#N/A,#N/A,#N/A,#VALUE!,,,Unknown,,10,Pre-Screen Low,-123.0517604,49.21391503
349,PARK_1349_5955 Ross St_Memorial South Park - Fieldhouse,5955 Ross St,,,,,,,,,,Memorial South Park - Fieldhouse,3 - Limited Investment,City Owned,1349,1930-01,1930,Pre-code,"$1,036,508","4,789",216,2,0,The building was constructed circa 1930. The building was provided mainly with systems and components originating from the initial building construction.,"The two-storey building structure is constructed of are standard shallow foundations bearing on good native soil or engineered fill. 
The two-storey building structural framing system is likely a wood framed structure, where wood framed stud walls support the suspended wood floors and wood roof trusses/rafters.

The exterior walls consist of wood siding, The exterior windows are wood framed with single glass units. The exterior doors are wood doors. 
The interior partitions are painted gypsum wallboard. The interior floor finishes include hardwood floor, sealed / painted concrete, ceramic tile a and vinyl tile floor finishes. The interior ceiling finish is painted  gypsum board. The interior doors are generally single wood doors set in matching wood frames.",A (M),,,Wood frame,,,,,,,,,,,,,,,,#N/A,,,,,,,,,,,,,,,,,,Regular,,,,,,99,,0,#N/A,#N/A,#N/A,#N/A,#N/A,#N/A,#N/A,#VALUE!,,,Unknown,,10,Pre-Screen Low,-123.0842796,49.23075618
350,PARK_4325_Stanley Park - Brockton Oval Grandstand (Fieldhouse),Stanley Park - Brockton Oval Grandstand (Fieldhouse),,,,,,,,,,,5 - No Investment,City Owned,4325,1970-01,1970,1970,"$788,355","4,500",175,1,0,"Brockton Oval Grandstand is understood to have been constructed circa 1970. The building is largely provided with systems and components originating from the initial building construction. Known renewals include:
- The majority of interior finishes updated circa 1999
- Roof, skylights, and doors were updated circa 1999","The single-story building appears to be constructed on spread footings. Where exposed, the superstructure appears to be of wood-framed, construction.  No significant deficiencies were observed to suggest differential settlement of the building foundations or movement of the building structure.

The building exterior walls are generally comprised of painted wood siding and stucco on all building elevations. The exterior entrance doors are typically wood doors. The roof cover is a cedar shake roof assembly.  Overall, the building envelope components appear to be in fair condition.

The interior finishes in the building include ceramic floor tiles, painted wall assemblies, ceramic wall tiles, vinyl wall panels, painted ceiling assemblies, and vinyl ceiling panel assemblies. The interior finishes appear to be in fair to good condition overall.",,,,Wood Framed,,,,,,,,,,,,,,,,#N/A,,,,,,,,,,,,,,,,,,Regular,,,,,,99,,0,#N/A,#N/A,#N/A,#N/A,#N/A,#N/A,#N/A,#VALUE!,,,Unknown,,10,Pre-Screen Low,-123.1260616,49.29963787
351,PARK_3321_5455 Fraser St_Mountain View Cemetery - Celebration Hall,5455 Fraser St,,,,,,,,,,Mountain View Cemetery - Celebration Hall,1 - Full Investment,City Owned,3321,2008-01,2008,2005,"$1,192,127","4,144",288,1,0,The Cemetery - Celebration Hall Building was constructed circa 2008. The building is provided mainly with systems and components originating from the initial building construction.,"The single-storey building constructed on concrete spread footings. The superstructure is a reinforced masonry structure with steel beams, roof joists, and a composite metal deck flat roof. No significant deficiencies were observed to suggest differential settlement of the building foundations or movement of the building structure.

The building exterior walls are generally comprised of  stone finishes and unfinished concrete on all elevations . The building windows are typical of fixed and operable insulated double glass units. The exterior entrance door is provided by a wooden framed glazed single-doors and double- doors. The roof cover is an conventional modified bitumen SBS roofing assembly .Overall, the building envelope components appear to be in good condition.

The interior finishes in the building include  vinyl sheets flooring, granite floor tiles, painted wall finish, ceramic wall tiles, wood veneer wall finishes, painted ceiling finish and wood ceiling panels finish.  The building interior finishes appear to be in good condition overall , with the exception of flooring vinyl sheets which is in fair condition.",,,,Concrete Structure,,,,,,,,,,,,,,,,#N/A,,,,,,,,,,,,,,,,,,Regular,,,,,,99,,0,#N/A,#N/A,#N/A,#N/A,#N/A,#N/A,#N/A,#VALUE!,,,Unknown,,10,Pre-Screen Low,-123.0926216,49.23555289
352,PARK_1137_4445 NW Marine Drive_Locarno Beach Concession (Fieldhouse),4445 NW Marine Drive,,,,,,,,,,Locarno Beach Concession (Fieldhouse),3 - Limited Investment,City Owned,1154,1950-01,1950,1941,"$952,700","4,305",221,1,0,The concession was constructed circa 1950. The building is provided mainly with systems and components originating from the initial building construction.,"The two-storey building constructed on concrete spread footings. The superstructure is bearing concrete masonry block (CMU) walls with wood beams suspended sloped roof structure, the upper floor level framing system is likely wood columns, wood beam and truss roof with roof sheathing systems. No significant deficiencies were observed to suggest differential settlement of the building foundations or movement of the building structure.

The building exterior walls are generally comprised of exterior coating finish, wood siding finishes and stucco siding on all elevations . The building windows are typical of fixed and operable insulated double glass units and overhead counter shutters. The exit doors are solid and glazed wood doors which are mounted to wood frames. The roof cover is a conventional modified bitumen SBS roofing assembly. The building envelope components appear to be in fair condition overall with the exception of external windows which are in a good condition.

The interior finishes in the building include painted concrete floors, vinyl sheets flooring, carpet flooring, painted wall finish, painted ceiling finish and wood ceiling finish. The building interior finishes appear to be in fair condition overall with the exception of the wood ceiling which is in a good condition.",,,,Masonry Walls,,,,,,,,,,,,,,,,#N/A,,,,,,,,,,,,,,,,,,Regular,,,,,,99,,0,#N/A,#N/A,#N/A,#N/A,#N/A,#N/A,#N/A,#VALUE!,,,Unknown,,10,Pre-Screen Low,-123.206522,49.27506309
353,PARK_1305_5251 Oak St_VanDusen Garden - Administration & Floral Hall,5251 Oak St,,,,,,,,,,VanDusen Garden - Administration & Floral Hall,3 - Limited Investment,City Owned,1305,1975-01,1975,1975,"$2,503,991","14,293",175,1,0,"Administration & Floral Hall is understood to have been constructed circa 1975. The building is largely provided with systems and components originating from the initial building construction. Known renewals include:
- The roof was replaced circa 2014
- Exterior wood siding walls were replaced circa 1993
- Some of the exterior windows were replaced circa 2018
- Interior finishes in the upper floor washrooms were upgraded circa 2019","The single-storey building with a basement appears to be constructed on spread footings. Where exposed, the superstructure appears to be of wood framed construction.  No significant deficiencies were observed to suggest differential settlement of the building foundations or movement of the building structure. However, some rotten wood beam were observed.

The building exterior walls are generally comprised of wood siding on all building elevations. Exterior windows are typically metal-framed units with single-pane glazing. The north elevation windows incorporate insulating glazing units (IGUs) set in aluminum frames. The exterior doors are typically wood doors and sliding glass doors. The roof cover is a 2-ply modified bituminous roof assembly. Overall, the building envelope components appear to be in good condition.

The interior finishes in the building include ceramic floor tiles, vinyl sheet flooring, painted concrete floor, carpet floor tiles, liquid applied membrane, painted wall assemblies, wood wall panels, painted ceiling assemblies, wood ceiling and suspended acoustic tile ceiling assemblies. The interior finishes appear to be in good to fair condition overall.",,,,Wood Framed,,,,,,,,,,,,,,,,#N/A,,,,,,,,,,,,,,,,,,Regular,,,,,,99,,0,#N/A,#N/A,#N/A,#N/A,#N/A,#N/A,#N/A,#VALUE!,3%,,11-100,,0.9,High,-123.128587,49.23860356
354,PARK_7164_1199 W Cordova St_Harbour Green Park - Restaurant,1199 W Cordova St,,,,,,,,,,Harbour Green Park - Restaurant,9 - CoV Not Responsible,City Owned,7942,2000-01,2000,1995,"$1,668,842","3,819",437,1,0,,,,,,,,,,,,,,,,,,,,,,#N/A,,,,,,,,,,,,,,,,,,Regular,,,,,,99,,0,#N/A,#N/A,#N/A,#N/A,#N/A,#N/A,#N/A,#VALUE!,,,Unknown,,10,Pre-Screen Low,-123.1213224,49.28976624
355,PARK_4325_3301 Stanley Park Drive_Stanley Park - Lumberman's Arch Concession (Fieldhouse),3301 Stanley Park Drive,,,,,,,,,,Stanley Park - Lumberman's Arch Concession (Fieldhouse),5 - No Investment,City Owned,11082,1970-01,1970,1970,"$630,684","3,600",175,1,0,"Lumberman's Arch Concession building is understood to have been constructed circa 1970. The building is largely provided with systems and components originating from the initial building construction. Known renewals include:
- Roof was replaced circa 2001","The single-storey structure with slab-on-grade foundation with concrete perimeter walls. Where exposed, the superstructure appears to be of wood-framed construction.  No significant deficiencies were observed to suggest differential settlement of the building foundations or movement of the building structure.
The building exterior walls are generally comprised of mostly wood siding on all building elevations. The building windows are double-paned glazing units that are set in fixed metal frames. The building is equipped with metal and roll-up shutter exterior doors. The roof cover is cedar shakes roof assembly. Overall, the building envelope components appear to be in good condition.
The interior finishes in the building include vinyl tiles / ceramic tiles flooring and painted wall & ceiling assemblies. The interior finishes appear to be in poor to good condition.",,,,Wood Framed,,,,,,,,,,,,,,,,#N/A,,,,,,,,,,,,,,,,,,Regular,,,,,,99,,0,#N/A,#N/A,#N/A,#N/A,#N/A,#N/A,#N/A,#VALUE!,,,Unknown,,10,Pre-Screen Low,-123.1313235,49.30277488
357,PARK_1150_4801 NW Marine Drive_Spanish Banks Beach East Concession (Fieldhouse),4801 NW Marine Drive,,,,,,,,,,Spanish Banks Beach East Concession (Fieldhouse),3 - Limited Investment,City Owned,4412,1950-01,1950,1941,"$893,170","4,036",221,1,0,The concession building was constructed circa 1950. The building is provided mainly with systems and components originating from the initial building construction.,"The two-storey building constructed on concrete spread footings. The superstructure is bearing concrete masonry block (CMU) walls with wood beams suspended sloped roof structure, the upper floor level framing system is likely wood columns, wood beam and truss roof with roof sheathing systems. No significant deficiencies were observed to suggest differential settlement of the building foundations or movement of the building structure.

The building exterior walls are generally comprised of wood siding and stone veneer siding finishes on all elevations . The building windows are typical of fixed and operable insulated single glass units and roll-up serving windows. The exit doors are solid and glazed wood doors which are mounted to wood frames. The roof cover is a conventional modified bitumen SBS roofing assembly. The building envelope components appear to be in fair condition overall with the exception of roofing system which is in poor condition.

The interior finishes in the building include terrazzo floor, painted concrete floors, vinyl sheets flooring, carpet flooring, painted wall finish, painted ceiling finish and wood ceiling finish. The building interior finishes appear to be in fair condition overall with the exception of the vinyl sheet flooring and wood ceiling which are in a good condition.",,,,Masonry Walls,,,,,,,,,,,,,,,,#N/A,,,,,,,,,,,,,,,,,,Regular,,,,,,99,,0,#N/A,#N/A,#N/A,#N/A,#N/A,#N/A,#N/A,#VALUE!,,,Unknown,,10,Pre-Screen Low,-123.2149014,49.27624632
359,PARK_3330_2401 Point Grey Road_Kitsilano Yacht Club - Building 1,2401 Point Grey Road,,,,,,,,,,Kitsilano Yacht Club - Building 1,9 - CoV Not Responsible,City Owned,3330,1970-01,1970,1970,"$876,332","3,300",266,1,0,,,,,,,,,,,,,,,,,,,,,,#N/A,,,,,,,,,,,,,,,,,,Regular,,,,,,99,,0,#N/A,#N/A,#N/A,#N/A,#N/A,#N/A,#N/A,#VALUE!,,,Unknown,,10,Pre-Screen Low,-123.1607724,49.27403661
360,PARK_1554_4747 Dunbar St_Memorial West Park - Fieldhouse,4747 Dunbar St,,,,,,,,,,Memorial West Park - Fieldhouse,4 - Minimal Investment,City Owned,1554,1932-01,1932,Pre-code,"$598,010","2,763",216,2,0,The building was constructed circa 1932. The building is provided mainly with systems and components originating from the initial building construction.,"The two-storey building foundations are likely standard foundations bearing on good native soil. The slab on grade appears to be cast in place concrete continuously supported by native soil or engineered fill. The building is likely a wood framed structure, with wood roof deck supported by wood trusses/rafters and wood stud walls.

The roof covering includes wood cedar shakes roofing. The exterior walls consist of painted wood siding boards finishes. The exterior windows are wood framed with single glass units. The exterior doors include wood and metal single doors. 

The interior partitions are painted gypsum wallboard.  The interior doors are generally single wood doors set in matching wood frames. The interior floor finishes include carpet, hardwood, ceramic tiles, painted concrete and vinyl tile floor finish. The interior ceiling finishes include painted gypsum board ceiling.",A,,,Wood Framed,,,,,,,,,,,,,,,Parks Facilities (Outhouses etc.), $-   ,,C,,,,,,,,,,,,,,,,Regular,,,,,,99,,0,#N/A,#N/A,#N/A,#N/A,#N/A,#N/A,#N/A,#VALUE!,,,,,10,Pre-Screen Low,-123.1884173,49.24334826
361,PARK_1481_7402 Ross St_Ross Park - Fieldhouse,7402 Ross St,,,,,,,,,,Ross Park - Fieldhouse,2 - Moderate Investment,City Owned,1481,1963-01,1963,1960,"$670,949","3,100",216,1,0,The building was constructed in 1963.  There was a major renovation completed in 2007 to undertake interior and exterior repairs after a fire. The building is provided mainly with systems and components originating from the building construction in 2007.,"The single-storey building foundation are likely standard foundations bearing on good native firm soil. The slab on grade appears to be cast in place concrete continuously supported by native soil or engineer fill.  The single-storey building is likely be  a wood framed structure, and wood roof trusses/rafters suspended sloped roof structure.. 

The exterior walls consist of painted wood siding boards, and field stone. The exterior windows are wood framed with single glass units.  The exterior doors include wood single doors . The roof covering includes asphalt shingle roofing.

The interior partitions are painted gypsum wallboard.  The interior doors are generally single wood doors set in matching wood frames. The interior floor finishes include sealed concrete, and vinyl tiles floor finish. The interior wall and ceiling finishes include painted gypsum board ceiling.",,2007,,Wood Framed,,,,,,,,,,,,,,,,#N/A,,,,,,,,,,,,,,,,,,Regular,,,,,,99,,0,#N/A,#N/A,#N/A,#N/A,#N/A,#N/A,#N/A,#VALUE!,,,Unknown,,10,Pre-Screen Low,-123.0828164,49.2167022
362,PARK_6813_89 Expo Boulevard_Andy Livingstone Park - Fieldhouse,89 Expo Boulevard,,,,,,,,,,Andy Livingstone Park - Fieldhouse,3 - Limited Investment,City Owned,6813,1990-01,1990,1990,"$657,963","3,040",216,1,0,The building was constructed circa 1932. The building is provided mainly with systems and components originating from the initial building construction.,"The single-storey building foundations are likely standard foundations bearing on good native soil. The slab on grade appears to be cast in place concrete continuously supported by native soil or engineered fill. The building is likely constructed of load bearing concrete block walls supporting wood roof trusses/rafters and roof wood deck.

The roof covering includes metal roofing. The exterior walls consist of architectural masonry brick/block finishes. The exterior windows are aluminum double-paned glazing.  The exterior doors include metal single and double-doors. 

The interior partitions are combination of concrete masonry units and painted gypsum wallboard.  The interior doors are generally single wood doors set in matching wood frames. The interior floor finishes include vinyl planks,  ceramic tiles, sealed concrete and vinyl tile. The interior ceiling finishes include painted gypsum board ceiling.",,,,Wood Framed,,,,,,,,,,,,,,,,#N/A,,,,,,,,,,,,,,,,,,Regular,,,,,,99,,0,#N/A,#N/A,#N/A,#N/A,#N/A,#N/A,#N/A,#VALUE!,,,Unknown,,10,Pre-Screen Low,-123.1036237,49.27785077
363,"PARK_2010_7800 Vivian Drive_Fraserview Golf Course - Proshop, Washrooms, Office",7800 Vivian Drive,,,,,,,,,,"Fraserview Golf Course - Proshop, Washrooms, Office",2 - Moderate Investment,City Owned,2010,1996-01,1996,1995,"$975,542","2,939",332,1,0,"The Fraserview Golf Course - Proshop, Washrooms, Office is understood to have been constructed circa 1996 and major renovation happened in 2022.","The single-story structure is constructed on concrete spread-footings that bear on native soil or engineered fill. Where exposed the foundation walls are poured concrete walls. The slab on grade is presumed to comprise reinforced poured in place concrete. The building’s structural framing system is likely wood beam and truss roof with roof sheathing systems. No significant deficiencies were observed to suggest differential settlement of the building foundations or movement of the building structure.
The building is provided with wood shingles roofing system and exterior wood single / double doors. The roofing and exterior doors are in good condition.
The interior finishes in the building include painted floor finishes, ceramic floor finishes, carpet flooring, painted wall assemblies, ceramic tile walls, wood walls, and painted ceiling finish. The interior finishes appear to be in fair to good condition.",,2022,,Wood Framed,,,,,,,,,,,,,,,,#N/A,,,,,,,,,,,,,,,,,,Regular,,,,,,99,,0,#N/A,#N/A,#N/A,#N/A,#N/A,#N/A,#N/A,#VALUE!,,,Unknown,,10,Pre-Screen Low,-123.0519599,49.21372375
364,PARK_1137_3941 Point Grey Road_Jericho Park - Beach Concession (Fieldhouse),3941 Point Grey Road,,,,,,,,,,Jericho Park - Beach Concession (Fieldhouse),3 - Limited Investment,City Owned,1140,1950-01,1950,1941,"$616,986","2,788",221,1,0,The Jericho Park - Beach Concession is understood to have been constructed circa 1950 and a major upgrade completed in 2010.,"The single-story structure is constructed on concrete spread-footings that bear on native soil or engineered fill. Where exposed the foundation walls are poured concrete walls. The slab on grade is presumed to comprise reinforced poured in place concrete. The building’s structural framing system is likely wood columns, wood beam and truss roof with roof sheathing systems. No significant deficiencies were observed to suggest differential settlement of the building foundations or movement of the building structure.
The building is provided with SBS roofing, wood siding, masonry cladding, exterior windows, and exterior doors. These systems range from poor to good condition.
The interior finishes in the building include painted floor finishes, vinyl tile flooring, ceramic tile flooring, wood laminate flooring, painted wall assemblies, ceramic tile walls, and painted ceiling finish. The interior finishes range from fair to good condition.",,2010,,Wood Framed,,,,,,,,,,,,,,,,#N/A,,,,,,,,,,,,,,,,,,Regular,,,,,,99,,0,#N/A,#N/A,#N/A,#N/A,#N/A,#N/A,#N/A,#VALUE!,,,Unknown,,10,Pre-Screen Low,-123.1915904,49.27167828
365,PARK_4325_Stanley Park - Lawn Bowling,Stanley Park - Lawn Bowling,,,,,,,,,,,5 - No Investment,City Owned,11075,1940-01,1940,Pre-code,"$584,375","2,700",216,1,0,"The Lawn Bowling is understood to have been constructed circa 1940. The building is largely provided with systems and components originating from the initial building construction. Known renewals include:
- The majority of interior finishes updated circa 1999, 2015, and 2017
- Exterior wood siding walls were replaced circa 1980
- The roof was replaced circa 1993
- Exterior windows were replaced circa 1999","The single-story building appears to be constructed on spread footings. Where exposed, the superstructure appears to be of wood-framed construction.  No significant deficiencies were observed to suggest differential settlement of the building foundations or movement of the building structure.

The building exterior walls are generally comprised of stone veneer, painted wood siding, and a brick chimney. The building windows are typical of wood-framed single glass units. The exterior entrance doors are wood doors. The roof cover is a cedar shakes roof assembly. Overall, the building envelope components appear to be in fair to good condition.

The interior finishes in the building include ceramic floor tiles, laminated wood flooring, painted wall assemblies, ceramic wall tiles, painted ceiling assemblies, and adhered acoustic tile ceiling assemblies. The interior finishes appear to be in fair to good condition overall.",B,1999 - 2015 - 2017,,Wood Framed,,,,,,,,,,,,,,,,#N/A,,,,,,,,,,,,,,,,,,Regular,,,,,,99,,0,#N/A,#N/A,#N/A,#N/A,#N/A,#N/A,#N/A,#VALUE!,,,Unknown,,10,Pre-Screen Low,-123.1469445,49.29157116
366,RECR_1547_2305 Cornwall St_Kitsilano - Fieldhouse & Concession,2305 Cornwall St,,,,,,,,,,Kitsilano - Fieldhouse & Concession,3 - Limited Investment,City Owned,1547,1960-01,1960,1960,"$321,474","1,835",175,1,0,The building was constructed circa 1960. The building is provided mainly with systems and components originating from the initial building construction.,"The single-storey building foundations are likely standard foundations bearing on good native soil. The slab on grade appears to be cast in place concrete continuously supported by native soil or engineered fill. The building is likely of load bearing concrete block walls supporting wood roof trusses/rafters and roof wood deck.

The roof covering includes conventional modified bitumen roofing. The exterior walls consist of painted wood siding boards and red brick finishes. The exterior windows are wood framed with single glass units. The exterior doors include wood single doors. 

The interior partitions are concrete masonry units and gypsum wall board affixed to metal or wood studs.  The interior doors are generally single wood doors set in matching wood frames. The interior floor finishes include painted concrete, terrazzo and vinyl tile floor finish. The interior ceiling finishes include painted gypsum board ceiling.",,,,Masonry Walls,,,,,,,,,,,,,,,,#N/A,,,,,,,,,,,,,,,,,,Regular,,,,,,99,,0,#N/A,#N/A,#N/A,#N/A,#N/A,#N/A,#N/A,#VALUE!,,,Unknown,,10,Pre-Screen Low,-123.1574328,49.27303566
367,PARK_1349_5955 Ross St_Memorial South Park - Softball Building,5955 Ross St,,,,,,,,,,Memorial South Park - Softball Building,9 - CoV Not Responsible,City Owned,1349,1980-01,1980,1980,"$636,422","3,258",195,1,0,,,,,,Wood frame,,,,,,,,,,,,,,,,#N/A,,,,,,,,,,,,,,,,,,Regular,,,,,,99,,0,#N/A,#N/A,#N/A,#N/A,#N/A,#N/A,#N/A,#VALUE!,,,Unknown,,10,Pre-Screen Low,-123.0846909,49.23139101
368,PARK_4486_1655 Whyte Av_Burrard Civic Marina Main Building - Fieldhouse,1655 Whyte Av,,,,,,,,,,Burrard Civic Marina Main Building - Fieldhouse,2 - Moderate Investment,City Owned,4486,1964-01,1964,1960,"$946,664","2,852",332,2,0,The 1655 Whyte Av_Burrard Civic Marina Main Building - Fieldhouse building was constructed circa 1964. The building is provided mainly with systems and components originating from the initial building construction.,"The two-storey building constructed on concrete spread footings. The superstructure is a wood columns, wood beams and truss roof suspended sloped roof structure with roof sheathing systems. No significant deficiencies were observed to suggest differential settlement of the building foundations or movement of the building structure.

The building exterior walls are generally comprised of wood siding and field stone siding on all elevations . The building windows are typical of fixed and operable insulated single glass units. The external doors are wood glazed single and double-frame doors which are mounted to wood frames. The roof cover is a conventional modified bitumen SBS roofing and shingle asphalt roofing assembly. The building envelope components appear to be in good condition overall with the exception of exterior window which is in fair condition.

The interior finishes in the building include vinyl tile, vinyl sheets flooring, painted wall finish and wood ceiling finish. The building interior finishes appear to be in fair condition overall with the exception of the wood ceiling which is in a good condition.",,,,Wood Framed,,,,,,,,,,,,,,,,#N/A,,,,,,,,,,,,,,,,,,Regular,,,,,,99,,0,#N/A,#N/A,#N/A,#N/A,#N/A,#N/A,#N/A,#VALUE!,,,Unknown,,10,Pre-Screen Low,-123.1397798,49.2751763
369,PARK_1550_6675 Commercial St_Gordon Park - Fieldhouse,6675 Commercial St,,,,,,,,,,Gordon Park - Fieldhouse,3 - Limited Investment,City Owned,1550,1950-01,1950,1941,"$528,102","2,440",216,1,0,The building was constructed circa 1950. The building is provided mainly with systems and components originating from the initial building construction.,"The single-storey building foundation are likely standard foundations bearing on good native firm soil. The slab on grade appears to be cast in place concrete continuously supported by native soil or engineer fill.  The single-storey building is likely be  a wood framed structure, and wood roof trusses/rafters suspended sloped roof structure.

The exterior walls consist of painted wood siding boards, field stone and Stucco finishes. The exterior windows are wood framed with single glass units.  The exterior doors include wood single doors .  The roof covering includes asphalt shingle roofing.

The interior partitions are painted gypsum wallboard.  The interior doors are generally single wood doors set in matching wood frames. The interior floor finishes include sealed concrete and vinyl tiles floor finish. The interior ceiling finishes include painted gypsum board ceiling.",,,,Wood Framed,,,,,,,,,,,,,,,,#N/A,,,,,,,,,,,,,,,,,,Regular,,,,,,99,,0,#N/A,#N/A,#N/A,#N/A,#N/A,#N/A,#N/A,#VALUE!,,,Unknown,,10,Pre-Screen Low,-123.0694681,49.22390063
370,PARK_1150_4801 NW Marine Drive_Spanish Banks Beach West Concession (Fieldhouse),4801 NW Marine Drive,,,,,,,,,,Spanish Banks Beach West Concession (Fieldhouse),3 - Limited Investment,City Owned,4412,1960-01,1960,1960,"$535,769","2,421",221,1,0,The concession building was constructed circa 1960. The building is provided mainly with systems and components originating from the initial building construction.,"The single-storey building constructed on concrete spread footings. The superstructure is bearing concrete masonry block (CMU) walls with wood beams suspended sloped roof structure with roof sheathing systems. No significant deficiencies were observed to suggest differential settlement of the building foundations or movement of the building structure.

The building exterior walls are generally comprised of masonry brick and ceramic tile siding finishes on all elevations . The building windows are typical of fixed and operable insulated single glass units and overhead serving windows. The external doors are solid single and double- wood doors which are mounted to wood frames. The roof cover is a conventional modified bitumen SBS roofing assembly. The building envelope components appear to be in good condition overall with the exception of exterior windows, exterior doors and roofing system which is in fair condition.

The interior finishes in the building include terrazzo floor, painted concrete floor, vinyl sheets flooring, painted wall finish, painted ceiling finish and wood ceiling finish. The building interior finishes appear to be in fair condition overall with the exception of the wood ceiling which is in a good condition.",,,,Masonry Walls,,,,,,,,,,,,,,,,#N/A,,,,,,,,,,,,,,,,,,Regular,,,,,,99,,0,#N/A,#N/A,#N/A,#N/A,#N/A,#N/A,#N/A,#VALUE!,,,Unknown,,10,Pre-Screen Low,-123.2226396,49.27748568
371,PARK_1227_895 W 27th Av_Braemar Park - Fieldhouse,895 W 27th Av,,,,,,,,,,Braemar Park - Fieldhouse,3 - Limited Investment,City Owned,1227,1960-01,1960,1960,"$509,055","2,352",216,1,0,The building was constructed circa 1960. The building is provided mainly with systems and components originating from the initial building construction.,"The single-storey building foundation are likely standard foundations bearing on good native firm soil. The slab on grade appears to be cast in place concrete continuously supported by a moisture barrier on a free draining gravel. A visual site confirmation to determine if the element is a potential structural slab was not possible.

The single-storey building is likely be wood columns, wood beams and truss roof suspended sloped roof structure.

The exterior walls consist of wood siding and exterior coatings. The exterior doors include wood single-doors . The roof covering includes asphalt shingle roofing.

The interior partitions are painted gypsum wallboard. 

The interior floor finishes include painted concrete floor and vinyl tile floor. The interior ceiling finishes include painted gypsum board.",,2012,,Wood frame with wood siding and cut stone exterior & asphalt shingle roofing,,,,,,,,,,,,,,,,#N/A,,,,,,,,,,,,,,,,,,Regular,,,,,,99,,0,#N/A,#N/A,#N/A,#N/A,#N/A,#N/A,#N/A,#VALUE!,,,Unknown,,10,Pre-Screen Low,-123.1244835,49.24744888
372,PARK_1122_4376 W 6th Av_West Point Grey Lawn Bowling Club,4376 W 6th Av,,,,,,,,,,West Point Grey Lawn Bowling Club,9 - CoV Not Responsible,City Owned,1122,1920-01,1920,Pre-code,"$486,979","2,250",216,1,0,,,,,,Wood frame w/asphalt shingle roof,,,,,,,,,,,,,,,,#N/A,,,,,,,,,,,,,,,,,,Regular,,,,,,99,,0,#N/A,#N/A,#N/A,#N/A,#N/A,#N/A,#N/A,#VALUE!,,,Unknown,,10,Pre-Screen Low,-123.2050767,49.2667568
373,PARK_2142_3215 Slocan St_Beaconsfield Park - Fieldhouse,3215 Slocan St,,,,,,,,,,Beaconsfield Park - Fieldhouse,3 - Limited Investment,City Owned,2142,1928-01,1928,Pre-code,"$430,337","2,203",195,1,0,The building was constructed circa 1928. The building is provided mainly with systems and components originating from the initial building construction.,"The single-storey building foundations are likely standard foundations bearing on good native firm soil. The slab on grade appears to be cast-in-place concrete continuously supported by native soil or engineered fill. The single-storey building is likely be  a wood framed structure, and wood roof trusses/rafters suspended sloped roof structure.

The exterior walls consist of painted wood siding boards. The exterior windows are wood framed with single glass units.  The exterior doors include wood single doors. The roof covering includes asphalt shingle roofing.

The interior partitions are painted gypsum wallboard.  The interior doors are generally single wood doors set in matching wood frames. The interior floor finishes include sealed concrete, ceramic floor and wall tiles and hardwood floor finish. The interior ceiling finishes include painted gypsum board ceiling and acoustic ceiling tile.",,,,Wood Framed,,,,,,,,,,,,,,,,#N/A,,,,,,,,,,,,,,,,,,Regular,,,,,,99,,0,#N/A,#N/A,#N/A,#N/A,#N/A,#N/A,#N/A,#VALUE!,,,Unknown,,10,Pre-Screen Low,-123.0499294,49.25528582
374,PARK_1825_2901 E Hastings St_PNE - Empire Fields - Fieldhouse,2901 E Hastings St,,,,,,,,,,PNE - Empire Fields - Fieldhouse,2 - Moderate Investment,City Owned,1825,2000-01,2000,1995,"$315,281","1,614",195,1,0,The 2901 E Hastings St_PNE - Empire Fields - Fieldhouse building was constructed circa 2000. The building is provided mainly with systems and components originating from the initial building construction.,"The single-storey building constructed on concrete spread footings. The superstructure is with reinforced concrete walls, concrete masonry block (CMU) walls and reinforced concrete flat roof with roof sheathing systems. No significant deficiencies were observed to suggest differential settlement of the building foundations or movement of the building structure. However, cracking were observed in the roof structure at the women washroom ceiling and further further investigation is recommended to determine the severity of the observed deficiencies.

The building exterior walls are generally comprised of unfinished block wall and unfinished concrete siding finishes on all elevations . The building windows are typical of fixed and operable insulated single glass units. The exit doors are solid single-wood doors which are mounted to metal frames. The roof cover is conventional modified bitumen roofing assembly. The building envelope components appear to be in fair condition overall, with the exception of the exterior windows which is in good condition.

The interior finishes in the building include sealed concrete floors, ceramic tile flooring, sealed wall finish, sealed and painted ceiling finish. Overall, The building interior finishes appear to be in good condition.",,,,Masonry Walls,,,,,,,,,,,,,,,,#N/A,,,,,,,,,,,,,,,,,,Regular,,,,,,99,,0,#N/A,#N/A,#N/A,#N/A,#N/A,#N/A,#N/A,#VALUE!,,,Unknown,,10,Pre-Screen Low,-123.0343244,49.28253311
376,PARK_1226_2610 W 23rd Av_Trafalgar Park - Fieldhouse,2610 W 23rd Av,,,,,,,,,,Trafalgar Park - Fieldhouse,3 - Limited Investment,City Owned,1226,1950-01,1950,1941,"$520,526","2,405",216,1,0,The building was constructed circa 1950. The building is provided mainly with systems and components originating from the initial building construction.,"The single-storey building foundation are likely standard foundations bearing on good native firm soil. The slab on grade appears to be cast in place concrete continuously supported by a moisture barrier on a free draining gravel. A visual site confirmation to determine if the element is a potential structural slab was not possible.

The single-storey building is likely be wood columns, wood beams and truss roof suspended sloped roof structure.

The exterior walls consist of wood siding, stucco and exterior coatings. The exterior doors include wood single-doors . The roof covering includes wood cedar shingle roofing.

The interior partitions are painted gypsum wallboard. 

The interior floor finishes include painted concrete floor and vinyl tile floor. The interior ceiling finishes include painted gypsum board.",,,,"Wood frame, exterior wood siding w/asphalt shingle roof",,,,,,,,,,,,,,,,#N/A,,,,,,,,,,,,,,,,,,Regular,,,,,,99,,0,#N/A,#N/A,#N/A,#N/A,#N/A,#N/A,#N/A,#VALUE!,,,Unknown,,10,Pre-Screen Low,-123.1634754,49.25158242
377,PARK_1551_4594 Balaclava St_Balaclava Park - Fieldhouse,4594 Balaclava St,,,,,,,,,,Balaclava Park - Fieldhouse,3 - Limited Investment,City Owned,1551,1950-01,1950,1941,"$419,593","2,148",195,1,0,The building was constructed circa 1950. The building is provided mainly with systems and components originating from the initial building construction.,"The single-storey building foundation are likely standard foundations bearing on good native firm soil. The slab on grade appears to be cast in place concrete continuously supported by native soil or engineered fill. The single-storey building is likely be  a wood framed structure, and wood roof trusses/rafters suspended sloped roof structure.

The exterior walls consist of painted wood siding boards, field stone and stucco finishes. The exterior windows are wood framed with single glass units.  The exterior doors include wood single doors. The roof covering includes asphalt shingle roofing.

The interior partitions are painted gypsum wallboard.  The interior doors are generally single wood doors set in matching wood frames. The interior floor finishes include sealed concrete, ceramic tile and vinyl tiles floor finish. The interior ceiling finishes include painted gypsum board ceiling.",,,,Wood Framed,,,,,,,,,,,,,,,,#N/A,,,,,,,,,,,,,,,,,,Regular,,,,,,99,,0,#N/A,#N/A,#N/A,#N/A,#N/A,#N/A,#N/A,#VALUE!,,,Unknown,,10,Pre-Screen Low,-123.1754239,49.24522548
378,PARK_1558_2690 Grant St_Clinton Park - Fieldhouse,2690 Grant St,,,,,,,,,,Clinton Park - Fieldhouse,3 - Limited Investment,City Owned,1558,1950-01,1950,1941,"$411,975","2,109",195,1,0,The building was constructed circa 1950. The building is provided mainly with systems and components originating from the initial building construction.,"The single-storey building foundation are likely standard foundations bearing on good native firm soil. The slab on grade appears to be cast in place concrete continuously supported by native soil or engineer fill. The single-storey building is likely be  a wood framed structure, and wood roof trusses/rafters suspended sloped roof structure..

The exterior walls consist of painted wood siding boards, and Field stone. The exterior windows are wood framed with single glass units. The exterior doors include wood single doors. The roof covering includes modified conventional bitumen roof. 

The interior partitions are painted gypsum wallboard. The interior doors are generally single wood doors set in matching wood frames. The interior floor finishes include sealed concrete and vinyl tiles floor finish. The interior ceiling finishes include painted gypsum board ceiling.",,,,Wood Framed,,,,,,,,,,,,,,,,#N/A,,,,,,,,,,,,,,,,,,Regular,,,,,,99,,0,#N/A,#N/A,#N/A,#N/A,#N/A,#N/A,#N/A,#VALUE!,,,Unknown,,10,Pre-Screen Low,-123.0668825,49.27264936
379,PARK_2147_7188 MacDonald St_McCleery Golf Course - Driving Range,7188 MacDonald St,,,,,,,,,,McCleery Golf Course - Driving Range,2 - Moderate Investment,City Owned,2147,1996-01,1996,1995,"$1,500,419","6,780",221,1,0,"Driving Range is understood to have been constructed circa 1996 with an office building addition constructed circa 2008. The building systems and components are provided with the new addition construction in 2008. The new office building addition is approximately 650 sf, includes:
- New washroom.
- New retail area and small storage closet.
- New office room.","The one-storey building with the shooting shed appears to be constructed on spread footings. Where exposed, the superstructure appears to be of wood-framing construction.  No significant deficiencies were observed to suggest differential settlement of the building foundations or movement of the building structure.
The building exterior walls are generally comprised of wood siding walls on the building elevations except one small wall on the east elevation which is gravel stone finish. The building windows are typical of metal-framed insulated glass units (IGUs). The exterior entrance doors are typically glass doors set in aluminum frames with one roll-up door on the north elevation entrance door. The service door is hollow metal door in metal frame. The office roof cover is a 2-ply modified bituminous roof assembly and the shooting shed roof cover is a cedar shake roofing. Overall, the building envelope components appear to be in good condition.
The interior finishes in the building include ceramic floor tiles, vinyl flooring, painted wall assemblies and painted ceiling assemblies. The interior finishes appear to be in good condition overall except the vinyl flooring which is in poor condition.",,2008,,Wood Framed,,,,,,,,,,,,,,,,#N/A,,,,,,,,,,,,,,,,,,Regular,,,,,,99,,0,#N/A,#N/A,#N/A,#N/A,#N/A,#N/A,#N/A,#VALUE!,,,Unknown,,10,Pre-Screen Low,-123.1696565,49.22057702
380,PARK_1469_3300 Victoria Drive_John Hendry Park - Little League (Fieldhouse),3300 Victoria Drive,,,,,,,,,,John Hendry Park - Little League (Fieldhouse),9 - CoV Not Responsible,City Owned,1469,1990-01,1990,1990,"$166,822",854,195,1,0,,,,,,Wood frame,,,,,,,,,,,,,,,,#N/A,,,,,,,,,,,,,,,,,,Regular,,,,,,99,,0,#N/A,#N/A,#N/A,#N/A,#N/A,#N/A,#N/A,#VALUE!,,,Unknown,,10,Pre-Screen Low,-123.0593524,49.25685776
381,PARK_1223_3025 Fir St_Terminal City Lawn Bowling - Viewing Area,3025 Fir St,,,,,,,,,,Terminal City Lawn Bowling - Viewing Area,3 - Limited Investment,City Owned,1223,1930-01,1930,Pre-code,"$85,557","2,100",41,1,0,The building was constructed circa 1930. The building was provided mainly with systems and components originating from the initial building construction.,"The single-storey building structure is constructed of cast in place concrete continuously supported by a moisture barrier on a free draining gravel.
The single-storey building structural framing system is likely a wood framed structure, where wood framed stud walls support the suspended wood floors and wood roof trusses/rafters.

The exterior walls consist of wood siding, The exterior door is wood sliding doors. 
The interior floor finishes include painted exposed concrete finishes.",,,,Wood Framed,,,,,,,,,,,,,,,,#N/A,,,,,,,,,,,,,,,,,,Regular,,,,,,99,,0,#N/A,#N/A,#N/A,#N/A,#N/A,#N/A,#N/A,#VALUE!,,,Unknown,,10,Pre-Screen Low,-123.1419662,49.25830547
382,PARK_1223_3025 Fir St_Terminal City Lawn Bowling - Main Building,3025 Fir St,,,,,,,,,,Terminal City Lawn Bowling - Main Building,3 - Limited Investment,City Owned,1223,1930-01,1930,Pre-code,"$452,566","2,091",216,1,0,The building was constructed circa 1930. The building was provided mainly with systems and components originating from the initial building construction.,"The single-storey building structure is constructed of are standard deep foundations bearing on good native soil.
The single-storey building structural framing system is likely a wood framed structure, where wood framed stud walls support the suspended wood floors and wood roof trusses/rafters.

The exterior walls consist of EIFS, wood siding and vinyl siding, The exterior windows are aluminum double glazing The exterior doors are aluminum double-door and wood doors. 
The interior partitions are painted gypsum wallboard. The interior floor finishes include vinyl sheet / tiles , carpet and ceramic floor finishes. The interior ceiling finish is painted  gypsum board and acoutic adhered tiles. The interior doors are generally single wood doors set in matching wood frames.",B (M),2004,,Metal Framed,,,,,,,,,,,,,,,,#N/A,,,,,,,,,,,,,,,,,,Regular,,,,,,99,,0,#N/A,#N/A,#N/A,#N/A,#N/A,#N/A,#N/A,#VALUE!,,,Unknown,,10,Pre-Screen Low,-123.1419837,49.25852341
383,RECR_1295_4575 Clancy Loranger Way_Little Mountain Little League,4575 Clancy Loranger Way,,,,,,,,,,Little Mountain Little League,9 - CoV Not Responsible,City Owned,1295,1990-01,1990,1990,"$597,105","2,089",286,1,0,,,,,,,,,,,,,,,,,,,,,,#N/A,,,,,,,,,,,,,,,,,,Regular,,,,,,99,,0,#N/A,#N/A,#N/A,#N/A,#N/A,#N/A,#N/A,#VALUE!,,Emergency Shelter,Unknown,,10,Pre-Screen Low,-123.1089769,49.24333963
384,PARK_4325_Stanley Park_Stanley Park - Third Beach Concession and Washrooms (Fieldhouse),Stanley Park,,,,,,,,,,Stanley Park - Third Beach Concession and Washrooms (Fieldhouse),5 - No Investment,City Owned,11081,1970-01,1970,1970,"$350,380","2,000",175,1,0,"Third Beach concession and washrooms are understood to have been constructed circa 1970. The building is largely provided with systems and components originating from the initial building construction. Known renewals include:
- The washrooms were renovated circa 2017
- The concession area was renovated circa 1998","The single-story building appears to be constructed on spread footings. Where exposed, the superstructure appears to be of wood-framed and concrete blocks construction.  No significant deficiencies were observed to suggest differential settlement of the building foundations or movement of the building structure.

The building exterior walls are generally comprised of painted wood board, wood siding, and concrete blocks on the building elevations. The building windows are typical of wood and metal framed single glass units. The exterior entrance doors are typically wood and metal frames. The roof cover is a 2-ply modified bituminous roof assembly. Overall, the building envelope components appear to be in good condition.

The interior finishes in the building include vinyl sheet floor, vinyl floor tiles, exposed concrete floor, painted wall assemblies, ceramic wall tiles, painted ceiling assemblies, and adhered acoustic tile ceiling assemblies. The interior finishes appear to be in fair condition overall.",,2017,,Wood Framed,,,,,,,,,,,,,,,,#N/A,,,,,,,,,,,,,,,,,,Regular,,,,,,99,,0,#N/A,#N/A,#N/A,#N/A,#N/A,#N/A,#N/A,#VALUE!,,,Unknown,,10,Pre-Screen Low,-123.155897,49.30311885
385,PARK_4325_Stanley Park - Brockton Oval Caretaker's Suite (Fieldhouse),Stanley Park - Brockton Oval Caretaker's Suite (Fieldhouse),,,,,,,,,,,4 - Minimal Investment,City Owned,4325,1960-01,1960,1960,"$350,380","2,000",175,1,0,"Brockton Oval Caretaker's Suite building is understood to have been constructed circa 1960. The building is largely provided with systems and components originating from the initial building construction. Known renewals include:
- Exterior wood siding, interior doors, interior finishes, and roof were replaced circa 1995","The single-storey structure with a basement and slab-on-grade foundation with concrete perimeter walls. Where exposed, the superstructure appears to be of wood-framed construction.  No significant deficiencies were observed to suggest differential settlement of the building foundations or movement of the building structure.
The building exterior walls are generally comprised of painted wood siding on all building elevations. The building windows are typical of wood-framed single glass units. The building is equipped with exterior wood doors. The roof cover is cedar shakes roof assembly. Overall, the building envelope components appear to be in good condition.
The interior finishes in the building include vinyl sheet flooring, vinyl tile flooring, carpet flooring, painted wall assemblies and ceramic wall tiles. The interior finishes appear to be in fair to good condition.",,1995,,Wood Framed,,,,,,,,,,,,,,,,#N/A,,,,,,,,,,,,,,,,,,Regular,,,,,,99,,0,#N/A,#N/A,#N/A,#N/A,#N/A,#N/A,#N/A,#VALUE!,,,Unknown,,10,Pre-Screen Low,-123.1245622,49.30061758
386,PARK_4325_3301 Stanley Park Drive_Stanley Park - Lumberman's Arch Washrooms,3301 Stanley Park Drive,,,,,,,,,,Stanley Park - Lumberman's Arch Washrooms,5 - No Investment,City Owned,4325,1960-01,1960,1960,"$350,380","2,000",175,1,0,"Lumberman's Arch Washroom is understood to have been constructed circa 1960. The building is largely provided with systems and components originating from the initial building construction. Known renewals include:
- The majority portion of the building was renovated circa 2019","The single-story building appears to be constructed on spread footings. Where exposed, the superstructure appears to be of concrete and stone veneer construction.  No significant deficiencies were observed to suggest differential settlement of the building foundations or movement of the building structure.

The building exterior walls are generally comprised of stone masonry on the original building elevations. The building windows are typical of metal-framed insulated glass units (IGUs). The exterior entrance doors are typically wood doors. The roof cover is asphalt paved roadway. Overall, the building envelope components appear to be in good condition.

The interior finishes in the building include exposed concrete floor, painted wall assemblies, ceramic wall tiles, and exposed concrete ceiling assemblies. The interior finishes appear to be in good condition overall, with the exception of painted wall finish in mechanical and storage rooms which was in poor condition.",,2019,,Concrete Structure,,,,,,,,,,,,,,,,#N/A,,,,,,,,,,,,,,,,,,Regular,,,,,,99,,0,#N/A,#N/A,#N/A,#N/A,#N/A,#N/A,#N/A,#VALUE!,,,Unknown,,10,Pre-Screen Low,-123.1308662,49.30302073
387,PARK_1305_5251 Oak St_VanDusen Garden - Education Centre,5251 Oak St,,,,,,,,,,VanDusen Garden - Education Centre,3 - Limited Investment,City Owned,1305,1975-01,1975,1975,"$2,397,234","8,125",295,1,0,"The education centre is understood to have been constructed circa 1975. The building is largely provided with systems and components originating from the initial building construction. Known renewals include:
- The interior finishes of washrooms updated circa 1993
- The interior paint finishes updated circa 2003","The single-storey building appears to be constructed on spread footings. Where exposed, the superstructure appears to be of wood framed construction.  No significant deficiencies were observed to suggest differential settlement of the building foundations or movement of the building structure.

The building exterior walls are generally comprised of wood siding on all building elevations. The building windows are typically single-paned, frame-less glass panels supported by metal channels. The exterior entrance doors are typically glass doors set in aluminum frames. The service doors are hollow metal doors in metal frames. The roof cover is a 2-ply modified bituminous roof assembly and flat roof which is covered with grass. Overall, the building envelope components appear to be in poor condition.

The interior finishes in the building include ceramic floor tiles, carpet flooring, painted wall assemblies, ceramic wall tiles, carpet wall, wood wall, painted ceiling assemblies, wood ceiling and suspended acoustic tile ceiling assemblies. The interior finishes appear to be in poor condition overall.",,,,Wood Framed,,,,,,,,,,,,,,,,#N/A,,,,,,,,,,,,,,,,,,Regular,,,,,,99,,0,#N/A,#N/A,#N/A,#N/A,#N/A,#N/A,#N/A,#VALUE!,13%,,11-100,,0.9,High,-123.1341598,49.24089508
388,"PARK_8635_1204 Beach Av_Sunset Beach Park - Concession, Fieldhouse, Lifeguard, Washrooms",1204 Beach Av,,,,,,,,,,"Sunset Beach Park - Concession, Fieldhouse, Lifeguard, Washrooms",3 - Limited Investment,City Owned,8635,1950-01,1950,1941,"$436,405","1,972",221,1,0,The building was constructed circa 1950. The building is provided mainly with systems and components originating from the initial building construction.,"The single-storey building foundations are likely standard foundations bearing on good native soil. The slab on grade appears to be cast in place concrete continuously supported by native soil or engineered fill. The building is likely a wood framed structure, with wood roof deck supported by wood trusses/rafters and wood stud walls.

The roof covering includes asphalt shingles roofing. The exterior walls consist of painted wood siding boards, and field stone finishes. The exterior windows are wood framed with single glass units. The exterior doors include wood and metal single doors. 

The interior partitions are painted gypsum wallboard.  The interior doors are generally single wood doors set in matching wood frames. The interior floor finishes include painted concrete, ceramic tiles and vinyl sheet floor finish. The interior ceiling finishes include painted gypsum board ceiling.",,,,Wood Framed,,,,,,,,,,,,,,,,#N/A,,,,,,,,,,,,,,,,,,Regular,,,,,,99,,0,#N/A,#N/A,#N/A,#N/A,#N/A,#N/A,#N/A,#VALUE!,,,Unknown,,10,Pre-Screen Low,-123.1378873,49.27882452
389,PARK_4325_601 Chilco St - Stanley Park Nature House,Stanley Park - Nature House,,,,,,,,,,,3 - Limited Investment,City Owned,4325,1960-01,1960,1960,"$332,861","1,900",175,1,0,"Nature House is understood to have been constructed circa 1960. The building is largely provided with systems and components originating from the initial building construction. Known renewals include:
- The majority of interior finishes updated circa 1999
- Liquid applied membrane on roof installed 2017","The single-story building appears to be constructed on spread footings. Where exposed, the superstructure appears to be of reinforced concrete and concrete block construction.  No significant deficiencies were observed to suggest differential settlement of the building foundations or movement of the building structure.

The building exterior walls are generally comprised of stone veneer and the wood wall on building elevations,. The exterior windows are insulated glass units (IGUs). The exterior entrance doors are metal doors and some of them have glass infill. The roof cover is a liquid applied membrane roof assembly. Overall, the building envelope components appear to be in good condition.

The interior finishes in the building include exposed concrete floors, painted wall assemblies, and painted ceiling assemblies. The interior finishes appear to be in good condition overall, with the exception of the painted ceiling which is in poor condition.",,1999,,Concrete Structure,,,,,,,,,,,,,,,,#N/A,,,,,,,,,,,,,,,,,,Regular,,,,,,99,,0,#N/A,#N/A,#N/A,#N/A,#N/A,#N/A,#N/A,#VALUE!,,,Unknown,,10,Pre-Screen Low,-123.1378478,49.29437865
390,PARK_1303_4600 Cambie St_Vancouver Lawn Bowling Club - Main Building,4600 Cambie St,,,,,,,,,,Vancouver Lawn Bowling Club - Main Building,3 - Limited Investment,City Owned,1303,1960-01,1960,1960,"$399,323","1,845",216,1,0,The building was constructed circa 1960. The building is provided mainly with systems and components originating from the initial building construction.,"The single-storey building foundation are likely standard foundations bearing on good native firm soil. The slab on grade appears to be cast in place concrete continuously supported by a moisture barrier on a free draining gravel. A visual site confirmation to determine if the element is a potential structural slab was not possible.

The single-storey building is likely be wood columns, wood beams and truss roof suspended sloped roof structure.

The exterior walls consist of wood siding, masonry natural stone siding and window walls. The exterior doors include wood double-doors . The roof covering includes wood shakes roofing and conventional modified bitumen roofing.

The interior partitions are painted gypsum wallboard. 

The interior floor finishes include carpet floor, ceramic tile and vinyl tile floor. The interior ceiling finishes include painted gypsum board and suspended acoustic ceiling panels",,1988,,Wood Framed,,,,,,,,,,,,,,,,#N/A,,,,,,,,,,,,,,,,,,Regular,,,,,,99,,0,#N/A,#N/A,#N/A,#N/A,#N/A,#N/A,#N/A,#VALUE!,,,Unknown,,10,Pre-Screen Low,-123.1116756,49.24023767
391,PARK_3234_857 Malkin Av_Strathcona Park - Fieldhouse,857 Malkin Av,,,,,,,,,,Strathcona Park - Fieldhouse,2 - Moderate Investment,City Owned,3234,1950-01,1950,1941,"$349,326","1,614",216,1,0,The fieldhouse was constructed circa 1950. The building is provided mainly with systems and components originating from the initial building construction.,"The single-storey building constructed on concrete spread footings. The superstructure is wood columns, wood beams and truss roof suspended sloped roof structure with roof sheathing systems. No significant deficiencies were observed to suggest differential settlement of the building foundations or movement of the building structure.

The building exterior walls are generally comprised of wood siding finishes on all elevations . The building windows are typical of fixed and operable insulated single glass units. The exit doors are solid single-wood doors which are mounted to wood frames. The roof cover is a asphalt shingle roofing assembly. The building envelope components appear to be in poor to fair condition overall, with the exception of the shingle asphalt roofing which is in good condition.

The interior finishes in the building include painted concrete floors, painted wall finish and painted ceiling finish. Overall, The building interior finishes appear to be in fair condition.",,,,Wood Framed,,,,,,,,,,,,,,,,#N/A,,,,,,,,,,,,,,,,,,Regular,,,,,,99,,0,#N/A,#N/A,#N/A,#N/A,#N/A,#N/A,#N/A,#VALUE!,,,Unknown,,10,Pre-Screen Low,-123.0862034,49.27458499
392,PARK_1554_3850 W 31 Av_Dunbar Lawn Bowling Club - Main Building,3850 W 31 Av,,,,,,,,,,Dunbar Lawn Bowling Club - Main Building,9 - CoV Not Responsible,City Owned,1554,1930-01,1930,Pre-code,"$385,904","1,783",216,1,0,,,,,,"Concrete foundation, wood frame & walls w/asphalt shingle roof",,,,,,,,,,,,,,,,#N/A,,,,,,,,,,,,,,,,,,Regular,,,,,,99,,0,#N/A,#N/A,#N/A,#N/A,#N/A,#N/A,#N/A,#VALUE!,,,Unknown,,10,Pre-Screen Low,-123.1886569,49.24352144
393,PARK_1522_7575 Columbia St_Winona Park - Fieldhouse,7575 Columbia St,,,,,,,,,,Winona Park - Fieldhouse,3 - Limited Investment,City Owned,1522,1950-01,1950,1941,"$367,507","1,698",216,1,0,The building was constructed circa 1950. The building is provided mainly with systems and components originating from the initial building construction.,"The single-storey building foundations are likely standard foundations bearing on good native firm soil. The slab on grade appears to be cast in place concrete continuously supported by native soil or engineered fill.  The building is likely be  a wood framed structure, and wood roof trusses/rafters suspended sloped roof structure. The exterior walls consist of painted wood siding boards, and field stone. The roof covering includes asphalt shingle roofing and the exterior windows are wood framed with single glass units. 

The interior partitions are painted gypsum wallboard.  The interior doors are generally single wood doors set in matching wood frames. The interior floor finishes include sealed concrete, ceramic tiles and vinyl tiles floor finish. The interior ceiling finishes include painted gypsum board ceiling.",,,,Wood Framed,,,,,,,,,,,,,,,,#N/A,,,,,,,,,,,,,,,,,,Regular,,,,,,99,,0,#N/A,#N/A,#N/A,#N/A,#N/A,#N/A,#N/A,#VALUE!,,,Unknown,,10,Pre-Screen Low,-123.1129718,49.21572258
394,PARK_1407_710 Keefer St_Maclean Park - Fieldhouse,710 Keefer St,,,,,,,,,,Maclean Park - Fieldhouse,3 - Limited Investment,City Owned,1407,1950-01,1950,1941,"$366,425","1,693",216,1,0,The building was constructed circa 1950. The building is provided mainly with systems and components originating from the initial building construction.,"The single-storey building foundations are likely standard foundations bearing on good native firm soil. The slab on grade appears to be cast in place concrete continuously supported by native soil or engineered fill. The building is likely be wood columns, wood beams and truss roof suspended sloped roof structure.

The exterior walls consist of wood siding and field stone. The exterior doors include wood single-doors. The roof covering includes asphalt shingle roofing. The interior partitions are painted gypsum wallboard. 

The interior floor finishes include terrazzo floor, painted concrete floor and vinyl tile floor. The interior ceiling finishes include painted gypsum board.",,,,Wood frame w/ asphalt shingle roof,,,,,,,,,,,,,,,,#N/A,,,,,,,,,,,,,,,,,,Regular,,,,,,99,,0,#N/A,#N/A,#N/A,#N/A,#N/A,#N/A,#N/A,#VALUE!,,,Unknown,,10,Pre-Screen Low,-123.0893835,49.27901792
395,PARK_1545_1905 Ogden Av_Hadden Park - Fieldhouse,1905 Ogden Av,,,,,,,,,,Hadden Park - Fieldhouse,3 - Limited Investment,City Owned,1548,1960-01,1960,1960,"$361,230","1,669",216,1,0,The building was constructed circa 1960. The building is provided mainly with systems and components originating from the initial building construction.,"The single-storey building foundation are likely standard foundations bearing on good native firm soil. The slab on grade appears to be cast in place concrete continuously supported by native soil or engineered fill. A visual site confirmation to determine if the element is a potential structural slab was not possible. The single-storey building is likely be a wood framed structure, and wood roof trusses/rafters suspended sloped roof structure.

The exterior walls consist of painted wood siding boards finishes. The exterior windows are wood framed with single glass units. The exterior doors include wood single doors. The roof covering includes asphalt shingle roofing.

The interior partitions are painted gypsum wallboard. The interior doors are generally single wood doors set in matching wood frames. The interior floor finishes include sealed, painted concrete and vinyl tiles floor finish. The interior ceiling finishes include painted gypsum board ceiling.",,,,Wood Framed,,,,,,,,,,,,,,,,#N/A,,,,,,,,,,,,,,,,,,Regular,,,,,,99,,0,#N/A,#N/A,#N/A,#N/A,#N/A,#N/A,#N/A,#VALUE!,,,Unknown,,10,Pre-Screen Low,-123.1504065,49.27744554
396,PARK_4325_Stanley Park - Miniature Railway Picnic shelter #01,Stanley Park - Miniature Railway Picnic shelter #01,,,,,,,,,,,3 - Limited Investment,City Owned,4325,1990-01,1990,1990,"$133,503","1,342",99,1,0,The miniature railway picnic shelter #1 is understood to have been constructed circa 1990. The building is largely provided with systems and components originating from the initial building construction.,"The single-story structure appears to be constructed on spread footings. Where exposed, the superstructure appears to be of wood-framed construction.  No significant deficiencies were observed to suggest differential settlement of the building foundations or movement of the building structure.

The roof cover is a cedar shakes roof assembly. 

The interior finishes in the building include exposed concrete floor and painted ceiling finish assemblies. The interior finishes appear to be in good condition overall.",,,,Wood Framed,,,,,,,,,,,,,,,,#N/A,,,,,,,,,,,,,,,,,,Regular,,,,,,99,,0,#N/A,#N/A,#N/A,#N/A,#N/A,#N/A,#N/A,#VALUE!,,,Unknown,,10,Pre-Screen Low,-123.1330715,49.30214959
397,PARK_1445_400 Powell St_Oppenheimer Park - Fieldhouse,400 Powell St,,,,,,,,,,Oppenheimer Park - Fieldhouse,1 - Full Investment,City Owned,1445,2009-01,2009,2005,"$534,739","1,611",332,1,0,The building was constructed circa 2009. The building is provided mainly with systems and components originating from the initial building construction.,"The single-storey building foundations are likely standard foundations bearing on good native firm soil. The slab on grade appears to be cast in place concrete continuously supported by native soil or engineered fill.  The building is likely a wood framed structure, with wood roof deck supported by wood joists/beams, columns and stud walls. The roof covering includes conventional modified bitumen roofing.

The exterior walls consist of stone veneer and metal cladding finishes. The exterior windows are aluminum frames with double-paned glazing.  The exterior doors include glazed aluminum single and double doors and metal single doors. The interior partitions are painted gypsum wallboard.  The interior doors are generally single wood doors set in matching wood frames. The interior floor finishes include sealed concrete and ceramic tiles floor finish. The interior ceiling finishes include painted gypsum board ceiling and stained wood ceiling planks.",,,,Wood Framed,,,,,,,,,,,,,,,,#N/A,,,,,,,,,,,,,,,,,,Regular,,,,,,99,,0,#N/A,#N/A,#N/A,#N/A,#N/A,#N/A,#N/A,#VALUE!,,,Unknown,,10,Pre-Screen Low,-123.0938386,49.2827736
398,PARK_1820_2510 Hoylake Av_Bobolink Park - Fieldhouse,2510 Hoylake Av,,,,,,,,,,Bobolink Park - Fieldhouse,3 - Limited Investment,City Owned,1820,1960-01,1960,1960,"$312,156","1,598",195,1,0,The building was constructed circa 1960. The building is provided mainly with systems and components originating from the initial building construction.,"The single-storey building foundations are likely standard foundations bearing on good native firm soil. The slab on grade appears to be cast in place concrete continuously supported by native soil or engineered fill.  The building is likely be a wood framed structure, and wood roof trusses/rafters suspended sloped roof structure. The roof covering includes asphalt shingle roofing. The exterior walls consist of painted wood siding boards, and field stone. The exterior windows are wood framed with single glass units.  The exterior doors include wood single doors. The roof covering includes asphalt shingle roofing.

The interior partitions are painted gypsum wallboard.  The interior doors are generally single wood doors set in matching wood frames. The interior floor finishes include sealed concrete and vinyl tiles floor finish. The interior ceiling finishes include painted gypsum board ceiling.",,,,Wood Framed,,,,,,,,,,,,,,,,#N/A,,,,,,,,,,,,,,,,,,Regular,,,,,,99,,0,#N/A,#N/A,#N/A,#N/A,#N/A,#N/A,#N/A,#VALUE!,,,Unknown,,10,Pre-Screen Low,-123.0564045,49.21560625
399,PARK_1899_2929 E 22nd Av_Renfrew Community Park - Fieldhouse,2929 E 22nd Av,Phase 1,,Pavan Dhillon,None,8/27/2026,,8/28/2026,,,Renfrew Community Park - Fieldhouse,3 - Limited Investment,City Owned,1899,1960-01,1960,1960,"$262,785","1,500",175,1,0,The building was constructed circa 1960. The building is provided mainly with systems and components originating from the initial building construction.,"The single-storey building foundations are likely standard foundations bearing on good native soil. The slab on grade appears to be cast in place concrete continuously supported by native soil or engineered fill. The building is likely a wood framed structure, with wood roof deck supported by wood trusses/rafters and wood stud walls.

The roof covering includes asphalt shingles roofing. The exterior walls consist of painted wood siding boards, stucco and field stone finishes. The exterior windows are wood framed with single glass units. The exterior doors include wood single doors. 

The interior partitions are painted gypsum wallboard.  The interior doors are generally single wood doors set in matching wood frames. The interior floor finishes include painted concrete and vinyl sheet floor finish. The interior ceiling finishes include painted gypsum board ceiling.",,,,Wood frame,,,,,,,,,,,,,1,Residential,,#N/A,,,,,,,,,,,,,,,,,,Regular,,,,,,99,Cat B - Basic Human Survival Needs,0,#N/A,#N/A,#N/A,#N/A,#N/A,0,#N/A,#VALUE!,,,Unknown,,10,Pre-Screen Low,-123.0420333,49.25173176
400,"PARK_1248_3402 Charles St_Rupert Park - Washrooms, Change Rooms (Fieldhouse)",3402 Charles St,,,,,,,,,,"Rupert Park - Washrooms, Change Rooms (Fieldhouse)",2 - Moderate Investment,City Owned,1248,1990-01,1990,1990,"$262,785","1,500",175,1,0,The building was constructed circa 1990. The building was provided mainly with systems and components originating from the initial building construction.,"The single-storey building foundation are likely standard foundations bearing on good native soil.  The single-storey building is likely be wood columns, wood beams and truss roof suspended sloped roof structure. The exterior walls consist of wood siding.  The exterior doors include wood single- doors.

The interior partitions are painted gypsum wallboard. The interior floor finishes include sealed concrete floor finishes. The interior ceiling finishes include gypsum board painted ceiling . The interior doors are generally single wood set in matching wood frames.",,,,Wood Framed,,,,,,,,,,,,,,,,#N/A,,,,,,,,,,,,,,,,,,Regular,,,,,,99,,0,#N/A,#N/A,#N/A,#N/A,#N/A,#N/A,#N/A,#VALUE!,,,Unknown,,10,Pre-Screen Low,-123.0305252,49.27004315
401,PARK_1403_2995 W 19th Av_Carnarvon Park - Fieldhouse,2995 W 19th Av,,,,,,,,,,Carnarvon Park - Fieldhouse,2 - Moderate Investment,City Owned,1403,1970-01,1970,1970,"$289,496","1,482",195,1,0,The Carnarvon Park - Fieldhouse is understood to have been constructed circa 1970 and a major upgrade happened in 2016.,"The single-story structure is constructed on concrete spread-footings that bear on native soil or engineered fill. Where exposed the foundation walls are poured concrete walls. The slab on grade is presumed to comprise reinforced poured in place concrete. The building’s structural framing system is likely wood columns, wood beam and truss roof with roof sheathing systems. No significant deficiencies were observed to suggest differential settlement of the building foundations or movement of the building structure.
The building is provided with asphalt shingle roofing, wood siding, stucco cladding, exterior windows, and exterior doors. These systems range from fair to good condition.
The interior finishes in the building include painted floor finishes, vinyl tile flooring, painted wall assemblies, ceramic tile walls, and painted ceiling finish. The interior finishes appear to be in good condition.",,,,Masonry Walls,,,,,,,,,,,,,,,,#N/A,,,,,,,,,,,,,,,,,,Regular,,,,,,99,,0,#N/A,#N/A,#N/A,#N/A,#N/A,#N/A,#N/A,#VALUE!,,,Unknown,,10,Pre-Screen Low,-123.1726133,49.25675458
402,PARK_1388_2750 E 29th Av_Slocan Park - Fieldhouse,2750 E 29th Av,,,,,,,,,,Slocan Park - Fieldhouse,2 - Moderate Investment,City Owned,1389,2010-01,2010,2010,"$316,861","1,464",216,1,0,The building was constructed circa 2010. The building is provided mainly with systems and components originating from the initial building construction.,"The single-storey building foundations are likely standard foundations bearing on good native soil. The slab on grade appears to be cast in place concrete continuously supported by native soil or engineered fill. The building is a wood framed structure, with wood roof deck supported by wood joist/beams and wood stud walls.

The roof covering includes conventional modified bitumen roofing. The exterior walls consist of painted wood siding boards and field stone finishes. The exterior windows are aluminum framed with double glazing units.  The exterior doors include metal single doors and double doors of aluminum and glass. 

The interior partitions are painted gypsum wallboard.  The interior doors are generally single wood doors set in matching wood frames. The interior floor finishes include ceramic tile, vinyl sheet and vinyl tiles. The interior ceiling finishes include painted wood ceiling.",,,,Wood Framed,,,,,,,,,,,,,,,,#N/A,,,,,,,,,,,,,,,,,,Regular,,,,,,99,,0,#N/A,#N/A,#N/A,#N/A,#N/A,#N/A,#N/A,#VALUE!,,,Unknown,,10,Pre-Screen Low,-123.0479713,49.24443969
403,PARK_4384_3096 E Hastings St_Hastings Community Park - Fieldhouse,3096 E Hastings St,,,,,,,,,,Hastings Community Park - Fieldhouse,3 - Limited Investment,City Owned,4384,1960-01,1960,1960,"$316,645","1,463",216,1,0,The building was constructed circa 1960. The building is provided mainly with systems and components originating from the initial building construction.,"The single-storey building foundations are likely standard foundations bearing on good native soil. The slab on grade appears to be cast in place concrete continuously supported by native soil or engineered fill. The building is likely a wood framed structure, with wood roof deck supported by wood trusses/rafters and wood stud walls.

The roof covering includes asphalt shingles roofing. The exterior walls consist of painted wood siding boards finishes. The exterior windows are wood framed with single glass units. The exterior doors include wood single doors. 

The interior partitions are painted gypsum wallboard.  The interior doors are generally single wood doors set in matching wood frames. The interior floor finishes include sealed concrete and vinyl tile floor finish. The interior ceiling finishes include painted gypsum board ceiling.",,,,Wood Framed,,,,,,,,,,,,,,,,#N/A,,,,,,,,,,,,,,,,,,Regular,,,,,,99,,0,#N/A,#N/A,#N/A,#N/A,#N/A,#N/A,#N/A,#VALUE!,,,,,10,Pre-Screen Low,-123.037884,49.28066735
404,PARK_1538_5870 Elm St_Kerrisdale Lawn Bowling Club,5870 Elm St,,,,,,,,,,Kerrisdale Lawn Bowling Club,9 - CoV Not Responsible,City Owned,1538,1970-01,1970,1970,"$308,636","1,426",216,1,0,,,,,,,,,,,,,,,,,,,,,,#N/A,,,,,,,,,,,,,,,,,,Regular,,,,,,99,,0,#N/A,#N/A,#N/A,#N/A,#N/A,#N/A,#N/A,#VALUE!,,,Unknown,,10,Pre-Screen Low,-123.1636445,49.23343164
405,PARK_7652_1025 Boundary Road_Adanac Park - Fieldhouse,1025 Boundary Road,,,,,,,,,,Adanac Park - Fieldhouse,3 - Limited Investment,City Owned,7652,1950-01,1950,1941,"$278,166","1,424",195,1,0,The building was constructed circa 1950. The building is provided mainly with systems and components originating from the initial building construction.,"The single-storey building foundations are likely standard foundations bearing on good native firm soil. The slab on grade appears to be cast in place concrete continuously supported by native soil or engineered fill. The single-storey building is likely be  a wood framed structure, and wood roof trusses/rafters suspended sloped roof structure. 

The exterior walls consist of painted wood siding boards, and field stone. The exterior windows are wood framed with single glass units.  The exterior doors include wood single doors. The roof covering includes conventional - modified bitumen. 

The interior partitions are painted gypsum wallboard.  The interior doors are generally single wood doors set in matching wood frames. The interior floor finishes include sealed concrete, ceramic tiles and vinyl sheet floor finish. The interior ceiling finishes include painted gypsum board ceiling.",,,,Wood Framed,,,,,,,,,,,,,,,,#N/A,,,,,,,,,,,,,,,,,,Regular,,,,,,99,,0,#N/A,#N/A,#N/A,#N/A,#N/A,#N/A,#N/A,#VALUE!,,,Unknown,,10,Pre-Screen Low,-123.0240635,49.27590609
406,PARK_1482_110 W 7th Av_Jonathan Rogers Park - Fieldhouse,110 W 7th Av,,,,,,,,,,Jonathan Rogers Park - Fieldhouse,3 - Limited Investment,City Owned,1482,1960-01,1960,1960,"$276,213","1,414",195,1,0,The building was constructed circa 1960. The building is provided mainly with systems and components originating from the initial building construction.,"The single-storey building foundations are likely standard foundations bearing on good native firm soil. The slab on grade appears to be cast-in-place concrete continuously supported by native soil or engineered fill.  The building is likely be,a wood-framed structure with wood roof deck supported by wood trusses/rafters and wood stud walls. The exterior walls consist of painted wood siding boards, and field stone. The exterior windows are wood framed with single glass units.  The exterior doors include wood single doors. The roof covering includes asphalt shingle roofing.

The interior partitions are painted gypsum wallboard.  The interior doors are generally single wood doors set in matching wood frames. The interior floor finishes include sealed concrete, and vinyl tiles. The interior ceiling finishes include painted gypsum board ceiling.",,,,Wood Framed,,,,,,,,,,,,,,,,#N/A,,,,,,,,,,,,,,,,,,Regular,,,,,,99,,0,#N/A,#N/A,#N/A,#N/A,#N/A,#N/A,#N/A,#VALUE!,,,Unknown,,10,Pre-Screen Low,-123.1076474,49.26451925
407,PARK_1456_705 Woodland Drive_Woodland Park - Fieldhouse,705 Woodland Drive,,,,,,,,,,Woodland Park - Fieldhouse,3 - Limited Investment,City Owned,1456,1960-01,1960,1960,"$304,091","1,405",216,1,0,The building was constructed circa 1960. The building is provided mainly with systems and components originating from the initial building construction.,"The single-storey building foundations are likely standard foundations bearing on good native firm soil. The slab on grade appears to be cast in place concrete continuously supported by native soil or engineered fill.  The building is likely be  a wood framed structure, with wood roof deck supported by wood trusses/rafters and wood stud walls. The roof covering includes metal roofing. The exterior walls consist of painted wood siding boards, field stone and stucco finishes. The exterior windows are wood framed with single glass units.  The exterior doors include wood single doors. 

The interior partitions are painted gypsum wallboard.  The interior doors are generally single wood doors set in matching wood frames. The interior floor finishes include sealed concrete, hardwood, and vinyl tiles. The interior ceiling finishes include painted gypsum board ceiling.",,,,Wood Framed,,,,,,,,,,,,,,,,#N/A,,,,,,,,,,,,,,,,,,Regular,,,,,,99,,0,#N/A,#N/A,#N/A,#N/A,#N/A,#N/A,#N/A,#VALUE!,,,Unknown,,10,Pre-Screen Low,-123.0732247,49.27839551
408,PARK_1330_95 E 32nd Av_Riley Park - Fieldhouse,95 E 32nd Av,,,,,,,,,,Riley Park - Fieldhouse,3 - Limited Investment,City Owned,1330,1964-01,1964,1960,"$273,478","1,400",195,1,0,The building was constructed circa 1964. The building is provided mainly with systems and components originating from the initial building construction.,"The single-storey building foundations are likely standard foundations bearing on good native soil. The slab on grade appears to be cast in place concrete continuously supported by native soil or engineered fill. The building is likely a wood framed structure, with wood roof deck supported by wood trusses/rafters and wood stud walls.

The roof covering includes conventional modified bitumen roofing. The exterior walls consist of painted wood siding boards and field stone finishes. The exterior windows are wood framed with single glass units.  The exterior doors include wood single doors. 

The interior partitions are painted gypsum wallboard.  The interior doors are generally single wood doors set in matching wood frames. The interior floor finishes include carpet, ceramic tiles, sealed concrete and vinyl sheet floor finish. The interior ceiling finishes include painted gypsum board ceiling.",,,,Wood Framed,,,,,,,,,,,,,,,,#N/A,,,,,,,,,,,,,,,,,,Regular,,,,,,99,,0,#N/A,#N/A,#N/A,#N/A,#N/A,#N/A,#N/A,#VALUE!,,,Unknown,,10,Pre-Screen Low,-123.1035896,49.24202566
409,PARK_1494_599 Kingsway_Robson Park - Fieldhouse,599 Kingsway,,,,,,,,,,Robson Park - Fieldhouse,3 - Limited Investment,City Owned,1494,1960-01,1960,1960,"$273,478","1,400",195,1,0,The building was constructed circa 1960. The building is provided mainly with systems and components originating from the initial building construction.,"The single-storey building foundation are likely standard foundations bearing on good native firm soil. The slab on grade appears to be cast in place concrete continuously supported by native soil or engineer fill. A visual site confirmation to determine if the element is a potential structural slab was not possible.

The single-storey building is likely be wood columns, wood beams and truss roof suspended sloped roof structure.

The exterior walls consist of wood siding. The exterior doors include wood single-doors . The roof covering includes asphalt shingle roofing.

The interior partitions are painted gypsum wallboard. 

The interior floor finishes include a sealed floor and vinyl floor. The interior ceiling finishes include painted gypsum board.

Overall the architectural systems are in poor to good condition.",,,,Wood Framed,,,,,,,,,,,,,,,,#N/A,,,,,,,,,,,,,,,,,,Regular,,,,,,99,,0,#N/A,#N/A,#N/A,#N/A,#N/A,#N/A,#N/A,#VALUE!,,,Unknown,,10,Pre-Screen Low,-123.0914024,49.25776582
410,PARK_1124_3350 W 4th Av_McBride Park - Fieldhouse,3350 W 4th Av,,,,,,,,,,McBride Park - Fieldhouse,3 - Limited Investment,City Owned,1124,1960-01,1960,1960,"$351,707","1,625",216,1,0,The building was constructed circa 1960. The building is provided mainly with systems and components originating from the initial building construction.,"The single-storey building foundation are likely standard foundations bearing on good native firm soil. The slab on grade appears to be cast in place concrete continuously supported by a moisture barrier on a free draining gravel. A visual site confirmation to determine if the element is a potential structural slab was not possible.

The single-storey building is likely be wood columns, wood beams and truss roof suspended sloped roof structure.

The exterior walls consist of wood siding, stucco and exterior coatings. The exterior doors include wood single-doors . The roof covering includes asphalt shingle roofing.

The interior partitions are painted gypsum wallboard. 

The interior floor finishes include sealed concrete floor and vinyl tile floor. The interior ceiling finishes include painted gypsum board.",,,,Wood frame w/asphalt shingle roof,,,,,,,,,,,,,,,,#N/A,,,,,,,,,,,,,,,,,,Regular,,,,,,99,,0,#N/A,#N/A,#N/A,#N/A,#N/A,#N/A,#N/A,#VALUE!,,,Unknown,,10,Pre-Screen Low,-123.180113,49.26812066
411,PARK_4325_6200 Stanley Park Drive_Prospect Point Picnic & Caretaker Suite (Fieldhouse),6200 Stanley Park Drive,,,,,,,,,,Prospect Point Picnic & Caretaker Suite (Fieldhouse),3 - Limited Investment,City Owned,4325,1960-01,1960,1960,"$578,098","2,671",216,1,0,Prospect Point Picnic & Caretaker Suite building is understood to have been constructed circa 1960. The building is largely provided with systems and components originating from the initial building construction.,"The single-storey structure with slab-on-grade foundation with concrete perimeter walls. Where exposed, the superstructure appears to be of wood-framed construction.  No significant deficiencies were observed to suggest differential settlement of the building foundations or movement of the building structure.
The building exterior walls are generally comprised of wood siding and stone cladding. The building windows are single-paned glazing units that are set in fixed wood frames. The building is equipped with exterior wood doors. The roof cover is cedar shakes roof assembly. Overall, the building envelope components appear to be in good condition. The exterior wood siding, exterior windows, and exterior doors appear to be in poor to fair condition.
The interior finishes in the building include vinyl tiles / ceramic tiles / carpet flooring and painted wall & ceiling assemblies. The interior finishes appear to be in poor to good condition.",,,,Wood Framed,,,,,,,,,,,,,,,,#N/A,,,,,,,,,,,,,,,,,,Regular,,,,,,99,,0,#N/A,#N/A,#N/A,#N/A,#N/A,#N/A,#N/A,#VALUE!,,,Unknown,,10,Pre-Screen Low,-123.1483621,49.31054596
412,PARK_1121_2250 Trimble St_West Point Grey Park - Fieldhouse,2250 Trimble St,,,,,,,,,,West Point Grey Park - Fieldhouse,3 - Limited Investment,City Owned,1122,1960-01,1960,1960,"$290,239","1,341",216,1,0,The West Point Grey Park – Fieldhouse is understood to have been constructed circa 1960.,"The single-story structure is constructed on concrete spread-footings that bear on native soil or engineered fill. Where exposed the foundation walls are poured concrete walls. The slab on grade is presumed to comprise reinforced poured in place concrete. The building’s structural framing system is likely wood columns, wood beam and truss roof with roof sheathing systems. No significant deficiencies were observed to suggest differential settlement of the building foundations or movement of the building structure.
The building is provided with asphalt shingle roofing, wood siding, stone masonry, exterior windows, and exterior doors. These systems range from poor to good condition.
The interior finishes in the building include painted floor finishes, vinyl tile flooring, painted wall assemblies, ceramic tile walls, and painted ceiling finish. The interior finishes appear to be in fair condition.",,,,Wood frame w/asphalt shingle roof,,,,,,,,,,,,,,,,#N/A,,,,,,,,,,,,,,,,,,Regular,,,,,,99,,0,#N/A,#N/A,#N/A,#N/A,#N/A,#N/A,#N/A,#VALUE!,,,Unknown,,10,Pre-Screen Low,-123.204588,49.26658002
413,PARK_3299_2390 E 46th Av_Nanaimo Park - Fieldhouse,2390 E 46th Av,,,,,,,,,,Nanaimo Park - Fieldhouse,3 - Limited Investment,City Owned,3299,1960-01,1960,1960,"$288,292","1,332",216,1,0,The building was constructed circa 1960. The building is provided mainly with systems and components originating from the initial building construction.,"The single-storey building foundation are likely standard foundations bearing on good native firm soil. The slab on grade appears to be cast in place concrete continuously supported by native soil or engineer fill. The single-storey building is likely be  a wood framed structure, and wood roof trusses/rafters suspended sloped roof structure..

The exterior walls consist of painted wood siding boards, and Stone Veneer. The exterior windows are wood framed with single glass units.  The exterior doors include wood single doors. The roof covering includes asphalt shingle roofing.

The interior partitions are painted gypsum wallboard.  The interior doors are generally single wood doors set in matching wood frames. The interior floor finishes include sealed concrete, laminated flooring and ceramic wall tile. The interior ceiling finishes include painted gypsum board ceiling.",,,,Wood frame,,,,,,,,,,,,,,,,#N/A,,,,,,,,,,,,,,,,,,Regular,,,,,,99,,0,#N/A,#N/A,#N/A,#N/A,#N/A,#N/A,#N/A,#VALUE!,,,Unknown,,10,Pre-Screen Low,-123.0574339,49.22827892
414,PARK_1387_5275 McKinnon St_Collingwood Park - Fieldhouse,5275 McKinnon St,,,,,,,,,,Collingwood Park - Fieldhouse,5 - No Investment,City Owned,1387,1960-01,1960,1960,"$260,195","1,332",195,1,0,The building was constructed circa 1960. The building is provided mainly with systems and components originating from the initial building construction.,"The single-storey building foundation are likely standard foundations bearing on good native soil. The slab on grade appears to be cast in place concrete continuously supported by native soil or engineered fill.  The roof covering includes asphalt shingle roofing. The  building is likely be  a wood framed structure, with wood roof deck supported by wood trusses/rafters and wood stud walls.

The exterior walls consist of painted wood siding boards and field stone finishes. The exterior windows are wood framed with single glass units.  The exterior doors include wood single doors. The interior partitions are painted gypsum wallboard.  The interior doors are generally single wood doors set in matching wood frames. The interior floor finishes include sealed concrete, carpet and vinyl tiles floor finish. The interior ceiling finishes include painted gypsum board ceiling.",,,,Wood Framed,,,,,,,,,,,,,,,,#N/A,,,,,,,,,,,,,,,,,,Regular,,,,,,99,,0,#N/A,#N/A,#N/A,#N/A,#N/A,#N/A,#N/A,#VALUE!,,,Unknown,,10,Pre-Screen Low,-123.0367235,49.23654631
415,PARK_1390_5050 Wales St_Norquay Park - Fieldhouse,5050 Wales St,,,,,,,,,,Norquay Park - Fieldhouse,3 - Limited Investment,City Owned,1390,1960-01,1960,1960,"$260,195","1,332",195,1,0,The building was constructed circa 1960. The building is provided mainly with systems and components originating from the initial building construction.,"The single-storey building foundations are likely standard foundations bearing on good native firm soil. The slab on grade appears to be cast-in-place concrete continuously supported by native soil or engineered fill. The building is likely be a wood framed structure, with wood roof deck supported by wood trusses/rafters and wood stud walls. The roof covering includes asphalt shingle roofing.

The exterior walls consist of painted wood siding boards and field stone finishes. The exterior windows are wood framed with single glass units.  The exterior doors include wood single doors.  The interior partitions are painted gypsum wallboard.  The interior doors are generally single wood doors set in matching wood frames. The interior floor finishes include sealed concrete and vinyl sheet floor finish. The interior ceiling finishes include painted gypsum board ceiling.",,,,Wood Framed,,,,,,,,,,,,,,,,#N/A,,,,,,,,,,,,,,,,,,Regular,,,,,,99,,0,#N/A,#N/A,#N/A,#N/A,#N/A,#N/A,#N/A,#VALUE!,,,Unknown,,10,Pre-Screen Low,-123.0514268,49.23799384
416,PARK_2155_4175 Wallace St_Chaldecott Park - Fieldhouse,4175 Wallace St,,,,,,,,,,Chaldecott Park - Fieldhouse,3 - Limited Investment,City Owned,2155,1970-01,1970,1970,"$253,944","1,300",195,1,0,The building was constructed circa 1970. The building is provided mainly with systems and components originating from the initial building construction.,"The single-storey building foundation are likely standard foundations bearing on good native firm soil. The slab on grade appears to be cast in place concrete continuously supported by native soil or engineer fill. A visual site confirmation to determine if the element is a potential structural slab was not possible. The single-storey building is likely be  a wood framed structure, and wood roof trusses/rafters suspended sloped roof structure.

The exterior walls consist of painted wood siding boards finishes. The exterior windows are wood framed with single glass units.  The exterior doors include wood single doors. The roof covering includes conventional modified bitumen roofing.

The interior partitions are painted gypsum wallboard.  The interior doors are generally single wood doors set in matching wood frames. The interior floor finishes include sealed concrete and vinyl tiles floor finish. The interior ceiling finishes include painted gypsum board ceiling.",,,,Wood Framed,,,,,,,,,,,,,,,,#N/A,,,,,,,,,,,,,,,,,,Regular,,,,,,99,,0,#N/A,#N/A,#N/A,#N/A,#N/A,#N/A,#N/A,#VALUE!,,,Unknown,,10,Pre-Screen Low,-123.1911892,49.24948594
417,PARK_1303_4600 Cambie St_Queen Elizabeth Park - Fieldhouse,4600 Cambie St,,,,,,,,,,Queen Elizabeth Park - Fieldhouse,3 - Limited Investment,City Owned,1303,1960-01,1960,1960,"$279,634","1,292",216,1,0,"Queen Elizabeth Park fieldhouse is understood to have been constructed circa 1960. The building is largely provided with systems and components originating from the initial building construction. Known renewals include:
- The majority of interior finishes updated circa 2004","The single-story building appears to be constructed on spread footings. Where exposed, the superstructure appears to be of wood-framed construction.  No significant deficiencies were observed to suggest differential settlement of the building foundations or movement of the building structure.

The building exterior walls are generally comprised of painted wood siding walls on all elevations. The building windows are typical of wood-framed single glass units and insulated glass units with metal frames. The exterior doors are hollow metal doors in metal frames and wood doors with wood frames. The roof cover is a cedar shingles roof assembly. Overall, the building envelope components appear to be in fair condition.

The interior finishes in the building include ceramic floor tiles, painted wall assemblies, ceramic wall tiles, and painted ceiling assemblies. The interior finishes appear to be in good condition overall.",,,,Wood Framed,,,,,,,,,,,,,,,,#N/A,,,,,,,,,,,,,,,,,,Regular,,,,,,99,,0,#N/A,#N/A,#N/A,#N/A,#N/A,#N/A,#N/A,#VALUE!,,,Unknown,,10,Pre-Screen Low,-123.1116161,49.23910031
418,PARK_1336_5350 Commercial St_Jones Park - Fieldhouse,5350 Commercial St,,,,,,,,,,Jones Park - Fieldhouse,3 - Limited Investment,City Owned,1336,1960-01,1960,1960,"$248,279","1,271",195,1,0,The building was constructed circa 1960. The building is provided mainly with systems and components originating from the initial building construction.,"The single-storey building foundation are likely standard foundations bearing on good native firm soil. The slab on grade appears to be cast in place concrete continuously supported by native soil or engineer fill. A visual site confirmation to determine if the element is a potential structural slab was not possible.

The single-storey building is likely be wood columns, wood beams and truss roof suspended sloped roof structure.

The exterior walls consist of wood siding. The exterior doors include wood single-doors . The roof covering includes asphalt shingle roofing.

The interior partitions are painted gypsum wallboard. 

The interior floor finishes include sealed concrete floor and vinyl tile floor. The interior ceiling finishes include painted gypsum board.

Overall the architectural systems are in poor to good condition.",,,,Wood Framed,,,,,,,,,,,,,,,,#N/A,,,,,,,,,,,,,,,,,,Regular,,,,,,99,,0,#N/A,#N/A,#N/A,#N/A,#N/A,#N/A,#N/A,#VALUE!,,,Unknown,,10,Pre-Screen Low,-123.0683273,49.23621551
419,PARK_1538_5800 Elm St_Elm Park - Fieldhouse,5800 Elm St,,,,,,,,,,Elm Park - Fieldhouse,2 - Moderate Investment,City Owned,1538,1960-01,1960,1960,"$241,637","1,237",195,1,0,The building was constructed circa 1960. The building is provided mainly with systems and components originating from the initial building construction.,"The single-storey building foundation are likely standard foundations bearing on good native firm soil. The slab on grade appears to be cast in place concrete continuously supported by native soil or engineer fill. A visual site confirmation to determine if the element is a potential structural slab was not possible.

The single-storey building is likely be  a wood framed structure, and wood roof trusses/rafters suspended sloped roof structure.

The exterior walls consist of painted wood siding boards and field stone finishes. The exterior windows are wood framed with single glass units.  The exterior doors include wood single doors . 

The roof covering includes asphalt shingle roofing.

The interior partitions are painted gypsum wallboard.  The interior doors are generally single wood doors set in matching wood frames.

The interior floor finishes include sealed concrete and vinyl tiles floor finish. The interior ceiling finishes include painted gypsum board ceiling.",,,,,,,,,,,,,,,,,,,,#N/A,,,,,,,,,,,,,,,,,,Regular,,,,,,99,,0,#N/A,#N/A,#N/A,#N/A,#N/A,#N/A,#N/A,#VALUE!,,,Unknown,,10,Pre-Screen Low,-123.1632972,49.23343152
420,PARK_1313_1040 W 43rd Av_Montgomery Park - Fieldhouse,1040 W 43rd Av,,,,,,,,,,Montgomery Park - Fieldhouse,3 - Limited Investment,City Owned,1313,1950-01,1950,1941,"$241,051","1,234",195,1,0,The building was constructed circa 1950. The building is provided mainly with systems and components originating from the initial building construction.,"The single-storey building foundations are likely standard foundations bearing on good native firm soil. The slab on grade appears to be cast in place concrete continuously supported by native soil or engineered fill. The single-storey building is likely be  a wood framed structure, and wood roof trusses/rafters suspended sloped roof structure.

The exterior walls consist of painted wood siding boards, field stone and Stucco finishes. The exterior windows are wood framed with single glass units.  The exterior doors include wood single doors. The roof covering includes asphalt shingle roofing.

The interior partitions are painted gypsum wallboard.  The interior doors are generally single wood doors set in matching wood frames. The interior floor finishes include sealed concrete and vinyl tiles floor finish. The interior ceiling finishes include painted gypsum board ceiling.",,,,Wood Framed,,,,,,,,,,,,,,,,#N/A,,,,,,,,,,,,,,,,,,Regular,,,,,,99,,0,#N/A,#N/A,#N/A,#N/A,#N/A,#N/A,#N/A,#VALUE!,,,Unknown,,10,Pre-Screen Low,-123.1292592,49.23184818
421,PARK_1497_3773 Prince Edward St_Prince Edward Park - Fieldhouse,3773 Prince Edward St,,,,,,,,,,Prince Edward Park - Fieldhouse,3 - Limited Investment,City Owned,1497,1950-01,1950,1941,"$266,864","1,233",216,1,0,The building was constructed circa 1950. The building is provided mainly with systems and components originating from the initial building construction.,"The single-storey building foundations are likely standard foundations bearing on good native firm soil. The slab on grade appears to be cast-in-place concrete continuously supported by native soil or engineered fill.  The building is likely be  a wood framed structure, and wood roof trusses/rafters suspended sloped roof structure. The roof covering includes conventional - modified bitumen. The exterior walls consist of painted wood siding boards, and field stone. The exterior windows are wood framed with single glass units. The exterior doors include wood single doors. 

The interior partitions are painted gypsum wallboard.  The interior doors are generally single wood doors set in matching wood frames. The interior floor finishes include sealed concrete, ceramic tiles, and vinyl tiles. The interior ceiling finishes include painted gypsum board ceiling.",,,,Wood Framed,,,,,,,,,,,,,,,,#N/A,,,,,,,,,,,,,,,,,,Regular,,,,,,99,,0,#N/A,#N/A,#N/A,#N/A,#N/A,#N/A,#N/A,#VALUE!,,,Unknown,,10,Pre-Screen Low,-123.0970566,49.2512101
422,PARK_4325_5601 Stanley Park Drive Stanley Park - Prospect Point Washrooms,5601 Stanley Park Drive Stanley Park - Prospect Point Washrooms,,,,,,,,,,,3 - Limited Investment,City Owned,11072,1960-01,1960,1960,"$214,608","1,225",175,1,0,"Prospect Point Washrooms building is understood to have been constructed circa 1960. The building is largely provided with systems and components originating from the initial building construction. Known renewals include:
- Interior finishes were replaced circa 1994","The building is a single-storey structure constructed on concrete spread-footing, with concrete masonry unit exterior walls and a wood-frame sloped roof.  No significant deficiencies were observed to suggest differential settlement of the building foundations or movement of the building structure.
The building is equipped with exterior wood doors. The roof cover is metal roofing and modified bitumen roof assembly. Overall, the building envelope components appear to be in good condition, with exception of the roof assembly, which is in poor condition.
The interior finishes in the building include ceramic flooring, painted wall assemblies and ceramic wall tiles. The interior finishes appear to be in good condition.",,1994,,Masonry Walls,,,,,,,,,,,,,,,,#N/A,,,,,,,,,,,,,,,,,,Regular,,,,,,99,,0,#N/A,#N/A,#N/A,#N/A,#N/A,#N/A,#N/A,#VALUE!,,,Unknown,,10,Pre-Screen Low,-123.142706,49.31241644
424,PARK_1308_900 W 59th Av_Oak Park - Fieldhouse,900 W 59th Av,,,,,,,,,,Oak Park - Fieldhouse,3 - Limited Investment,City Owned,11097,1960-01,1960,1960,"$498,121","2,550",195,1,0,The building was constructed circa 1960. The building is provided mainly with systems and components originating from the initial building construction.,"The single-storey building foundations are likely standard foundations bearing on good native firm soil. The slab on grade appears to be cast-in-place concrete continuously supported by native soil or engineered fill. The building is likely be  a wood-framed structure, with wood roof deck supported by wood trusses/rafters and wood stud walls. The roof covering includes asphalt shingle roofing.

The exterior walls consist of painted wood siding boards, field stone and stucco finishes. The exterior windows are wood framed with single glass units.  The exterior doors include wood single doors.  The interior partitions are painted gypsum wallboard.  The interior doors are generally single wood doors set in matching wood frames. The interior floor finishes include sealed concrete and vinyl tiles floor finish. The interior ceiling finishes include painted gypsum board ceiling.",,,,Wood Framed,,,,,,,,,,,,,,,,#N/A,,,,,,,,,,,,,,,,,,Regular,,,,,,99,,0,#N/A,#N/A,#N/A,#N/A,#N/A,#N/A,#N/A,#VALUE!,,,Unknown,,10,Pre-Screen Low,-123.127646,49.21628141
425,PARK_1470_2845 W 3rd Av_Tatlow Park - Fieldhouse,2845 W 3rd Av,,,,,,,,,,Tatlow Park - Fieldhouse,3 - Limited Investment,City Owned,1470,1960-01,1960,1960,"$206,023","1,176",175,1,0,The building was constructed circa 1960. The building is provided mainly with systems and components originating from the initial building construction.,"The single-storey building foundation are likely standard foundations bearing on good native firm soil. The slab on grade appears to be cast in place concrete continuously supported by native soil or engineer fill. A visual site confirmation to determine if the element is a potential structural slab was not possible.

The single-storey building is likely be concrete masonry, wood columns, wood beams and truss roof suspended sloped roof structure.

The exterior walls consist of wood siding. The exterior doors include wood single-doors . The roof covering includes asphalt shingle roofing.

The interior partitions are painted gypsum wallboard. 

The interior floor finishes include a sealed floor and vinyl sheet floor. The interior ceiling finishes include painted gypsum board.

Overall the architectural systems are in poor to good condition.",,,,Wood frame w/asphalt shingle roof,,,,,,,,,,,,,,,,#N/A,,,,,,,,,,,,,,,,,,Regular,,,,,,99,,0,#N/A,#N/A,#N/A,#N/A,#N/A,#N/A,#N/A,#VALUE!,,,Unknown,,10,Pre-Screen Low,-123.1694694,49.26948631
426,PARK_1543_4590 Magnolia St_Quilchena Park - Fieldhouse 1,4590 Magnolia St,,,,,,,,,,Quilchena Park - Fieldhouse 1,2 - Moderate Investment,City Owned,1543,1984-01,1984,1980,"$238,511","1,102",216,1,0,The building was constructed circa 1984. The building is provided mainly with systems and components originating from the initial building construction.,"The single-storey building foundation are likely standard foundations bearing on good native firm soil. The slab on grade appears to be cast in place concrete continuously supported by native soil or engineer fill.  The single-storey building is likely be  a wood framed structure, and wood roof trusses/rafters suspended sloped roof structure.

The exterior walls consist of painted wood siding boards, and field stone. The exterior windows are wood framed with single glass units.  The exterior doors include wood single doors . The roof covering includes asphalt shingle roofing.

The interior partitions are painted gypsum wallboard.  The interior doors are generally single wood doors set in matching wood frames. The interior floor finishes include sealed concrete, ceramic tiles and vinyl tiles floor finish. The interior ceiling finishes include painted gypsum board ceiling.",,,,Wood Framed,,,,,,,,,,,,,,,,#N/A,,,,,,,,,,,,,,,,,,Regular,,,,,,99,,0,#N/A,#N/A,#N/A,#N/A,#N/A,#N/A,#N/A,#VALUE!,,,Unknown,,10,Pre-Screen Low,-123.1488943,49.2448171
427,PARK_1489_1851 Garden Drive_Garden Park - Fieldhouse,1851 Garden Drive,,,,,,,,,,Garden Park - Fieldhouse,3 - Limited Investment,City Owned,1489,1950-01,1950,1941,"$238,079","1,100",216,1,0,The building was constructed circa 1950. The building is provided mainly with systems and components originating from the initial building construction.,"The single-storey building foundation are likely standard foundations bearing on good native firm soil. The slab on grade appears to be cast in place concrete continuously supported by native soil or engineer fill. A visual site confirmation to determine if the element is a potential structural slab was not possible.

The single-storey building is likely be wood columns, wood beams and truss roof suspended sloped roof structure.

The exterior walls consist of wood siding and veneer stone. The exterior doors include wood single-doors . The roof covering includes asphalt shingle roofing.

The interior partitions are painted gypsum wallboard. 

The interior floor finishes include a sealed floor and vinyl sheet floor. The interior ceiling finishes include painted gypsum board.

Overall the architectural systems are in poor to good condition.",,,,"Wood frame, metal roof",,,,,,,,,,,,,,,,#N/A,,,,,,,,,,,,,,,,,,Regular,,,,,,99,,0,#N/A,#N/A,#N/A,#N/A,#N/A,#N/A,#N/A,#VALUE!,,,Unknown,,10,Pre-Screen Low,-123.058358,49.26831144
430,PARK_1543_4590 Magnolia St_Quilchena Park - Fieldhouse 2,4590 Magnolia St,,,,,,,,,,Quilchena Park - Fieldhouse 2,2 - Moderate Investment,City Owned,1543,1984-01,1984,1980,"$225,525","1,042",216,1,0,The building was constructed circa 1984. The building is provided mainly with systems and components originating from the initial building construction.,"The single-storey building foundation are likely standard foundations bearing on good native firm soil. The slab on grade appears to be cast in place concrete continuously supported by native soil or engineer fill. A visual site confirmation to determine if the element is a potential structural slab was not possible. The single-storey building is likely be  a wood framed structure, and wood roof trusses/rafters suspended sloped roof structure.

The exterior walls consist of painted wood siding boards, and field stone finishes. The exterior windows are wood and aluminum framed with single glass units.  The exterior doors include metal single doors . The roof covering includes asphalt shingle roofing.

The interior partitions are painted gypsum wallboard.  The interior doors are generally single wood doors set in matching wood frames. The interior floor finishes include terrazzo, sealed concrete and ceramic floor tiles finish. The interior ceiling finishes include painted gypsum board ceiling.",,,,Wood Framed,,,,,,,,,,,,,,,,#N/A,,,,,,,,,,,,,,,,,,Regular,,,,,,99,,0,#N/A,#N/A,#N/A,#N/A,#N/A,#N/A,#N/A,#VALUE!,,,Unknown,,10,Pre-Screen Low,-123.14876,49.24463545
431,PARK_7047_650 N Penticton St_Burrard View Park - Fieldhouse,650 N Penticton St,,,,,,,,,,Burrard View Park - Fieldhouse,3 - Limited Investment,City Owned,7047,1970-01,1970,1970,"$203,350","1,041",195,1,0,The building was constructed circa 1970. The building is provided mainly with systems and components originating from the initial building construction.,"The single-storey building foundations are likely standard foundations bearing on good native soil. The slab on grade appears to be cast in place concrete continuously supported by native soil or engineered fill. The building is likely a wood framed structure, with wood roof deck supported by wood trusses/rafters and wood stud walls.

The roof covering includes asphalt shingles roofing. The exterior walls consist of painted wood siding boards and field stone finishes. The exterior windows are wood and vinyl framed with single and double glass units. The exterior doors include wood single doors. 

The interior partitions are painted gypsum wallboard.  The interior doors are generally single wood doors set in matching wood frames. The interior floor finishes include sealed concrete and vinyl tile floor finish. The interior ceiling finishes include painted gypsum board ceiling.",,,,Wood Framed,,,,,,,,,,,,,,,,#N/A,,,,,,,,,,,,,,,,,,Regular,,,,,,99,,0,#N/A,#N/A,#N/A,#N/A,#N/A,#N/A,#N/A,#VALUE!,,,Unknown,,10,Pre-Screen Low,-123.0496622,49.29038081
432,PARK_1527_4175 Victoria Drive_Brewers Park - Fieldhouse,4175 Victoria Drive,,,,,,,,,,Brewers Park - Fieldhouse,3 - Limited Investment,City Owned,1527,1970-01,1970,1970,"$222,928","1,030",216,1,0,The building was constructed circa 1970. The building is provided mainly with systems and components originating from the initial building construction.,"The single-storey building foundations are likely standard foundations bearing on good native firm soil. The slab on grade appears to be cast-in-place concrete continuously supported by native soil or engineered fill.  The building is likely to be  a wood-framed structure, with a wood roof deck supported by wood trusses/rafters and wood stud walls.  The roof covering includes asphalt shingle roofing. The exterior walls consist of painted wood siding boards finishes. The exterior windows are wood framed with single glass units.  The exterior doors include wood and metal single doors. 

The interior partitions are painted gypsum wallboard.  The interior doors are generally single wood doors set in matching wood frames. The interior floor finishes include sealed concrete and vinyl tiles. The interior ceiling finishes include painted gypsum board ceiling.",,,,Wood Framed,,,,,,,,,,,,,,,,#N/A,,,,,,,,,,,,,,,,,,Regular,,,,,,99,,0,#N/A,#N/A,#N/A,#N/A,#N/A,#N/A,#N/A,#VALUE!,,,Unknown,,10,Pre-Screen Low,-123.0654404,49.24787913
434,PARK_1469_3300 Victoria Drive_John Hendry Park - Fieldhouse and Concession,3300 Victoria Drive,,,,,,,,,,John Hendry Park - Fieldhouse and Concession,4 - Minimal Investment,City Owned,1469,1950-01,1950,1941,"$415,296","2,126",195,1,0,The building was constructed circa 1950. The building is provided mainly with systems and components originating from the initial building construction.,"The single-storey building foundation are likely standard foundations bearing on good native firm soil. The slab on grade appears to be cast in place concrete continuously supported by native soil or engineer fill. A visual site confirmation to determine if the element is a potential structural slab was not possible.

The single-storey building is likely be wood columns, wood beams and truss roof suspended sloped roof structure.

The exterior walls consist of wood siding. The exterior doors include wood single-doors . The roof covering includes asphalt shingle roofing.

The interior partitions are painted gypsum wallboard. 

The interior floor finishes include a sealed floor and vinyl tile floor. The interior ceiling finishes include painted gypsum board.

Overall the architectural systems are in poor to good condition.",,,,Wood frame,,,,,,,,,,,,,,,,#N/A,,,,,,,,,,,,,,,,,,Regular,,,,,,99,,0,#N/A,#N/A,#N/A,#N/A,#N/A,#N/A,#N/A,#VALUE!,,,Unknown,,10,Pre-Screen Low,-123.0614568,49.25393387
436,PARK_1221_3001 Fir St_Granville Park - Fieldhouse,3001 Fir St,,,,,,,,,,Granville Park - Fieldhouse,3 - Limited Investment,City Owned,1222,1951-01,1951,1941,"$148,850",762,195,1,0,The building was constructed circa 1934. The building is provided mainly with systems and components originating from the initial building construction.,"The single-storey building foundation are likely standard foundations bearing on good native firm soil. The slab on grade appears to be cast in place concrete continuously supported by a moisture barrier on a free draining gravel. A visual site confirmation to determine if the element is a potential structural slab was not possible.

The single-storey building is likely be wood columns, wood beams and truss roof suspended sloped roof structure.

The exterior walls consist of wood siding and exterior coatings. The exterior doors include wood single-doors . The roof covering includes asphalt shingle roofing.

The interior partitions are painted gypsum wallboard. 

The interior floor finishes include sealed concrete floor and vinyl tile floor. The interior ceiling finishes include painted gypsum board.",,,,Wood Framed,,,,,,,,,,,,,,,,#N/A,,,,,,,,,,,,,,,,,,Regular,,,,,,99,,0,#N/A,#N/A,#N/A,#N/A,#N/A,#N/A,#N/A,#VALUE!,,,Unknown,,10,Pre-Screen Low,-123.1420475,49.25872075
437,PARK_3918_600 Stamps Landing_Heather Civic Marina - Main Building,600 Stamps Landing,,,,,,,,,,Heather Civic Marina - Main Building,2 - Moderate Investment,City Owned,3918,1980-01,1980,1980,"$227,747","1,300",175,1,0,The building was constructed circa 1980. The building is provided mainly with systems and components originating from the initial building construction.,"The single-storey building (Utility Building) foundation are likely standard foundations bearing on good native firm soil. The slab on grade appears to be cast in place concrete continuously supported by native soil or engineer fill. A visual site confirmation to determine if the element is a potential structural slab was not possible. The The single-storey building (Marina Building) foundation are likely to be a wood decking structure supported on piles and grade beams.

The single-storey building structure (Utility Building) is likely be of load bearing concrete masonry block units (CMU), and a suspended cast in place slabs. The The single-storey building (Marina Building) a wood framed structure. 

The exterior walls consist of painted stucco finishes. The exterior windows are wood and metal framed with single glass units.  The exterior doors include wood and metal single doors. 

The interior partitions are painted gypsum wallboard.  The interior doors are generally single wood doors set in matching wood frames.

The interior floor finishes include quarry tiles, sealed concrete , painted concrete, vinyl sheet and vinyl tiles floor finish. The interior ceiling finishes include painted gypsum board ceiling and ceramic ceiling tiles in the shower areas.",,,,Wood Framed,,,,,,,,,,,,,,,,#N/A,,,,,,,,,,,,,,,,,,Regular,,,,,,99,,0,#N/A,#N/A,#N/A,#N/A,#N/A,#N/A,#N/A,#VALUE!,,,Unknown,,10,Pre-Screen Low,-123.118855,49.26885466
438,PARK_1303_4600 Cambie St_Queen Elizabeth Park - Pitch & Putt Building,4600 Cambie St,,,,,,,,,,Queen Elizabeth Park - Pitch & Putt Building,3 - Limited Investment,City Owned,1303,1970-01,1970,1970,"$202,367",935,216,1,0,"The pitch and putt building is understood to have been constructed circa 1970.  The building is largely provided with systems and components originating from the initial building construction. Known renewals include:
- The majority of interior finishes updated circa 2003 and 2009","The single-story building appears to be constructed on spread footings. Where exposed, the superstructure appears to be of wood-framed construction.  No significant deficiencies were observed to suggest differential settlement of the building foundations or movement of the building structure.

The building exterior walls are generally comprised of stone veneer walls and wood siding on all building elevations. The building windows are typical of wood-framed single glass units. The exterior doors are wood doors in wood frames. The roof cover is a cedar shingles roof assembly. Overall, the building envelope components appear to be in fair condition.

The interior finishes in the building include ceramic floor tiles, painted wall assemblies, ceramic wall tiles, and painted ceiling assemblies. The interior finishes appear to be in good condition overall, with the exception of the painted ceiling which was in poor condition.",,,,Wood Framed,,,,,,,,,,,,,,,,#N/A,,,,,,,,,,,,,,,,,,Regular,,,,,,99,,0,#N/A,#N/A,#N/A,#N/A,#N/A,#N/A,#N/A,#VALUE!,,,Unknown,,10,Pre-Screen Low,-123.1115217,49.23924856
439,PARK_1303_4600 Cambie St_Queen Elizabeth Park - Washrooms,4600 Cambie St,,,,,,,,,,Queen Elizabeth Park - Washrooms,3 - Limited Investment,City Owned,1303,1960-01,1960,1960,"$160,299",915,175,1,0,"Queen Elizabeth Park washrooms are understood to have been constructed circa 1960. The building is largely provided with systems and components originating from the initial building construction. Known renewals include:
- The majority of interior finishes updated circa 2003 and 2008","The single-story building appears to be constructed on spread footings. Where exposed, the superstructure appears to be of wood-framed construction.  No significant deficiencies were observed to suggest differential settlement of the building foundations or movement of the building structure.

The building exterior walls are generally comprised of stone veneer walls and painted wood siding walls on building elevations. The building windows are typical of metal-framed single glass units. The exterior doors are wood doors in wood frames. The roof cover is a cedar shingles roof assembly. Overall, the building envelope components appear to be in fair condition.

The interior finishes in the building include ceramic floor tiles, exposed concrete floor, painted wall assemblies, ceramic wall tiles, and painted ceiling assemblies. The interior finishes appear to be in good condition overall.",,,,Wood Framed,,,,,,,,,,,,,,,,#N/A,,,,,,,,,,,,,,,,,,Regular,,,,,,99,,0,#N/A,#N/A,#N/A,#N/A,#N/A,#N/A,#N/A,#VALUE!,,,Unknown,,10,Pre-Screen Low,-123.1115922,49.23897112
440,PARK_4325_2099 Beach Av_Stanley Park - Pitch & Putt Building,2099 Beach Av,,,,,,,,,,Stanley Park - Pitch & Putt Building,5 - No Investment,City Owned,4325,1970-01,1970,1970,"$157,671",900,175,1,0,"Pitch and Putt Building is understood to have been constructed circa 1970. The building is largely provided with systems and components originating from the initial building construction. Known renewals include:
- The majority of interior finishes updated circa 1999, 2004 and 2010","The single-story building appears to be constructed on spread footings. Where exposed, the superstructure appears to be of wood-framed construction. The building structure requires repairs.

The building exterior walls are generally comprised of stone masonry  and wood siding walls on all building elevations. The building windows are typical of wood-framed single glass units. The exterior entrance doors are typically wood doors set in wood frames. The roof cover is a cedar shakes roof assembly. Overall, the building envelope components appear to be in fair condition.

The interior finishes in the building include vinyl floor sheets, painted wall assemblies, ceramic wall tiles, and painted ceiling assemblies. The interior finishes appear to be in good condition overall.",,,,Wood Framed,,,,,,,,,,,,,,,,#N/A,,,,,,,,,,,,,,,,,,Regular,,,,,,99,,0,#N/A,#N/A,#N/A,#N/A,#N/A,#N/A,#N/A,#VALUE!,,,Unknown,,10,Pre-Screen Low,-123.1466374,49.29303937
441,PARK_4325_Stanley Park - Brockton Point Totem Pole Washrooms,Stanley Park - Brockton Point Totem Pole Washrooms,,,,,,,,,,,2 - Moderate Investment,City Owned,11073,2000-01,2000,1995,"$690,949","3,944",175,1,0,Brockton Point Totem Pole Washrooms is understood to have been constructed circa 2000. The building is largely provided with systems and components originating from the initial building construction,"The single-story building appears to be constructed on spread footings. Where exposed, the superstructure appears to be of wood-framed, and concrete construction.  No significant deficiencies were observed to suggest differential settlement of the building foundations or movement of the building structure.

The building exterior walls are generally comprised of wood siding walls on the building elevations. The building windows are typical of wood-framed insulated glass units (IGUs). The exterior entrance doors are typically glass doors set in aluminum frames. The service doors are wood and metal doors. The roof cover is a metal roof assembly.  Overall, the building envelope components appear to be in good condition.

The interior finishes in the building include exposed concrete floor, painted wall assemblies, ceramic wall tiles, and wood ceiling assemblies. The interior finishes appear to be in good condition overall.",,,,Wood Framed,,,,,,,,,,,,,,,,#N/A,,,,,,,,,,,,,,,,,,Regular,,,,,,99,,0,#N/A,#N/A,#N/A,#N/A,#N/A,#N/A,#N/A,#VALUE!,,,Unknown,,10,Pre-Screen Low,-123.1214236,49.29944667
442,PARK_1386_2325 Franklin St_Pandora Park - Fieldhouse,2325 Franklin St,,,,,,,,,,Pandora Park - Fieldhouse,3 - Limited Investment,City Owned,1386,1950-01,1950,1941,"$175,221",897,195,1,0,The building was constructed circa 1950. The building is provided mainly with systems and components originating from the initial building construction.,"The single-storey building foundations are likely standard foundations bearing on good native firm soil. The slab on grade appears to be cast-in-place concrete continuously supported by native soil or engineered fill. 

The building is likely be  a wood-framed structure, with wood roof deck supported by wood trusses/rafters and wood stud walls. The roof covering includes metal roofing. The exterior walls consist of painted wood siding boards and field stone finishes. The exterior windows are wood framed with single glass units. The exterior doors include wood single doors.  The interior partitions are painted gypsum wallboard.  The interior doors are generally single wood doors set in matching wood frames.

The interior floor finishes include sealed concrete and vinyl tiles. The interior ceiling finishes include painted gypsum board ceiling.",,,,Wood Framed,,,,,,,,,,,,,,,,#N/A,,,,,,,,,,,,,,,,,,Regular,,,,,,99,,0,#N/A,#N/A,#N/A,#N/A,#N/A,#N/A,#N/A,#VALUE!,,,Unknown,,10,Pre-Screen Low,-123.0575018,49.2822921
443,PARK_1484_1657 Charles St_Grandview Park - Fieldhouse,1657 Charles St,,,,,,,,,,Grandview Park - Fieldhouse,2 - Moderate Investment,City Owned,1484,2011-01,2011,2010,"$175,026",896,195,1,0,The building was constructed circa 2011. The building is provided mainly with systems and components originating from the initial building construction.,"The single-storey building foundations are likely standard foundations bearing on good native firm soil. The slab on grade appears to be cast-in-place concrete continuously supported by native soil or engineered fill.  The building structure likely consists of load bearing concrete block walls supporting a wood framed roof.  The exterior walls consist of stone veneer and composite panel siding finishes. The roof covering includes metal roofing. The exterior windows are aluminum framed with single insulated glass units.  The exterior doors include metal single doors. 

The interior partitions are painted gypsum wallboard and concrete masonry units.  The interior doors are generally single metal doors set in matching metal frames. The interior floor finishes include sealed concrete and ceramic tiles. The interior ceiling finishes include stained wood ceiling.",,,,Masonry Walls,,,,,,,,,,,,,,,,#N/A,,,,,,,,,,,,,,,,,,Regular,,,,,,99,,0,#N/A,#N/A,#N/A,#N/A,#N/A,#N/A,#N/A,#VALUE!,,,Unknown,,10,Pre-Screen Low,-123.0699037,49.2738056
444,PARK_7001_2750 E Kent Av South_Riverfront Park - Washrooms,2750 E Kent Av South,,,,,,,,,,Riverfront Park - Washrooms,3 - Limited Investment,City Owned,7199,1990-01,1990,1990,"$123,684",706,175,1,0,The building was constructed circa 1990. The building is provided mainly with systems and components originating from the initial building construction.,"The single-storey building foundation are likely standard foundations bearing on good native firm soil. The slab on grade appears to be cast in place concrete continuously supported by native soil or engineer fill. The single-storey building is likely be  a wood framed structure, and wood roof trusses/rafters suspended sloped roof structure..

The exterior walls consist of painted wood siding boards.  The exterior doors include wood single doors. The roof covering includes metal roofing.

The interior partitions are painted gypsum wallboard. The interior floor finishes include sealed concrete. The interior ceiling and wall finishes include painted gypsum board ceiling.",,,,Wood Framed,,,,,,,,,,,,,,,,#N/A,,,,,,,,,,,,,,,,,,Regular,,,,,,99,,0,#N/A,#N/A,#N/A,#N/A,#N/A,#N/A,#N/A,#VALUE!,,,Unknown,,10,Pre-Screen Low,-123.0518633,49.2057763
445,"PARK_2010_7800 Vivian Drive_Fraserview Golf Course - Washrooms, Pumphouse",7800 Vivian Drive,,,,,,,,,,"Fraserview Golf Course - Washrooms, Pumphouse",2 - Moderate Investment,City Owned,2010,1996-01,1996,1995,"$110,370",630,175,1,0,"The Fraserview Golf Course - Washrooms, Pumphouse is understood to have been constructed circa 1996.","The single-story structure is constructed on concrete spread-footings that bear on native soil or engineered fill. Where exposed the foundation walls are poured concrete walls. The slab on grade is presumed to comprise reinforced poured in place concrete. The superstructure includes cast-in-place concrete masonry block walls and concrete construction supporting engineered truss and wood joist with wood roof sheathing system. No significant deficiencies were observed to suggest differential settlement of the building foundations or movement of the building structure.
The building is provided with metal roofing and exterior single-door assemblies which include painted steel panels that are set within painted steel frames. The roofing and exterior doors are in good condition.
The interior finishes in the building include painted floor finishes, ceramic floor finishes, painted wall assemblies, ceramic tile walls, and painted ceiling finish. The interior finishes appear to be in good condition.",,,,Masonry Walls,,,,,,,,,,,,,,,,#N/A,,,,,,,,,,,,,,,,,,Regular,,,,,,99,,0,#N/A,#N/A,#N/A,#N/A,#N/A,#N/A,#N/A,#VALUE!,,,Unknown,,10,Pre-Screen Low,-123.0423361,49.2113001
446,PARK_4325_715 Stanley Park Drive_Stanley Park - Info Booth & Concession (Fieldhouse),715 Stanley Park Drive,,,,,,,,,,Stanley Park - Info Booth & Concession (Fieldhouse),5 - No Investment,City Owned,11084,2000-01,2000,1995,"$107,742",615,175,1,0,The Info Booth & Concession is understood to have been constructed circa 2000. The building is largely provided with systems and components originating from the initial building construction.,"The single-story building appears to be constructed on spread footings. Where exposed, the superstructure appears to be of wood-framed construction.  No significant deficiencies were observed to suggest differential settlement of the building foundations or movement of the building structure.

The building exterior walls are generally comprised of wood siding and concrete on all building elevations. The building windows are typical of metal-framed insulated glass units (IGUs). The exterior entrance doors are typically metal doors set in metal frames. The flat roof cover is a 2-ply modified bituminous roof assembly and the sloped roof cover is corrugated metal roof assembly.  Overall, the building envelope components appear to be in good condition.

The interior finishes in the building include painted concrete floor, painted wall assemblies, ceramic wall tiles, and painted ceiling assemblies. The interior finishes appear to be in poor condition overall, with the exception of ceramic wall tiles which is in good condition.",,,,Wood Framed,,,,,,,,,,,,,,,,#N/A,,,,,,,,,,,,,,,,,,Regular,,,,,,99,,0,#N/A,#N/A,#N/A,#N/A,#N/A,#N/A,#N/A,#VALUE!,,,Unknown,,10,Pre-Screen Low,-123.1314607,49.29779763
447,PARK_3234_759 Malkin Av_Strathcona Community Garden - Building 1,759 Malkin Av,,,,,,,,,,Strathcona Community Garden - Building 1,2 - Moderate Investment,City Owned,3235,1990-01,1990,1990,"$105,114",600,175,1,0,,,,,,,,,,,,,,,,,,,,,,#N/A,,,,,,,,,,,,,,,,,,Regular,,,,,,99,,0,#N/A,#N/A,#N/A,#N/A,#N/A,#N/A,#N/A,#VALUE!,,,Unknown,,10,Pre-Screen Low,-123.0884018,49.2754593
448,PARK_3330_2401 Point Grey Road_Kitsilano Yacht Club - Building 2,2401 Point Grey Road,,,,,,,,,,Kitsilano Yacht Club - Building 2,9 - CoV Not Responsible,City Owned,3330,1970-01,1970,1970,"$105,114",600,175,1,0,,,,,,,,,,,,,,,,,,,,,,#N/A,,,,,,,,,,,,,,,,,,Regular,,,,,,99,,0,#N/A,#N/A,#N/A,#N/A,#N/A,#N/A,#N/A,#VALUE!,,,Unknown,,10,Pre-Screen Low,-123.1601754,49.27386671
450,PARK_4325_Stanley Park - Lost Lagoon Public Washroom,Stanley Park - Lost Lagoon Public Washroom,,,,,,,,,,,3 - Limited Investment,City Owned,4325,1960-01,1960,1960,"$105,114",600,175,1,0,Lost Lagoon Public Washroom is understood to have been constructed circa 2011. The building is largely provided with systems and components originating from the initial building construction.,"The single-story building appears to be constructed on spread footings. Where exposed, the superstructure appears to be of wood-framed construction.  No significant deficiencies were observed to suggest differential settlement of the building foundations or movement of the building structure.

The building exterior walls are generally comprised of brick veneer walls on all elevations. The building windows are glass blocks. The exterior entrance doors are metal doors set in metal frames. The roof cover is an asphalt shingles roof assembly.  Overall, the building envelope components appear to be in good condition.

The interior finishes in the building include ceramic floor tiles, exposed concrete floor, painted stucco wall assemblies, ceramic wall tiles, and painted ceiling assemblies. The interior finishes appear to be in good condition overall.",,,,Wood Framed,,,,,,,,,,,,,,,,#N/A,,,,,,,,,,,,,,,,,,Regular,,,,,,99,,0,#N/A,#N/A,#N/A,#N/A,#N/A,#N/A,#N/A,#VALUE!,,,Unknown,,10,Pre-Screen Low,-123.1386165,49.29391641
451,PARK_4325_Stanley Park - Miniature Railway Picnic shelter #02,Stanley Park - Miniature Railway Picnic shelter #02,,,,,,,,,,,3 - Limited Investment,City Owned,4325,1990-01,1990,1990,"$213,557","1,219",175,1,0,"The miniature railway picnic shelter #2 is understood to have been constructed circa 1990. The building is largely provided with systems and components originating from the initial building construction. Known renewals include:
- The majority of interior finishes updated circa 2004 and 2014","The single-story structure appears to be constructed on spread footings. Where exposed, the superstructure appears to be of wood-framed construction.  No significant deficiencies were observed to suggest differential settlement of the building foundations or movement of the building structure.

The building exterior walls are generally comprised of painted concrete blocks and painted wood panels building elevations. The building windows are typical of wood-framed single glass units. The exterior entrance doors are typically sliding wood doors. The roof cover is a sloped cedar shakes roof assembly. Overall, the building envelope components appear to be in fair to good condition.

The interior finishes in the building include exposed concrete floor painted wall finish and painted ceiling finish assemblies. The interior finishes appear to be in fair to good condition overall.",,,,Wood Framed,,,,,,,,,,,,,,,,#N/A,,,,,,,,,,,,,,,,,,Regular,,,,,,99,,0,#N/A,#N/A,#N/A,#N/A,#N/A,#N/A,#N/A,#VALUE!,,,Unknown,,10,Pre-Screen Low,-123.1329126,49.30205303
452,PARK_1223_3025 Fir St_Terminal City Lawn Bowling - Storage,3025 Fir St,,,,,,,,,,Terminal City Lawn Bowling - Storage,3 - Limited Investment,City Owned,1223,1930-01,1930,Pre-code,"$38,839",504,77,1,0,The building was constructed circa 1930. The building was provided mainly with systems and components originating from the initial building construction.,"The single-storey building structure is constructed of cast in place concrete continuously supported by a moisture barrier on a free draining gravel.
The single-storey building structural framing system is likely a wood framed structure, where wood framed stud walls support the suspended wood floors and wood roof trusses/rafters.

The exterior walls consist of wood siding, The exterior door is wood double-doors. 
The interior floor finishes include sealed exposed concrete finishes.",,,,Wood Framed,,,,,,,,,,,,,,,,#N/A,,,,,,,,,,,,,,,,,,Regular,,,,,,99,,0,#N/A,#N/A,#N/A,#N/A,#N/A,#N/A,#N/A,#VALUE!,,,Unknown,,10,Pre-Screen Low,-123.1419783,49.25817462
454,PARK_3299_2390 E 46th Av_Nanaimo Park - Little League,2390 E 46th Av,,,,,,,,,,Nanaimo Park - Little League,9 - CoV Not Responsible,City Owned,3299,1960-01,1960,1960,"$87,595",500,175,1,0,,,,,,Wood frame,,,,,,,,,,,,,,,,#N/A,,,,,,,,,,,,,,,,,,Regular,,,,,,99,,0,#N/A,#N/A,#N/A,#N/A,#N/A,#N/A,#N/A,#VALUE!,,,Unknown,,10,Pre-Screen Low,-123.0576324,49.2277184
456,PARK_4325_Stanley Park - Washrooms near Railway,Stanley Park - Washrooms near Railway,,,,,,,,,,,3 - Limited Investment,City Owned,4325,1990-01,1990,1990,"$86,719",495,175,1,0,Washrooms near Railway building is understood to have been constructed circa 1990. The building is largely provided with systems and components originating from the initial building construction.,"The building is a single-storey structure constructed on concrete spread-footing, with concrete masonry unit exterior walls and a wood-frame sloped roof.  No significant deficiencies were observed to suggest differential settlement of the building foundations or movement of the building structure.
The building windows are typical of wood framed single glass units. The building is equipped with exterior wood doors. The roof cover is a cedar shakes roof assembly. Overall, the building envelope components appear to be in good condition, with exception of the cedar shakes roof, which is in poor condition.
The interior finishes in the building include terrazzo flooring, painted wall assemblies and ceramic wall tiles. The interior finishes appear to be in fair to good condition.",,,,Masonry Walls,,,,,,,,,,,,,,,,#N/A,,,,,,,,,,,,,,,,,,Regular,,,,,,99,,0,#N/A,#N/A,#N/A,#N/A,#N/A,#N/A,#N/A,#VALUE!,,,Unknown,,10,Pre-Screen Low,-123.1332116,49.30188659
457,PARK_1526_4850 St. Catherines St_Grays Park - Washrooms,4850 St. Catherines St,,,,,,,,,,Grays Park - Washrooms,3 - Limited Investment,City Owned,1526,1970-01,1970,1970,"$70,076",400,175,1,0,The building was constructed circa 1970. The building is provided mainly with systems and components originating from the initial building construction.,"The single-storey building foundations are likely standard foundations bearing on good native firm soil. The slab on grade appears to be cast-in-place concrete continuously supported by native soil or engineered fill.  The building is likely  a wood-framed structure, with wood roof deck on wood rafters, beams, and stud walls. The roof covering includes asphalt shingle roofing.

The exterior walls consist of painted wood siding boards. The exterior doors include wood single doors.  The interior partitions are painted gypsum wallboard.  

The interior floor finishes include sealed concrete, vinyl tiles and ceramic tiles. The interior ceiling finishes include painted gypsum board ceiling.",,,,"Wood Frame, Shake roof",,,,,,,,,,,,,,,,#N/A,,,,,,,,,,,,,,,,,,Regular,,,,,,99,,0,#N/A,#N/A,#N/A,#N/A,#N/A,#N/A,#N/A,#VALUE!,,,Unknown,,10,Pre-Screen Low,-123.0852671,49.24095732
458,PARK_1554_4747 Dunbar St_Memorial West Park - Concession,4747 Dunbar St,,,,,,,,,,Memorial West Park - Concession,9 - CoV Not Responsible,City Owned,1553,1990-01,1990,1990,"$292,282",380,769,1,0,,,,,,"Concrete foundation, wood frame & walls w/asphalt shingle roof",,,,,,,,,,,,,,,Parks Facilities (Outhouses etc.), $-   ,,C,,,,,,,,,,,,,,,,Regular,,,,,,99,,0,#N/A,#N/A,#N/A,#N/A,#N/A,#N/A,#N/A,#VALUE!,,,Unknown,,10,Pre-Screen Low,-123.1876559,49.2432244
460,PARK_1526_4850 St. Catherines St_Vancouver South Lawn Bowling - Storage,4850 St. Catherines St,,,,,,,,,,Vancouver South Lawn Bowling - Storage,9 - CoV Not Responsible,City Owned,1526,1970-01,1970,1970,"$58,602",300,195,1,0,,,,,,,,,,,,,,,,,,,,,,#N/A,,,,,,,,,,,,,,,,,,Regular,,,,,,99,,0,#N/A,#N/A,#N/A,#N/A,#N/A,#N/A,#N/A,#VALUE!,,,Unknown,,10,Pre-Screen Low,-123.0852751,49.24117872
461,PARK_3234_759 Malkin Av_Strathcona Community Garden - Building 2,759 Malkin Av,,,,,,,,,,Strathcona Community Garden - Building 2,2 - Moderate Investment,City Owned,3235,2000-01,2000,1995,"$52,557",300,175,1,0,,,,,,,,,,,,,,,,,,,,,,#N/A,,,,,,,,,,,,,,,,,,Regular,,,,,,99,,0,#N/A,#N/A,#N/A,#N/A,#N/A,#N/A,#N/A,#VALUE!,,,Unknown,,10,Pre-Screen Low,-123.0884018,49.2754593
463,PARK_1248_3402 Charles St_Rupert Park - Pitch & Putt Building,3402 Charles St,,,,,,,,,,Rupert Park - Pitch & Putt Building,2 - Moderate Investment,City Owned,1248,1990-01,1990,1990,"$52,557",300,175,1,0,The building was constructed circa 1990. The building was provided mainly with systems and components originating from the initial building construction.,"The single-storey building foundation are likely standard foundations bearing on good native soil. 

The single-storey building is likely be wood columns, wood beams and truss roof suspended sloped roof structure.
The exterior walls consist of wood siding. The exterior doors include hollow metal doors. The interior partitions are painted gypsum wallboard. 

The interior floor finishes include sealed concrete floor finishes. The interior ceiling finishes include gypsum board painted ceiling . The interior doors are generally single wood and metal doors set in matching wood frames.",,2010,,Wood Framed,,,,,,,,,,,,,,,,#N/A,,,,,,,,,,,,,,,,,,Regular,,,,,,99,,0,#N/A,#N/A,#N/A,#N/A,#N/A,#N/A,#N/A,#VALUE!,,,Unknown,,10,Pre-Screen Low,-123.0306454,49.27307783
464,PARK_1349_5955 Ross St_Memorial South Park - Little League,5955 Ross St,,,,,,,,,,Memorial South Park - Little League,9 - CoV Not Responsible,City Owned,1349,1990-01,1990,1990,"$47,652",272,175,1,0,,,,,,Wood frame,,,,,,,,,,,,,,,,#N/A,,,,,,,,,,,,,,,,,,Regular,,,,,,99,,0,#N/A,#N/A,#N/A,#N/A,#N/A,#N/A,#N/A,#VALUE!,,,Unknown,,10,Pre-Screen Low,-123.0828646,49.23253879
465,PARK_1122_4376 W 6th Av_West Point Grey Lawn Bowling Club - Service Building,4376 W 6th Av,,,,,,,,,,West Point Grey Lawn Bowling Club - Service Building,9 - CoV Not Responsible,City Owned,1122,1920-01,1920,Pre-code,"$53,112",240,221,1,0,,,,,,,,,,,,,,,,,,,,,,#N/A,,,,,,,,,,,,,,,,,,Regular,,,,,,99,,0,#N/A,#N/A,#N/A,#N/A,#N/A,#N/A,#N/A,#VALUE!,,,Unknown,,10,Pre-Screen Low,-123.2048641,49.2667122
471,PARK_1303_4600 Cambie St_Queen Elizabeth Park - Plaza Washrooms,4600 Cambie St,,,,,,,,,,Queen Elizabeth Park - Plaza Washrooms,1 - Full Investment,City Owned,1303,2006-01,2006,2005,"$35,038",200,175,1,0,Queen Elizabeth Park plaza washrooms are understood to have been constructed circa 2006. The building is largely provided with systems and components originating from the initial building construction.,"The single-story building appears to be constructed on spread footings. Where exposed, the superstructure appears to be cast-in-place reinforced concrete construction.  No significant deficiencies were observed to suggest differential settlement of the building foundations or movement of the building structure.

The building exterior walls are generally comprised of concrete walls on all elevations. The exterior windows are typical of metal framed single glass units. The exterior entrance doors are typically metal doors set in metal frames. The roof is a combination of glass and wood assembly. Overall, the building envelope components appear to be in good condition.

The interior finishes in the building include an exposed concrete floor, painted wall assemblies, and stainless steel wall finish. The interior finishes appear to be in good condition overall.",,,,Concrete Structure,,,,,,,,,,,,,,,,#N/A,,,,,,,,,,,,,,,,,,Regular,,,,,,99,,0,#N/A,#N/A,#N/A,#N/A,#N/A,#N/A,#N/A,#VALUE!,,,Unknown,,10,Pre-Screen Low,-123.1144229,49.24144141
472,PARK_1479_1425 Victoria Drive_Victoria Park - Washrooms,1425 Victoria Drive,,,,,,,,,,Victoria Park - Washrooms,2 - Moderate Investment,City Owned,1479,2007-01,2007,2005,"$56,937",325,175,1,0,The building was constructed circa 2007. The building is provided mainly with systems and components originating from the initial building construction.,"The single-storey building foundations are likely standard foundations bearing on good native firm soil. The slab on grade appears to be cast in place concrete continuously supported by native soil or engineered fill. The building is is likely a wood framed sloped roof structure supported by load bearing concrete masonry block walls.  

The roof covering includes asphalt shingle roofing. The exterior walls consist of stone veneer tiles finishes. The exterior windows are glass block units.  The exterior doors include hollow metal single doors. The interior partitions are painted concrete block. 

The interior doors are generally single wood doors set in matching wood frames. The interior floor finishes include sealed concrete finish. The interior ceiling finishes include painted gypsum board ceiling.",,,,Wood Framed,,,,,,,,,,,,,,,,#N/A,,,,,,,,,,,,,,,,,,Regular,,,,,,99,,0,#N/A,#N/A,#N/A,#N/A,#N/A,#N/A,#N/A,#VALUE!,,,Unknown,,10,Pre-Screen Low,-123.0674415,49.27176218
474,PARK_1469_3300 Victoria Drive_John Hendry Park - Little League Scorer's Building,3300 Victoria Drive,,,,,,,,,,John Hendry Park - Little League Scorer's Building,9 - CoV Not Responsible,City Owned,1469,1990-01,1990,1990,"$26,279",150,175,1,0,,,,,,Wood frame,,,,,,,,,,,,,,,,#N/A,,,,,,,,,,,,,,,,,,Regular,,,,,,99,,0,#N/A,#N/A,#N/A,#N/A,#N/A,#N/A,#N/A,#VALUE!,,,Unknown,,10,Pre-Screen Low,-123.0592047,49.25664586
479,PARK_4325_Stanley Park - Miniature Train Ticket Booth,Stanley Park - Miniature Train Ticket Booth,,,,,,,,,,,5 - No Investment,City Owned,4325,1970-01,1970,1970,"$26,279",150,175,1,0,Miniature Train Ticker Booth is understood to have been constructed circa 1970. The building is largely provided with systems and components originating from the initial building construction.,"The single-story building appears to be constructed on spread footings. Where exposed, the superstructure appears to be of wood framed construction.  No significant deficiencies were observed to suggest differential settlement of the building foundations or movement of the building structure.

The building exterior walls are generally comprised of vertical wood sidings on all building elevations. The building windows are plexiglas windows within wood frames. The exterior entrance doors are wood doors set in wood frames. The roof cover is a 2-ply modified bituminous roof assembly. Overall, the building envelope components appear to be in fair to good condition.

The interior finishes in the building include vinyl sheet flooring, painted wall assemblies, and painted ceiling assemblies. The interior finishes appear to be in good to fair condition overall.",,,,Wood Framed,,,,,,,,,,,,,,,,#N/A,,,,,,,,,,,,,,,,,,Regular,,,,,,99,,0,#N/A,#N/A,#N/A,#N/A,#N/A,#N/A,#N/A,#VALUE!,,,Unknown,,10,Pre-Screen Low,-123.1336996,49.30175488
480,PARK_1822_4150 Knight St_Kingcrest Park - Washroom,4150 Knight St,,,,,,,,,,Kingcrest Park - Washroom,3 - Limited Investment,City Owned,1822,2004-01,2004,1995,"$76,881",150,513,1,0,The building was constructed circa 2004. The building is provided mainly with systems and components originating from the initial building construction.,"The single-storey building foundation are likely standard foundations bearing on good native firm soil. The slab on grade appears to be cast in place concrete continuously supported by native soil or engineered fill.  The building is likely be a load bearing concrete masonry block units (CMU), and wood roof trusses/rafters suspended sloped roof structure. The roof covering includes EPDM roofing. The exterior walls consist of painted wood siding boards, and exterior coating finishes.  The exterior doors include hollow metal single doors . 

The interior partitions are painted concrete blocks.  The interior doors are generally single wood doors set in matching wood frames. The interior floor finishes include a sealed concrete finish. The interior ceiling finishes include painted gypsum board ceiling.",,,,Masonry Walls,,,,,,,,,,,,,,,,#N/A,,,,,,,,,,,,,,,,,,Regular,,,,,,99,,0,#N/A,#N/A,#N/A,#N/A,#N/A,#N/A,#N/A,#VALUE!,,,Unknown,,10,Pre-Screen Low,-123.0746264,49.24732487
481,PARK_4325_Stanley Park - Farmyard Animal Exhibit & concession (Railway Café Fieldhouse),Stanley Park - Farmyard Animal Exhibit & concession (Railway Café Fieldhouse),Phase 1,,,,,,,,,,4 - Minimal Investment,City Owned,11083,1980-01,1980,1980,"$475,816","2,716",175,1,0,"Farmyard Animal Exhibit & Concession is understood to have been constructed circa 1980. The building is largely provided with systems and components originating from the initial building construction. Known renewals include:
- The concession area was updated circa1999.","The single-story building appears to be constructed on spread footings. Where exposed, the superstructure appears to be of wood-framed construction.  No significant deficiencies were observed to suggest differential settlement of the building foundations or movement of the building structure.

The building exterior walls are generally comprised of horizontal wood siding on all building elevations. The building windows are typical of a wood-framed single glass unit. The exterior entrance doors are typically wood doors set in wood frames. The sloped roof cover is a cedar shingles roof assembly. Overall, the building envelope components appear to be in fair to good condition.

The interior finishes in the building include painted concrete floor, vinyl floor tiles, painted wall assemblies, and painted ceiling assemblies. The interior finishes appear to be in fair condition overall.",,,,Wood Framed,,,,,,,,,,,,,,,,#N/A,,,,,,,,,,,,,,,,,,Regular,,,,,,99,,0,#N/A,#N/A,#N/A,#N/A,#N/A,#N/A,#N/A,#VALUE!,,,Unknown,,10,Pre-Screen Low,-123.1336418,49.30115579
482,PARK_2152_8705 Angus Drive_Fraser River Park - Washrooms,8705 Angus Drive,,,,,,,,,,Fraser River Park - Washrooms,2 - Moderate Investment,City Owned,2152,1990-01,1990,1990,"$94,252",538,175,1,0,The washrooms were constructed circa 1950. The structure is provided mainly with systems and components originating from the initial building construction.,"The single-storey building constructed on concrete spread footings. The superstructure is wood columns, wood beams and truss roof suspended sloped roof structure with roof sheathing systems. No significant deficiencies were observed to suggest differential settlement of the building foundations or movement of the building structure.

The building exterior walls are generally comprised of exterior wood siding finishes on all elevations .The exit doors are wood solid single-doors which are mounted to wood frames. The roof cover is a metal roofing assembly. Overall, the building envelope components appear to be in fair condition.

The interior finishes in the building include painted concrete floors in fair condition and wood ceiling finish which is in good condition.",,,,Wood Framed,,,,,,,,,,,,,,,,#N/A,,,,,,,,,,,,,,,,,,Regular,,,,,,99,,0,#N/A,#N/A,#N/A,#N/A,#N/A,#N/A,#N/A,#VALUE!,,,Unknown,,10,Pre-Screen Low,-123.1498801,49.20739858
484,PARK_4325_Stanley Park_Stanley Park - Cob House,Stanley Park,,,,,,,,,,Stanley Park - Cob House,5 - No Investment,City Owned,4325,2000-01,2000,1995,"$17,519",100,175,1,0,,,,,,,,,,,,,,,,,,,,,,#N/A,,,,,,,,,,,,,,,,,,Regular,,,,,,99,,0,#N/A,#N/A,#N/A,#N/A,#N/A,#N/A,#N/A,#VALUE!,,,Unknown,,10,Pre-Screen Low,-123.1348173,49.30152221
485,PARK_4325_Stanley Park - Putting Green Cashier Booth,Stanley Park - Putting Green Cashier Booth,,,,,,,,,,,5 - No Investment,City Owned,4325,1970-01,1970,1970,"$41,353",50,827,1,0,Putting Green Cashier Booth is understood to have been constructed circa 1970. The building is largely provided with systems and components originating from the initial building construction.,"The single-story building appears to be constructed on spread footings. Where exposed, the superstructure appears to be of wood framed construction.  No significant deficiencies were observed to suggest differential settlement of the building foundations or movement of the building structure.

The building exterior walls are generally comprised of stone masonry on the building elevations. The building windows are typical of wood-framed single glass units and one sliding insulated glass unit with vinyl frame. The exterior entrance door is typically wood door set in wood frame. The roof cover is a sloped cedar shakes roof assembly. Overall, the building envelope components appear to be in fair to good condition.

The interior finishes in the building include vinyl floor tiles, painted wall assemblies, and painted ceiling assemblies. The interior finishes appear to be in fair condition overall.",,,,Wood Framed,,,,,,,,,,,,,,,,#N/A,,,,,,,,,,,,,,,,,,Regular,,,,,,99,,0,#N/A,#N/A,#N/A,#N/A,#N/A,#N/A,#N/A,#VALUE!,,,Unknown,,10,Pre-Screen Low,-123.1465791,49.29309542
486,NONM_7492_1962 W 1st Av_Coast Foundation Society,1962 W 1st Av,NOT IN SCOPE,,,,,,,,,Coast Foundation Society,9 - CoV Not Responsible,Ground Leased,7492,1961-01,1961,1960,"$3,983,665","11,677",341,2,0,,,,,,"Concrete foundation, wood frame & walls w/ built up tar & gravel roof",,,,,,,,,,,,,,,,#N/A,,,,,,,,,,,,,,,,,,Regular,,,,,,99,,0,#N/A,#N/A,#N/A,#N/A,#N/A,#N/A,#N/A,#VALUE!,,,,,,,-123.1493378,49.2704582
488,RESI_7165_1336 W 11th Av_Rose Court,1336 W 11th Av,Phase 1,,,,,,,,,Rose Court,2 - Moderate Investment,City Owned,7165,1926-01,1926,Pre-code,"$1,941,378","6,792",286,2,1,"The Rose Court building is understood to have been constructed circa 1926. The buildings is largely provided with systems and components originating from the initial building construction. Known renewals include:
- The majority of interior finishes updated circa 1999
- Slope roof replaced circa 2023
- Exterior stucco wall replaced circa 1986","The two-storey building with a basement appears to be constructed on strip footings. Where exposed, the superstructure appears to be of is a combination of a wood frame structure supporting a wood roof deck and truss construction. No significant deficiencies were observed to suggest differential settlement of the building foundations or movement of the building structure.

The building exterior walls are generally comprised of stucco on the building elevations. The building windows are typically of wood framed single glass units. The exterior entrance doors are typically glass doors and wood doors. The slope roof cover is an asphalt shingles roof assembly. The interior finishes in the building include ceramic floor tiles, hardwood flooring, carpet flooring, painted wall assemblies, ceramic wall tiles, painted ceiling assemblies and suspended acoustic tile ceiling assemblies.",,1999,,"Reinforced concrete foundations, wood frame w/asphalt roof",,,,,,,,,,,,,,,,#N/A,,,,,,,,,,,,,,,,,,Regular,,,,,,99,,0,#N/A,#N/A,#N/A,#N/A,#N/A,#N/A,#N/A,#VALUE!,0.4%,,11-100,,2.4,Low,-123.1346947,49.26147334
490,RESI_1181_2090 W 5th Av / 2102-2104 Arbutus St,2090 W 5th Av / 2102-2104 Arbutus St,Phase 1,,,,,,,,,,3 - Limited Investment,City Owned,1181,1910-01,1910,Pre-code,"$1,141,332","3,993",286,2,1,The building was constructed circa 1910. The building was provided mainly with systems and components originating from the initial building construction.,"The two-storey building structure is constructed of stone masonry foundation walls on either spread or strip footings bearing on good native firm soil.

The two-storey the building structural framing system is likely a wood framed structure, where wood framed stud walls support the suspended wood floors and wood roof trusses/rafters suspended sloped roof structure.

The exterior walls consist of wood siding, The exterior windows are wood framed with single glass units and vinyl framed with insulated glass units . The exterior doors are wood doors. 

The interior partitions are painted gypsum wallboard. 

The interior floor finishes include sealed concrete floor, ceramic tile floor, carpet floor and vinyl tile floor finishes. The interior ceiling finish is painted structure and gypsum board. The interior doors are generally single wood doors set in matching wood frames.",B,2005,,Wood Framed,,,,,,,,,,,,,,,,#N/A,,,,,,,,,,,,,,,,,,Regular,,,,,,99,,0,#N/A,#N/A,#N/A,#N/A,#N/A,#N/A,#N/A,#VALUE!,,,Unknown,,10,Pre-Screen Low,-123.1525526,49.26704382
491,RESI_1202_2200 Arbutus St_Arbutus Coffee,2200 Arbutus St,Phase 1,,,,,,,,,Arbutus Coffee,1 - Full Investment,City Owned,1202,1912-01,1912,Pre-code,"$898,373","3,143",286,2,1,"Arbutus coffee is understood to have been constructed circa 1912 and is a registered heritage building. The building is largely provided with systems and components originating from the initial building construction. Known renewals include:
- The majority of interior finishes updated circa 1975
- The roof was replaced circa 2010","The two-story with a basement building appears to be constructed on strip footings. Where exposed, the superstructure appears to be of wood-framed construction.  No significant deficiencies were observed to suggest differential settlement of the building foundations or movement of the building structure.

The building exterior walls are generally comprised of wood siding and wood shingles on all building elevations. The building windows are typical of wood-framed single glass units. The exterior entrance doors are typically glass and wood doors. The roof cover is asphalt shingles roof assembly. Overall, the building envelope components appear to be in poor condition.

The interior finishes in the building include linoleum floor, hardwood flooring, vinyl floor tiles, painted flooring, painted wall assemblies, and painted ceiling assemblies. The interior finishes appear to be in poor condition overall.",A,1950,,Wood Framed,,,,,,,,,,,,,,,,#N/A,,,,,,,,,,,,,,,,,,Regular,,,,,,99,,0,#N/A,#N/A,#N/A,#N/A,#N/A,#N/A,#N/A,#VALUE!,,,Unknown,,10,Pre-Screen Low,-123.1526625,49.26625412
493,RESI_1200_2071-2077 W 6th Av,2071-2077 W 6th Av,Phase 1,,,,,,,,,,3 - Limited Investment,City Owned,1200,1902-01,1902,Pre-code,"$890,084","3,114",286,2,1,The building was constructed circa 1902. The building was provided mainly with systems and components originating from the initial building construction.,"The two-storey building structure is constructed of poured concrete foundation walls on either spread or strip footings bearing on good native firm soil.

The two-storey building structural framing system is likely a wood framed structure, where wood framed stud walls support the suspended wood floors and wood roof trusses/rafters.

The exterior walls consist of wood siding, The exterior windows are wood framed with single glass units and vinyl framed with double-paned glazing units. The exterior doors are wood doors. 

The interior partitions are painted gypsum wallboard. 

The interior floor finishes include painted concrete floor, hardwood, carpet floor, wood laminate and vinyl sheets floor finishes. The interior ceiling finish is painted  gypsum board. The interior doors are generally single wood doors set in matching wood frames.",C,,,Wood frame w/asphalt shingle roof,,,,,,,,,,,,,,,,#N/A,,,,,,,,,,,,,,,,,,Regular,,,,,,99,,0,#N/A,#N/A,#N/A,#N/A,#N/A,#N/A,#N/A,#VALUE!,,,Unknown,,10,Pre-Screen Low,-123.152205,49.2666162
494,RESI_1192_2097 W 6th Av,2097 W 6th Av,Phase 1,,,,,,,,,,4 - Minimal Investment,City Owned,1192,1910-01,1910,Pre-code,"$847,495","2,965",286,2,1,The building was constructed circa 1911. The building was provided mainly with systems and components originating from the initial building construction.,"The two-storey building structure is constructed of poured concrete foundation walls on either spread or strip footings bearing on good native firm soil.
The two-storey building structural framing system is likely a wood framed structure, where wood framed stud walls support the suspended wood floors and wood roof trusses/rafters.

The exterior walls consist of wood siding, The exterior windows are wood framed with single glass units. The exterior doors are wood doors. The interior partitions are painted gypsum wallboard. 

The interior floor finishes include hardwood floor and vinyl sheet / planks floor finishes. The interior ceiling finish is painted  gypsum board. The interior doors are generally single wood doors set in matching wood frames.",,1988,,Wood frame w/tar & gravel roof,,,,,,,,,,,,,,,,#N/A,,,,,,,,,,,,,,,,,,Regular,,,,,,99,,0,#N/A,#N/A,#N/A,#N/A,#N/A,#N/A,#N/A,#VALUE!,,,Unknown,,10,Pre-Screen Low,-123.1526011,49.26656263
495,RESI_1187_2058 W 5th Av,2058 W 5th Av,Phase 1,,,,,,,,,,3 - Limited Investment,City Owned,1187,1908-01,1908,Pre-code,"$842,636","2,948",286,3,1,The building was constructed circa 1908. The building was provided mainly with systems and components originating from the initial building construction.,"The three-storey building structure is constructed of poured concrete foundation walls on either spread or strip footings bearing on good native firm soil.

The three-storey building structural framing system is likely a wood framed structure, where wood framed stud walls support the suspended wood floors and wood roof trusses/rafters.

The exterior walls consist of wood siding, The exterior windows are wood framed with single glass units. The exterior doors are wood doors. 

The interior partitions are painted gypsum wallboard. 

The interior floor finishes include sealed concrete floor, carpet and vinyl sheet floor finishes. The interior ceiling finish is painted  gypsum board and adhered acoustic tiles. The interior doors are generally single wood doors set in matching wood frames.",C,2005,,Wood frame w/asphalt shingle roof,,,,,,,,,,,,,,,,#N/A,,,,,,,,,,,,,,,,,,Regular,,,,,,99,,0,#N/A,#N/A,#N/A,#N/A,#N/A,#N/A,#N/A,#VALUE!,,,Unknown,,10,Pre-Screen Low,-123.1517894,49.26703495
496,RESI_1197_2055 W 6th Av,2055 W 6th Av,Phase 1,,,,,,,,,,4 - Minimal Investment,City Owned,1197,1912-01,1912,Pre-code,"$836,919","2,928",286,2,1,The building was constructed circa 1912. The building was provided mainly with systems and components originating from the initial building construction.,"The two-storey building structure is constructed of poured concrete foundation walls on either spread or strip footings bearing on good native firm soil.

The two-storey building structural framing system is likely a wood framed structure, where wood framed stud walls support the suspended wood floors and wood roof trusses/rafters.

The exterior walls consist of wood siding, The exterior windows are wood framed with single glass units. The exterior doors are wood doors. 

The interior partitions are painted gypsum wallboard. 

The interior floor finishes include hardwood, sealed concrete floor, carpet floor, wood laminated  and vinyl sheet floor finishes. The interior ceiling finish is painted  gypsum board. The interior doors are generally single wood doors set in matching wood frames.",,2004,,Wood frame w/asphalt shingle roof,,,,,,,,,,,,,,,,#N/A,,,,,,,,,,,,,,,,,,Regular,,,,,,99,,0,#N/A,#N/A,#N/A,#N/A,#N/A,#N/A,#N/A,#VALUE!,,,Unknown,,10,Pre-Screen Low,-123.1517657,49.26661007
497,RESI_1205_2068 W 6th Av,2068 W 6th Av,Phase 1,,,,,,,,,,3 - Limited Investment,City Owned,1205,1908-01,1908,Pre-code,"$824,057","2,883",286,3,1,The building was constructed circa 1908. The building was provided mainly with systems and components originating from the initial building construction.,"The three-storey building structure is constructed of poured concrete foundation walls on either spread or strip footings bearing on good native firm soil.

The three-storey building structural framing system is likely a wood framed structure, where wood framed stud walls support the suspended wood floors and wood roof trusses/rafters.

The exterior walls consist of wood siding, The exterior windows are wood framed with single glass units. The exterior doors are wood doors. 

The interior partitions are painted gypsum wallboard. 

The interior floor finishes include painted concrete floor, painted hardwood, carpet floor and vinyl tile floor finishes. The interior ceiling finish is painted  gypsum board. The interior doors are generally single wood doors set in matching wood frames.",C,2005,,Wood frame w/asphalt shingle roof,,,,,,,,,,,,,,,,#N/A,,,,,,,,,,,,,,,,,,Regular,,,,,,99,,0,#N/A,#N/A,#N/A,#N/A,#N/A,#N/A,#N/A,#VALUE!,,,Unknown,,10,Pre-Screen Low,-123.1520121,49.26620438
498,RESI_1191_2032 W 5th Av,2032 W 5th Av,Phase 1,,,,,,,,,,3 - Limited Investment,City Owned,1191,1910-01,1910,Pre-code,"$810,909","2,837",286,3,1,The building was constructed circa 1910. The building was provided mainly with systems and components originating from the initial building construction.,"The three-storey building structure is constructed of poured concrete foundation walls on either spread or strip footings bearing on good native firm soil.

The three-storey building structural framing system is likely a wood framed structure, where wood framed stud walls support the suspended wood floors and wood roof trusses/rafters.

The exterior walls consist of wood siding, The exterior windows are wood framed with single glass units. The exterior doors are wood doors. 

The interior partitions are painted gypsum wallboard. 

The interior floor finishes include sealed concrete floor, hardwood,  carpet floor and vinyl planks floor finishes. The interior ceiling finish is painted  gypsum board. The interior doors are generally single wood doors set in matching wood frames.",C,2005,,Wood frame w/asphalt shingle roof,,,,,,,,,,,,,,,,#N/A,,,,,,,,,,,,,,,,,,Regular,,,,,,99,,0,#N/A,#N/A,#N/A,#N/A,#N/A,#N/A,#N/A,#VALUE!,,,Unknown,,10,Pre-Screen Low,-123.1512328,49.26704936
499,RESI_1193_2020 W 5th Av,2020 W 5th Av,Phase 1,,,,,,,,,,4 - Minimal Investment,City Owned,1193,1908-01,1908,Pre-code,"$798,618","2,794",286,2,1,The building was constructed circa 1911. The building was provided mainly with systems and components originating from the initial building construction.,"The two-storey building structure is constructed of poured concrete foundation walls on either spread or strip footings bearing on good native firm soil.

The two-storey building structural framing system is likely a wood framed structure, where wood framed stud walls support the suspended wood floors and wood roof trusses/rafters.

The exterior walls consist of wood siding, The exterior windows are wood framed with single glass units. The exterior doors are wood doors. 

The interior partitions are painted gypsum wallboard. 

The interior floor finishes include hardwood,  sealed concrete floor, carpet floor and vinyl sheet / tiles floor finishes. The interior ceiling finish is acoustic adhered tiles and painted  gypsum board. The interior doors are generally single wood doors set in matching wood frames.",,2005,,Frame w/asphalt,,,,,,,,,,,,,,,,#N/A,,,,,,,,,,,,,,,,,,Regular,,,,,,99,,0,#N/A,#N/A,#N/A,#N/A,#N/A,#N/A,#N/A,#VALUE!,,,Unknown,,10,Pre-Screen Low,-123.1511078,49.26701811
500,RESI_1201_2085 W 6th Av,2085 W 6th Av,Phase 1,,,,,,,,,,3 - Limited Investment,City Owned,1201,1908-01,1908,Pre-code,"$793,473","2,776",286,2,1,The building was constructed circa 1910. The building was provided mainly with systems and components originating from the initial building construction.,"The two-storey building structure is constructed of stone masonry foundation walls on either spread or strip footings bearing on good native firm soil.

The two-storey the building structural framing system is likely a wood framed structure, where wood framed stud walls support the suspended wood floors and wood roof trusses/rafters suspended sloped roof structure.

The exterior walls consist of wood siding, The exterior windows are wood framed with single glass units and vinyl framed with insulated glass units . The exterior doors are wood doors. 

The interior partitions are painted gypsum wallboard. 

The interior floor finishes include sealed concrete floor, hardwood, carpet and vinyl sheet floor finishes. The interior ceiling finish is painted structure and gypsum board. The interior doors are generally single wood doors set in matching wood frames.",B,1988,,Wood frame w/asphalt shingle roof,,,,,,,,,,,,,,,,#N/A,,,,,,,,,,,,,,,,,,Regular,,,,,,99,,0,#N/A,#N/A,#N/A,#N/A,#N/A,#N/A,#N/A,#VALUE!,,F - Single Family,Unknown,,10,Pre-Screen Low,-123.1523546,49.26664655
502,RESI_1203_2084 W 6th Av,2084 W 6th Av,Phase 1,,,,,,,,,,4 - Minimal Investment,City Owned,1203,1920-01,1920,Pre-code,"$783,183","2,740",286,2,1,The building was constructed circa 1920. The building was provided mainly with systems and components originating from the initial building construction.,"The two-storey building structure is constructed of poured concrete foundation walls on either spread or strip footings bearing on good native firm soil.

The two-storey building structural framing system is likely a wood framed structure, where wood framed stud walls support the suspended wood floors and wood roof trusses/rafters.

The exterior walls consist of wood siding, The exterior windows are wood framed with single glass units. The exterior doors are wood doors. 

The interior partitions are painted gypsum wallboard. 

The interior floor finishes include sealed concrete floor, hardwood and vinyl sheet / planks floor finishes. The interior ceiling finish is painted  gypsum board. The interior doors are generally single wood doors set in matching wood frames.",,,,Wood frame,,,,,,,,,,,,,,,,#N/A,,,,,,,,,,,,,,,,,,Regular,,,,,,99,,0,#N/A,#N/A,#N/A,#N/A,#N/A,#N/A,#N/A,#VALUE!,,,Unknown,,10,Pre-Screen Low,-123.1524462,49.26621175
503,RESI_1190_2038 W 5th Av,2038 W 5th Av,Phase 1,,,,,,,,,,3 - Limited Investment,City Owned,1190,1910-01,1910,Pre-code,"$738,021","2,582",286,3,1,The building was constructed circa 1910. The building was provided mainly with systems and components originating from the initial building construction.,"The three-storey building structure is constructed of poured concrete foundation walls on either spread or strip footings bearing on good native firm soil.

The three-storey building structural framing system is likely a wood framed structure, where wood framed stud walls support the suspended wood floors and wood roof trusses/rafters.

The exterior walls consist of wood siding, The exterior windows are wood framed with single glass units. The exterior doors are wood doors. 

The interior partitions are painted gypsum wallboard. 

The interior floor finishes include sealed concrete floor, carpet floor and vinyl planks floor finishes. The interior ceiling finish is painted  gypsum board. The interior doors are generally single wood doors set in matching wood frames.",C,1995,,Wood frame w/asphalt shingle roof,,,,,,,,,,,,,,,,#N/A,,,,,,,,,,,,,,,,,,Regular,,,,,,99,,0,#N/A,#N/A,#N/A,#N/A,#N/A,#N/A,#N/A,#VALUE!,,,Unknown,,10,Pre-Screen Low,-123.1513676,49.26703986
507,RESI_1184_2078 W 5th Av,2078 W 5th Av,Phase 1,,,,,,,,,,3 - Limited Investment,City Owned,1184,1912-01,1912,Pre-code,"$720,014","2,519",286,3,1,The building was constructed circa 1912. The building was provided mainly with systems and components originating from the initial building construction.,"The three-storey building structure is constructed of of of stone masonry foundation walls on either spread or strip footings bearing on good native firm soil.

The three-storey the building structural framing system is likely a wood framed structure, where wood framed stud walls support the suspended wood floors and wood roof trusses/rafters.

The exterior walls consist of wood siding, The exterior windows are wood framed with single glass units. The exterior doors are wood doors. 

The interior partitions are painted gypsum wallboard. 

The interior floor finishes include sealed concrete floor, carpet floor and vinyl sheet floor finishes. The interior ceiling finish is painted structure and gypsum board. The interior doors are generally single wood doors set in matching wood frames.",C,2005,,Wood frame w/asphalt shingle roof,,,,,,,,,,,,,,,,#N/A,,,,,,,,,,,,,,,,,,Regular,,,,,,99,,0,#N/A,#N/A,#N/A,#N/A,#N/A,#N/A,#N/A,#VALUE!,,,Unknown,,10,Pre-Screen Low,-123.1522,49.26704808
508,RESI_1204_2078 W 6th Av,2078 W 6th Av,Phase 1,,,,,,,,,,3 - Limited Investment,City Owned,1204,1908-01,1908,Pre-code,"$616,256","2,156",286,2,1,The building was constructed circa 1908. The building was provided mainly with systems and components originating from the initial building construction.,"The two-storey building structure is constructed of poured concrete foundation walls on either spread or strip footings bearing on good native firm soil.

The two-storey building structural framing system is likely a wood framed structure, where wood framed stud walls support the suspended wood floors and wood roof trusses/rafters.

The exterior walls consist of asphalt shingle siding, The exterior windows are wood and vinyl framed with single and double-paned glazing units. The exterior doors are wood doors. 

The interior partitions are painted gypsum wallboard. 

The interior floor finishes include hardwood floor, carpet floor and vinyl sheet / tiles floor finishes. The interior ceiling finish is painted  gypsum board. The interior doors are generally single wood doors set in matching wood frames.",C,,,Wood frame w/asphalt shingle roof,,,,,,,,,,,,,,,,#N/A,,,,,,,,,,,,,,,,,,Regular,,,,,,99,,0,#N/A,#N/A,#N/A,#N/A,#N/A,#N/A,#N/A,#VALUE!,,,Unknown,,10,Pre-Screen Low,-123.152218,49.26620476
509,RESI_1189_2044 W 5th Av,2044 W 5th Av,Phase 1,,,,,,,,,,4 - Minimal Investment,City Owned,1189,1905-01,1905,Pre-code,"$615,399","2,153",286,2,1,The building was constructed circa 1905. The building was provided mainly with systems and components originating from the initial building construction.,"The two-storey building structure is constructed of poured concrete foundation walls on either spread or strip footings bearing on good native firm soil.

The two-storey building structural framing system is likely a wood framed structure, where wood framed stud walls support the suspended wood floors and wood roof trusses/rafters.

The exterior walls consist of stucco and wood siding, The exterior windows are wood framed with single glass units. The exterior doors are wood doors. 

The interior partitions are painted gypsum wallboard. 

The interior floor finishes include sealed concrete floor, hardwood floor and vinyl tiles floor finishes. The interior ceiling finish is painted  gypsum board. The interior doors are generally single wood doors set in matching wood frames.",,2005,,Wood Framed,,,,,,,,,,,,,,,,#N/A,,,,,,,,,,,,,,,,,,Regular,,,,,,99,,0,#N/A,#N/A,#N/A,#N/A,#N/A,#N/A,#N/A,#VALUE!,,,Unknown,,10,Pre-Screen Low,-123.1514976,49.26704936
510,RESI_1185_2068 W 5th Av,2068 W 5th Av,Phase 1,,,,,,,,,,3 - Limited Investment,City Owned,1185,1911-01,1911,Pre-code,"$476,770","1,668",286,2,1,The building was constructed circa 1911. The building was provided mainly with systems and components originating from the initial building construction.,"The two-storey building structure is constructed of poured concrete foundation walls on either spread or strip footings bearing on good native firm soil.

The two-storey the building structural framing system is likely a wood framed structure, where wood framed stud walls support the suspended wood floors and wood roof trusses/rafters.

The exterior walls consist of wood siding, The exterior windows are wood framed with single glass units. The exterior doors are wood doors. 

The interior partitions are painted gypsum wallboard. 

The interior floor finishes include sealed concrete floor, hardwood floor and vinyl sheet floor finishes. The interior ceiling finish is painted  gypsum board and adhered acoustic tiles. The interior doors are generally single wood doors set in matching wood frames.",C,2005,,Wood frame / asphalt shingle roof plus basement,,,,,,,,,,,,,,,,#N/A,,,,,,,,,,,,,,,,,,Regular,,,,,,99,,0,#N/A,#N/A,#N/A,#N/A,#N/A,#N/A,#N/A,#VALUE!,,,Unknown,,10,Pre-Screen Low,-123.152009,49.26705811
512,RESI_1183_2086 W 5th Av,2086 W 5th Av,Phase 1,,,,,,,,,,3 - Limited Investment,City Owned,1183,1912-01,1912,Pre-code,"$597,105","2,089",286,2,1,The building was constructed circa 1912. The building was provided mainly with systems and components originating from the initial building construction.,"The two-storey building structure is constructed of  poured concrete foundation walls on either spread or strip footings bearing on good native firm soil.
The two-storey the building structural framing system is likely a wood framed structure, where wood framed stud walls support the suspended wood floors and wood roof trusses/rafters suspended sloped roof structure.

The exterior walls consist of wood siding, The exterior windows are wood framed with single glass units. The exterior doors are wood doors. The interior partitions are painted gypsum wallboard. 

The interior floor finishes include sealed concrete floor, carpet floor and vinyl sheet floor finishes. The interior ceiling finish is painted structure and gypsum board and acoustic tile ceiling. The interior doors are generally single wood doors set in matching wood frames.",C,,,Wood Framed,,,,,,,,,,,,,,,,#N/A,,,,,,,,,,,,,,,,,,Regular,,,,,,99,,0,#N/A,#N/A,#N/A,#N/A,#N/A,#N/A,#N/A,#VALUE!,,,Unknown,,10,Pre-Screen Low,-123.1523204,49.2670576
514,RESI_1198_2059 W 6th Av,2059 W 6th Av,Phase 1,,,,,,,,,,3 - Limited Investment,City Owned,1198,1905-01,1905,Pre-code,"$598,535","2,094",286,2,1,The building was constructed circa 1911. The building was provided mainly with systems and components originating from the initial building construction.,"The two-storey building structure is constructed of poured concrete foundation walls on either spread or strip footings bearing on good native firm soil.

The two-storey building structural framing system is likely a wood framed structure, where wood framed stud walls support the suspended wood floors and wood roof trusses/rafters.

The exterior walls consist of wood siding, The exterior windows are wood and vinyl framed with single glass units. The exterior doors are wood doors. 

The interior partitions are painted gypsum wallboard. 

The interior floor finishes include hardwood, painted concrete floor and vinyl tiles floor finishes. The interior ceiling finish is painted  gypsum board. The interior doors are generally single wood doors set in matching wood frames.",C,1984,,Mostly pressure treated wood.,,,,,,,,,,,,,,,,#N/A,,,,,,,,,,,,,,,,,,Regular,,,,,,99,,0,#N/A,#N/A,#N/A,#N/A,#N/A,#N/A,#N/A,#VALUE!,,,Unknown,,10,Pre-Screen Low,-123.1519072,49.2666031
516,RESI_2180_2096 SE Marine Drive,2096 SE Marine Drive,Phase 1,,,,,,,,,,4 - Minimal Investment,City Owned,2180,1926-01,1926,Pre-code,"$559,947","1,959",286,1,0,,,,,,Wood frame  plus basement,,,,,,,,,,,,,,,,#N/A,,,,,,,,,,,,,,,,,,Regular,,,,,,99,,0,#N/A,#N/A,#N/A,#N/A,#N/A,#N/A,#N/A,#VALUE!,,,Unknown,,10,Pre-Screen Low,-123.0646133,49.2088699
518,RESI_1375_2127 Cypress St,2127 Cypress St,Phase 1,,,,,,,,,,4 - Minimal Investment,City Owned,1375,1905-01,1905,Pre-code,"$543,083","1,900",286,2,1,The building was constructed circa 1905. The building was provided mainly with systems and components originating from the initial building construction.,"The two-storey building structure is constructed of stone masonry foundation walls on either spread or strip footings bearing on good native firm soil.

The two-storey building structural framing system is likely a wood framed structure, where wood framed stud walls support the suspended wood floors and wood roof trusses/rafters.

The exterior walls consist of cedar shingle siding, The exterior windows are wood framed with single glass units. The exterior doors are wood doors. 

The interior partitions are  likely mix of  plaster, metal lath and painted gypsum wall board affixed to wall studs.

The interior floor finishes include painted concrete floor, vinyl planks/tiles floor finishes. The interior ceiling finish is painted  gypsum board. The interior doors are generally single wood doors set in matching wood frames.",,1970,,Wood Framed,,,,,,,,,,,,,,,,#N/A,,,,,,,,,,,,,,,,,,Regular,,,,,,99,,0,#N/A,#N/A,#N/A,#N/A,#N/A,#N/A,#N/A,#VALUE!,,,Unknown,,10,Pre-Screen Low,-123.148302,49.26674025
519,RESI_1374_2133 Cypress St,2133 Cypress St,Phase 1,,,,,,,,,,4 - Minimal Investment,City Owned,1374,1905-01,1905,Pre-code,"$543,083","1,900",286,2,1,The building was constructed circa 1905. The building was provided mainly with systems and components originating from the initial building construction.,"The two-storey building structure is constructed of stone masonry foundation walls on either spread or strip footings bearing on good native firm soil.

The two-storey building structural framing system is likely a wood framed structure, where wood framed stud walls support the suspended wood floors and wood roof trusses/rafters.

The exterior walls consist of cedar shingle siding, The exterior windows are wood framed with single glass units. The exterior doors are wood doors. 

The interior partitions are  likely mix of  plaster, metal lath and painted gypsum wall board affixed to wall studs.

The interior floor finishes include sealed concrete floor, hardwood, carpet floor and vinyl sheet floor finishes. The interior ceiling finish is painted  gypsum board. The interior doors are generally single wood doors set in matching wood frames.",,1970,,Frame plus basement,,,,,,,,,,,,,,,,#N/A,,,,,,,,,,,,,,,,,,Regular,,,,,,99,,0,#N/A,#N/A,#N/A,#N/A,#N/A,#N/A,#N/A,#VALUE!,,,Unknown,,10,Pre-Screen Low,-123.148299,49.26665088
520,RESI_1186_2062 W 5th Av,2062 W 5th Av,Phase 1,,,,,,,,,,3 - Limited Investment,City Owned,1186,1911-01,1911,Pre-code,"$534,508","1,870",286,2,1,The building was constructed circa 1911. The building was provided mainly with systems and components originating from the initial building construction.,"The two-storey building structure is constructed of poured concrete foundation walls on either spread or strip footings bearing on good native firm soil.

The two-storey the building structural framing system is likely a wood framed structure, where wood framed stud walls support the suspended wood floors and wood roof trusses/rafters.

The exterior walls consist of wood siding, The exterior windows are wood framed with single glass units. The exterior doors are wood doors. 

The interior partitions are painted gypsum wallboard. 

The interior floor finishes include sealed concrete floor, carpet floor and vinyl sheet floor finishes. The interior ceiling finish is painted  gypsum board and adhered acoustic tiles. The interior doors are generally single wood doors set in matching wood frames.",C,,,Wood frame w/asphalt shingle roof,,,,,,,,,,,,,,,,#N/A,,,,,,,,,,,,,,,,,,Regular,,,,,,99,,0,#N/A,#N/A,#N/A,#N/A,#N/A,#N/A,#N/A,#VALUE!,,,Unknown,,10,Pre-Screen Low,-123.1518977,49.26705371
521,RESI_1188_2050 W 5th Av,2050 W 5th Av,Phase 1,,,,,,,,,,3 - Limited Investment,City Owned,1188,1908-01,1908,Pre-code,"$512,499","1,793",286,2,1,The building was constructed circa 1911. The building was provided mainly with systems and components originating from the initial building construction.,"The two-storey building structure is constructed of poured concrete foundation walls on either spread or strip footings bearing on good native firm soil.

The two-storey building structural framing system is likely a wood framed structure, where wood framed stud walls support the suspended wood floors and wood roof trusses/rafters.

The exterior walls consist of wood siding, The exterior windows are wood framed with single glass units. The exterior doors are wood doors. 

The interior partitions are painted gypsum wallboard. 

The interior floor finishes include sealed concrete floor, carpet floor and vinyl sheet / planks floor finishes. The interior ceiling finish is painted  gypsum board. The interior doors are generally single wood doors set in matching wood frames.",C,,,Wood frame w/asphalt shingle roof,,,,,,,,,,,,,,,,#N/A,,,,,,,,,,,,,,,,,,Regular,,,,,,99,,0,#N/A,#N/A,#N/A,#N/A,#N/A,#N/A,#N/A,#VALUE!,,,Unknown,,10,Pre-Screen Low,-123.1515999,49.26707626
523,RESI_1182_2088 W 5th Av,2088 W 5th Av,Phase 1,,,,,,,,,,4 - Minimal Investment,City Owned,1182,1910-01,1910,Pre-code,"$180,075",630,286,1,1,The building was constructed circa 1910. The building was provided mainly with systems and components originating from the initial building construction.,"The single-storey building structure is constructed of of stone masonry foundation walls on either spread or strip footings bearing on good native firm soil.

The single-storey the building structural framing system is likely a wood framed structure, where wood framed stud walls support the suspended wood floors and wood roof trusses/rafters.

The exterior walls consist of wood siding, The exterior windows are wood framed with single glass units. The exterior doors are wood doors. 

The interior partitions are painted gypsum wallboard. 

The interior floor finishes include sealed concrete floor, carpet floor and vinyl tile floor finishes. The interior ceiling finish is painted structure and gypsum board. The interior doors are generally single wood doors set in matching wood frames.",,2005,,Wood frame / asphalt shingle roof including basement,,,,,,,,,,,,,,,,#N/A,,,,,,,,,,,,,,,,,,Regular,,,,,,99,,0,#N/A,#N/A,#N/A,#N/A,#N/A,#N/A,#N/A,#VALUE!,,,Unknown,,10,Pre-Screen Low,-123.1524122,49.26704746
528,COMM_7475_2780 E Broadway,2780 E Broadway,,,,,,,,,,,2 - Moderate Investment,City Owned,7475,1957-01,1957,1953,"$34,209,027","103,061",332,2,0,"The building is a concrete structure, approximately 102,000 sf, was constructed circa 1957. Drawings show an addition to the west side of the building was added in 1963.
The north side of the building is two-storey with two physical addresses 2780 E Broadway and 2772 E Broadway, with upper floor at street level, was completely renovated in 2020, occupied by 4 tenants (MCFD, WFC, PCR and WCCRC).
The south side of the building is one-storey with an entry driveway on Kaslo St, has 4 occupied units #2625, #2629, #2631, #2635 and one vacant unit #2633 which is currently under complete renovation.","The building appears to be constructed on spread footings. Where exposed, the superstructure appears to be of concrete-framed construction.  No significant deficiencies were observed to suggest differential settlement of the building foundations or movement of the building structure.

The building exterior walls are generally comprised of painted finish concrete and stucco on building elevations. The building windows are metal-framed double glass units on the original south elevation and vinyl-framed double glass units on the renovated north and east elevations. The exterior entrance doors are typically glass doors set in metal frames. The service doors are hollow metal doors in metal frames. The roof cover is a modified bituminous roof assembly. Overall, the building envelope components appear to be in good condition.

The interior finishes in the building include ceramic floor tiles, vinyl floor sheets, painted concrete floor, carpet flooring, painted wall assemblies, ceramic wall tiles, painted ceiling assemblies and suspended acoustic tile ceiling assemblies. The interior finishes appear to be in good to fair condition overall, with the exception of unit #2633 which is currently under complete renovation.",,,,"Concrete foundation, reinforced concrete columns frame, concrete & block walls w/built up roofing",,,,,,,,,,,,,,,,#N/A,,,,,,,,,,,,,,,,,,Regular,,,,,,99,,0,#N/A,#N/A,#N/A,#N/A,#N/A,#N/A,#N/A,#VALUE!,13%,High Occupancy,101-1000,,0.2,High,-123.0476777,49.26141321
610,FIRE_1779_2460 Balaclava St_Fire Hall #12,2460 Balaclava St,Phase 1,,,,,,,,,Fire Hall #12,2 - Moderate Investment,City Owned,1779,1986-01,1986,1985,"$3,785,497","8,050",470,2,0,"Fire Hall #12 is largely provided with systems and components originating from the initial building construction. Known renewals include:
- 2nd Level Woman's washroom Renovation circa 2015
- Low-slope and skylights roof replacement circa 2011","The exterior walls of the building are mainly clad with brick masonry with stucco detailing, and pre-finished metal fascia. The windows are typically original double pane insulated glass units with metal frames. Failed window seals were observed at the time of the assignment. Exterior access doors are of metal construction, some of which are also provided single glazed inserts. The roof consists of low-slope portions above the vehicle bays and hose tower, which are provided an inverted roof assembly. The office portion of the building is provided a sloped roof assembly covered with metal panel roofing. The interior finishes typically include ceramic tile flooring, vinyl tile flooring, resilient sheet membrane flooring, exposed concrete floors, painted wall finishes, tile wall finishes, and painted ceiling finishes.",,2018 - Woman's Washroom Reno,,"Reinforced concrete foundation, masonry walls/steel supports w/metal & built up roofing",,,,,,,,,,,,,,,,#N/A,,,,,,,,,,,,,,,,,,Regular,,,,,,99,,0,#N/A,#N/A,#N/A,#N/A,#N/A,#N/A,#N/A,#VALUE!,13%,Responder,11-100,,0.9,High,-123.173708,49.26478178
637,NONM_10217_3475 E Hastings St_Ramada Hotel,3475 E Hastings St,,,,,,,,,,Ramada Hotel,4 - Minimal Investment,City Owned,10217,1980-01,1980,1980,"$8,617,018","34,109",253,3,0,The Ramada Hotel is understood to have been constructed circa 1980. The building is largely provided with systems and components originating from the initial building construction.,"The three-storey building appears to be constructed on spread footings. Where exposed the superstructure appears to be of concrete construction. 

The building exterior walls are generally comprised of stucco on the original building elevations. The original building windows are typically on north elevation of the building with metal framed insulated glass units (IGUs). However, exterior windows on south building elevation was replaced in 2003. The exterior entrance doors are typically glass doors set in aluminum frames and sliding glass door for the entrance. The interior doors are combination of the metal and wood doors. The roof cover is a 2-ply modified bituminous roof assembly. 

The interior finishes in the building include ceramic floor tiles, resilient sheet floor, exposed concrete floor, painted wall assemblies, paper wall, acrylic wall, ceramic wall tiles, wood wall panels, metal wall panels, painted ceiling assemblies and suspended acoustic tile ceiling assemblies.",,1980,,Concrete Structure,,,,,,,,,,,,,,,,#N/A,,,,,,,,,,,,,,,,,,Regular,,,,,,99,,0,#N/A,#N/A,#N/A,#N/A,#N/A,#N/A,#N/A,#VALUE!,2%,,11-100,,1.7,Medium,-123.0293837,49.28145263
668,CULT_1127_1575 Alma St_Hastings Mill Museum,1575 Alma St,NOT IN SCOPE,,,,,,,,,Hastings Mill Museum,9 - CoV Not Responsible,Ground Leased,1127,1/1/1865,1865,Pre-code,"$1,475,221","5,000",295,2,0,"BCA REPORT NOTE: 

•	The attached report is not a capital plan but a tool to assist in developing one.

•	Actions noted on the report are based on repair or renewal needs identified in an on-site visual component review. This is not a detailed facility condition assessment (not invasive testing or detailed review of existing drawings have been done as part of this assessment)

•	This is also not a code compliance review or hazardous materials survey.  Values for hazardous materials abatement, seismic retrofit, buildings upgrades or renovations are not included.  

•	It is expected that if needs occur on critical components before the date on which the report is indicating that they will be addressed and not deferred.   Alternately if needs are not present on the date indicated the component will be monitored on an appropriate schedule and the work will be deferred.

•	Component Replacement Values and Action Costs are based on RS Means average for building type and location values are for hard costs only. 

•	Overall project scope and detailed budget remains to be fully developed. 

•	These values do not constitute requested project budgets for the facility.",,A (M),,,Wood frame,,,,,,,,,,,,,,,,#N/A,,,,,,,,,,,,,,,,,,Regular,,,,,,99,,0,#N/A,#N/A,#N/A,#N/A,#N/A,#N/A,#N/A,#VALUE!,,,Unknown,,10,Pre-Screen Low,-123.1859951,49.27281479
669,CULT_1230_1131 Howe St_Pacific Cinematheque,1131 Howe St,,,,,,,,,,Pacific Cinematheque,9 - CoV Not Responsible,City Owned,1230,1985-01,1985,1985,"$3,463,179","9,390",369,2,0,"The 1131 Howe Street building is understood to have been constructed circa 1985. The building is largely provided with systems and components originating from the initial building construction. Some renovations have been completed circa 2005 including:
- Replaced single glass windows with double glass windows.
- New wall and ceiling painting.
- New vinyl sheet flooring at the lobby and lounge.
- New suspended acoustic ceiling tiles at the lobby area.","The two-story building appears to be constructed on spread footings. Where exposed, the superstructure appears to be of concrete masonry, concrete floors with metal deck and steel joists construction.  No significant deficiencies were observed to suggest differential settlement of the building foundations or movement of the building structure.
The building exterior walls are generally comprised of brick veneer on the front elevation and stucco over concrete walls on the back elevation. The building windows are typical of metal insulated glass units (IGUs). The exterior entrance doors are typically glass doors set in metal frames. The exit doors are hollow metal doors in metal frames. The roof cover is an inverted built-up roofing assembly.  Overall, the building envelope components appear to be in good condition.
The interior finishes in the building include vinyl floor tiles, sealed concrete floor, vinyl sheet flooring, ceramic floor tiles, carpet flooring, painted wall assemblies, ceramic wall tiles, painted ceiling assemblies, suspended acoustic ceiling tiles assemblies and sprayed insulation ceiling.  The interior finishes appear to be in good condition overall, with the exception of the carpet flooring and the vinyl floor tiles which are in poor condition.",,,,Masonry Walls,,,,,,,,,,,,,,,,#N/A,,,,,,,,,,,,,,,,,,Regular,,,,,,99,,0,#N/A,#N/A,#N/A,#N/A,#N/A,#N/A,#N/A,#VALUE!,13%,High Occupancy,101-1000,,1.9,Medium,-123.1264595,49.27864861
768,PARK_1554_3850 W 31 Av_Dunbar Lawn Bowling Club - Storage,3850 W 31 Av,,,,,,,,,,Dunbar Lawn Bowling Club - Storage,9 - CoV Not Responsible,City Owned,1554,1930-01,1930,Pre-code,"$66,390",300,221,1,0,,,,,,"Concrete foundation, wood frame & walls w/asphalt shingle roof",,,,,,,,,,,,,,,,#N/A,,,,,,,,,,,,,,,,,,Regular,,,,,,99,,0,#N/A,#N/A,#N/A,#N/A,#N/A,#N/A,#N/A,#VALUE!,,,Unknown,,10,Pre-Screen Low,-123.1888562,49.2436104
773,COMM_10229_1001 Kingsway,1001 Kingsway,,,,,,,,,,,5 - No Investment,City Owned,10229,1974-01,1974,1970,"$4,536,486","13,667",332,2,1,,,,,,,,,,,,,,,,,,,,,,#N/A,,,,,,,,,,,,,,,,,,Regular,,,,,,99,,0,#N/A,#N/A,#N/A,#N/A,#N/A,#N/A,#N/A,#VALUE!,13%,High Occupancy,101-1000,,0.9,High,-123.0833979,49.25401627
778,LIBR_1364_1950 Argyle Drive_Fraserview Branch,1950 Argyle Drive,Phase 1,,,,,,,,,Fraserview Branch,2 - Moderate Investment,City Owned,1364,1971-01,1971,1970,"$4,217,383","12,000",351,1,1,"The buildings is largely provided with systems and components originating from the initial building construction. Known renewals include:
- The majority of interior finishes in the public library area updated circa 2015
- The exterior windows replaced circa 1992
- The roof replaced circa 1993","The single-storey building with a basement appears to be constructed on spread footings. Where exposed the superstructure appears to be of concrete and wood framed construction.  No significant deficiencies were observed to suggest differential settlement of the building foundations or movement of the building structure.

The building exterior walls are generally comprised of brick masonry, stucco and metal cladding on the building elevations. The original building windows are typically of metal framed single glass. The exterior entrance doors are typically glass doors set in aluminum frames. The service doors are metal doors. The roof cover is amodified bituminous roof assembly. Overall, the building envelope components appear to be in fair condition. Based on the building envelope report from IRC Building science group repair is recommended for the building envelope of this building.

The interior finishes in the building include ceramic floor tiles, vinyl floor tiles, carpet floor tiles, Quarry floor tiles, hardwood flooring, painted wall assemblies, painted ceiling assemblies and suspended acoustic tile ceiling assemblies. The interior finishes appear to be in good condition overall, with the exception of vinyl flooring at the interior stairs which is in poor condition.",,2015,,Concrete Structure,,,,,,,,,,,,,,,,#N/A,,,,,,,,,,,,,,,,,,Regular,,,,,,99,,0,#N/A,#N/A,#N/A,#N/A,#N/A,#N/A,#N/A,#VALUE!,13%,High Occupancy,11-100,,0.9,High,-123.0668349,49.21967023
779,LIBR_1562_2112 W 42 Av_Kerrisdale Branch,2112 W 42 Av,Phase 1,,,,,,,,,Kerrisdale Branch,3 - Limited Investment,City Owned,1562,1948-01,1948,1941,"$2,619,736","5,700",460,1,0,"The Kerrisdale Branch library is understood to have been constructed circa 1948. The building is largely provided with systems and components originating from the initial building construction. Known renewals include:
- The majority of interior finishes updated circa 2005 and 2002","The single-storey building appears to be constructed on spread footings. Where exposed, the superstructure appears to be of concrete construction.  No significant deficiencies were observed to suggest differential settlement of the building foundations or movement of the building structure.

The building windows are typically of metal framed insulated glass units (IGUs). Overall, the building envelope components appear to be in fair condition.

The interior finishes in the building include vinyl floor tiles, carpet flooring, painted wall assemblies, painted ceiling assemblies and suspended acoustic tile ceiling assemblies. The interior finishes appear to be in fair condition overall.",,,,Concrete Structure,,,,,,,,,,,,,,,,#N/A,,,,,,,,,,,,,,,,,,Regular,,,,,,99,,0,#N/A,#N/A,#N/A,#N/A,#N/A,#N/A,#N/A,#VALUE!,,,,,,,-123.1561461,49.23337489
780,LIBR_3233_2425 MacDonald St_Kitsilano Branch,2425 MacDonald St,Phase 1,,,,,,,,,Kitsilano Branch,3 - Limited Investment,City Owned,3233,1963-01,1963,1960,"$4,366,227","9,500",460,1,1,The Kitsilano Branch of the Vancouver Public Library is understood to have been constructed circa 1963. An addition was constructed circa 1989 along the western portion of the building.,"The single-storey building with basement appears to be constructed on conventional concrete footings. Where exposed the superstructure appears to be of concrete in the basement and wood for the upper level. No significant deficiencies were observed to suggest differential settlement of the building foundations or movement of the building structure.

The building exterior walls are generally comprised of a combination of brick masonry, field stone masonry, concrete panels, and cementitious stucco. The original building windows are single pane glass in metal frames. The addition windows are typically IGUs set in aluminum frames. The exterior entrance doors are typically glass doors set in aluminum frames. The service doors are hollow metal doors in metal frames, with the exception of the basement which is provided with wood service doors. The roof cover is a 2-ply modified bituminous roof assembly. Overall, the building envelope components appear to be in good to fair condition, with the exception of the original window assemblies and wood service doors, which were considered to be in poor condition.

The interior finishes in the building include ceramic floor tiles, wood laminate flooring, vinyl tile flooring, ceramic tile flooring, carpet flooring, exposed concrete floor, painted wall assemblies, ceramic wall tiles, wood wall panels, and painted ceiling assemblies. The interior finishes appear to be in good to fair condition overall, with the exception of the janitor room vinyl tiles and basement ceiling finishes which were in poor condition.",,1989,,Metal Framed,,,,,,,,,,,,,,,,#N/A,,,,,,,,,,,,,,,,,,Regular,,,,,,99,,0,#N/A,#N/A,#N/A,#N/A,#N/A,#N/A,#N/A,#VALUE!,5%,,11-100,,1.3,Medium,-123.1688643,49.26474111
781,LIBR_1738_2674 E Hastings St_Hastings Branch,2674 E Hastings St,Phase 1,,,,,,,,,Hastings Branch,2 - Moderate Investment,City Owned,1738,1989-01,1989,1985,"$4,090,465","8,900",460,1,0,"Hastings Branch is understood to have been constructed circa 1989. The building is largely provided with systems and components originating from the initial building construction. Known renewals include:
- The roof was replaced in 2019
- Skylights were replaced in 2019
- Interior paint was upgraded in 2019","The single-storey building appears to be constructed on spread footings. Where exposed, the superstructure appears to be of concrete with steel in the roof area.  No significant deficiencies were observed to suggest differential settlement of the building foundations or movement of the building structure.

The building exterior walls are generally comprised of stucco, metal panels, ceramic tiles and metal cladding on all building elevations. The building windows are typically of metal framed insulated glass units (IGUs). The exterior entrance doors are typically glass doors set in aluminum frames. The service doors are hollow metal doors in metal frames. The roof is concrete with a membrane which is used as a parking area. Overall, the building envelope components appear to be in good condition.

The interior finishes in the building include ceramic floor tiles, carpet tiles, painted concrete, painted wall assemblies, ceramic wall tiles, painted ceiling assemblies and suspended acoustic tile ceiling assemblies. The interior finishes appear to be in fair to good condition.",,2019,,Concrete Structure,,,,,,,,,,,,,,,,#N/A,,,,,,,,,,,,,,,,,,Regular,,,,,,99,,0,#N/A,#N/A,#N/A,#N/A,#N/A,#N/A,#N/A,#VALUE!,1.3%,,11-100,,1.9,Medium,-123.0501494,49.28091428
782,LIBR_1899_2969 E 22nd Av_Renfrew Branch,2969 E 22nd Av,Phase 1,,,,,,,,,Renfrew Branch,2 - Moderate Investment,City Owned,1899,1994-01,1994,1990,"$6,192,524","17,620",351,1,0,"The building is largely provided with systems and components originating from the initial building construction. Known renewals include:
- The majority of interior finishes updated circa 2012","The single-storey building appears to be constructed on spread footings. Where exposed the superstructure appears to be of wood framed joist, steel trusses and cast-in-place reinforced concrete construction.  No significant deficiencies were observed to suggest differential settlement of the building foundations or movement of the building structure.

The building exterior walls are generally comprised of brick veneer masonry, concrete and metal on the building elevations. The original building windows are typically of aluminum framed insulated glass units (IGUs). The exterior entrance doors are typically sliding glass doors set in aluminum frames. The service doors are metal doors in metal frames. The roof covers are galvanized steel, modified bituminous. Overall, the building envelope components appear to be in fair to good condition.

The interior finishes in the building include ceramic floor tiles, carpet floor tiles, vinyl floor tiles, exposed concrete floor, painted wall assemblies, ceramic wall tiles, wood wall panels, painted ceiling assemblies and suspended acoustic tile ceiling assemblies. The interior finishes appear to be in good condition overall.",,,,Concrete Structure,,,,,,,,,,,,,,,,#N/A,,,,,,,,,,,,,,,,,,Regular,,,,,,99,,0,#N/A,#N/A,#N/A,#N/A,#N/A,#N/A,#N/A,#VALUE!,,,Unknown,,10,Pre-Screen Low,-123.0422872,49.25110637
783,LIBR_3245_2985 Kingsway_Collingwood Branch,2985 Kingsway,Phase 1,,,,,,,,,Collingwood Branch,4 - Minimal Investment,City Owned,3245,1951-01,1951,1941,"$2,597,215","5,651",460,2,1,The 2985 Kingsway Collingwood Branch - Library Building was constructed circa 1951. The building is provided mainly with systems and components originating from the initial building construction.,"The double-storey building constructed on concrete spread footings. The superstructure is basement level is likely a reinforced concrete walls suspended  reinforced concrete floor slab. The upper level is likely a wood columns, wood beams and truss roof suspended sloped roof structure with roof sheathing systems. No significant deficiencies were observed to suggest differential settlement of the building foundations or movement of the building structure.

The building exterior walls are generally comprised of metal siding, wood siding, exterior coating and field stone siding on all elevations . The building windows are typical of fixed and operable single glass units. The external doors are wood single and double-frame doors which are mounted to wood and aluminum frames. The roof cover is a conventional modified bitumen SBS roofing assembly. The building envelope components appear to be in good condition overall with the exception of the exterior windows , wood siding which are in fair condition.

The interior finishes in the building include vinyl tile, vinyl sheets flooring, painted floor finish, carpet flooring, painted wall finish, painted ceiling finish and acoustic ceiling tiles finish. The building interior finishes appear to be in good condition overall with the exception of the vinyl tiles floor, carpet tiling are in fair condition and the acoustic ceiling tiles in the library space which is poor condition.",,,,Wood Framed,,,,,,,,,,,,,,,,#N/A,,,,,,,,,,,,,,,,,,Regular,,,,,,99,,0,#N/A,#N/A,#N/A,#N/A,#N/A,#N/A,#N/A,#VALUE!,3%,,11-100,,1.5,Medium,-123.0426407,49.2362289
785,LIBR_3246_4515 Dunbar St_Dunbar Branch,4515 Dunbar St,Phase 1,,Pavan Dhillon,Adequate,8/20/2026,,8/24/2026,,,Dunbar Branch,2 - Moderate Investment,City Owned,3246,1991-01,1991,1990,"$3,314,196","7,211",460,1,1,The 4515 Dunbar St Dunbar Branch Library Building was constructed circa 1991. The building is provided mainly with systems and components originating from the initial building construction.,"The single-storey building constructed on concrete spread footings. The superstructure with a basement is likely a reinforced concrete walls and suspended reinforced concrete floor slab. The upper level is likely a wood columns, wood beams and truss roof suspended sloped roof structure with roof sheathing systems. No significant deficiencies were observed to suggest differential settlement of the building foundations or movement of the building structure.

The building exterior walls are generally comprised of wood siding and stucco siding on all elevations. The building windows are typical of fixed and operable single-paned glass and insulated double- paned glazing units. The external doors are wood and metal single-frame doors which are mounted to wood and metal frames. The roof cover is a conventional modified bitumen SBS roofing assembly. The building envelope components appear to be in good condition overall with the exception of the exterior windows and exterior doors which are in fair condition.

The interior finishes in the building include vinyl tile flooring, painted floor finish, carpet flooring, ceramic flooring, wood laminate flooring, painted wall finish and painted ceiling finish. The building interior finishes appear to be in fair condition overall with the exception of the carpet flooring and wood laminate flooring which are in good condition",,,,Wood Framed,Timber Columns,"Wood Joists @16"" O.C. with Plywood Sheathing",,,,,,,,,,,,,,#N/A,,,,,,,,,,,,,,,,,,Regular,,,,,,99,,0,#N/A,#N/A,#N/A,#N/A,#N/A,#N/A,#N/A,#VALUE!,,,Unknown,,10,Pre-Screen Low,-123.1855695,49.24600416
786,LIBR_3244_6076 Fraser St_South Hill Branch,6076 Fraser St,Phase 1,,,,,,,,,South Hill Branch,2 - Moderate Investment,City Owned,3244,1949-01,1949,1941,"$2,298,014","5,000",460,1,1,"South Hill Branch is understood to have been constructed circa 1949. The building is largely provided with systems and components originating from the initial building construction. Known renewals include:
- The roof was replaced circa 2014
- The interior finishes of the building upgraded circa 1989, 2003, 2010 and 2014","The single-storey building with a basement appears to be constructed on spread footings. Where exposed, the superstructure appears to be of wood and concrete construction.  No significant deficiencies were observed to suggest differential settlement of the building foundations or movement of the building structure.

The building exterior walls are generally comprised of painted stucco and metal cladding on all building elevations. The original building windows are typically of wood framed single glass units and metal framed insulated glass units (IGUs). The exterior doors are typically glass and wood doors. The roof cover is a modified bituminous roof assembly. Overall, the building envelope components appear to be in good condition, with the exception of the exterior single glass windows.

The interior finishes in the building include ceramic floor tiles, wood flooring, painted concrete floor, carpet flooring, vinyl floor tiles, painted wall assemblies, and painted ceiling assemblies. The interior finishes appear to be in fair to good condition overall.",,,,Wood Framed,,,,,,,,,,,,,,,,#N/A,,,,,,,,,,,,,,,,,,Regular,,,,,,99,,0,#N/A,#N/A,#N/A,#N/A,#N/A,#N/A,#N/A,#VALUE!,,,Unknown,,10,Pre-Screen Low,-123.0903752,49.22952785
787,LIBR_4498_7110 Kerr St_Champlain Branch,7110 Kerr St,Phase 1,,,,,,,,,Champlain Branch,9 - CoV Not Responsible,City Leased,4498,2001-01,2001,1995,"$2,022,252","4,400",460,1,0,,,,,,,,,,,,,,,,,,,,,,#N/A,,,,,,,,,,,,,,,,,,Regular,,,,,,99,,0,#N/A,#N/A,#N/A,#N/A,#N/A,#N/A,#N/A,#VALUE!,,,Unknown,,10,Pre-Screen Low,-123.039468,49.21899332
788,LIBR_4493_8384-8386 Granville St_Marpole Branch_MIXU,8384-8386 Granville St,Phase 1,,,,,,,,,Marpole Branch,4 - Minimal Investment,City Owned,4493,1955-01,1955,1953,"$1,654,570","3,600",460,1,0,"BCA REPORT NOTES: 

•	The attached report is not a capital plan but a tool to assist in developing one.

•	Actions noted on the report are based on repair or renewal needs identified in an on-site visual component review. This is not a detailed facility condition assessment (not invasive testing or detailed review of existing drawings have been done as part of this assessment)

•	This is also not a code compliance review or hazardous materials survey.  Values for hazardous materials abatement, seismic retrofit, buildings upgrades or renovations are not included.  

•	It is expected that if needs occur on critical components before the date on which the report is indicating that they will be addressed and not deferred.   Alternately if needs are not present on the date indicated the component will be monitored on an appropriate schedule and the work will be deferred.

•	Component Replacement Values and Action Costs are based on RS Means average for building type and location values are for hard costs only. 

•	Overall project scope and detailed budget remains to be fully developed. 

•	These values do not constitute requested project budgets for the facility.",,,,,,,,,,,,,,,,,,,,,#N/A,,,,,,,,,,,,,,,,,,Regular,,,,,,99,,0,#N/A,#N/A,#N/A,#N/A,#N/A,#N/A,#N/A,#VALUE!,,,Unknown,,10,Pre-Screen Low,-123.1401313,49.21041351
789,LIBR_6882_870 Denman St_Joe Fortes Branch,870 Denman St,Phase 1,,,,,,,,,Joe Fortes Branch,4 - Minimal Investment,City Leased,6882,1976-01,1976,1975,"$2,151,860","4,682",460,1,0,The 870 Denman St_Joe Fortes Branch - Library Building was constructed circa 1976. The building is provided mainly with systems and components originating from the initial building construction.,"The single-storey building constructed on concrete spread footings. The superstructure is  is likely reinforced concrete walls, concrete columns, suspended flat roof structure with roof sheathing systems.  No significant deficiencies were observed to suggest differential settlement of the building foundations or movement of the building structure.

The building exterior walls are generally comprised of unfinished cast in place concrete on all elevations. The building exterior windows are typical of fixed aluminum single glass units. The external doors are metal single-frame doors which are mounted to metal frames. The roof cover is a conventional modified bitumen SBS roofing assembly covered by concrete paved surfaces walkway. The building envelope components appear to be in good condition overall with the exception of the exterior window walls which are in fair condition.

The interior finishes in the building include wood laminate floor finish, ceramic wall tiles, painted wall finish, painted ceiling finish and acoustic ceiling tiles finish. The building interior finishes appear to be in good condition overall with the exception of the painted wall finishes which is in fair condition.",,,,Concrete Structure,,,,,,,,,,,,,,,,#N/A,,,,,,,,,,,,,,,,,,Regular,,,,,,99,,0,#N/A,#N/A,#N/A,#N/A,#N/A,#N/A,#N/A,#VALUE!,,,,,,Pre-Screen Low,-123.136635,49.29053027
798,NONM_3612_450 E Cordova St_Oppenheimer Lodge,450 E Cordova St,NOT IN SCOPE,,,,,,,,,Oppenheimer Lodge,9 - CoV Not Responsible,City Operated,3612,1974-01,1974,1970,"$12,311,594","36,088",341,4,0,,,,,,,,,,,,,,,,,,,,,,#N/A,,,,,,,,,,,,,,,,,,Regular,,,,,,99,,0,#N/A,#N/A,#N/A,#N/A,#N/A,#N/A,#N/A,#VALUE!,,,,,,,-123.0936293,49.28201934
800,NONM_3610_535 E Cordova St_Antoinette Lodge,535 E Cordova St,NOT IN SCOPE,,,,,,,,,Antoinette Lodge,9 - CoV Not Responsible,City Operated,3610,1977-01,1977,1977,"$6,998,911","27,704",253,4,0,,,,,,,,,,,,,,,,,,,,,,#N/A,,,,,,,,,,,,,,,,,,Regular,,,,,,99,,0,#N/A,#N/A,#N/A,#N/A,#N/A,#N/A,#N/A,#VALUE!,,,,,,,-123.0926285,49.2824097
802,RECR_7872_920 E Hastings St_Ray-Cam Community Centre_MIXU,920 E Hastings St,,,Monrit,,,,,,,Ray-Cam Community Centre,9 - CoV Not Responsible,City Operated,7872,1976-01,1976,1975,"$9,061,775","31,500",288,2,0,,,,,,,,,,,,,,,,,,,,,,#N/A,,,,,,,,,,,,,,,,,,Regular,,,,,,99,,0,#N/A,#N/A,#N/A,#N/A,#N/A,#N/A,#N/A,#VALUE!,,Reception Centre,,,,,-123.0843689,49.28082558
825,RECR_1337_5175 Dumfries St_Kensington Fieldhouse_To be demolished,5175 Dumfries St,,,,,,,,,,Kensington Fieldhouse,5 - No Investment,City Owned,1337,1971-01,1971,1970,"$361,014","1,668",216,1,0,Kensington Fieldhouse is understood to have been constructed circa 1971. The building is largely provided with systems and components originating from the initial building construction.,"The single-storey building without a basement appears to be constructed on spread footings. Where exposed, the superstructure appears to be of wood framed construction.  Evidence of differential settlement of the building foundations and movement of the building structure and foundation were observed. The overal condition of the foundation and superstructure is critical condition.

The building exterior walls are generally comprised of painted brick and wood siding on the building elevations. The building windows are typically of wood framed single glass units and insulated glass units. The exterior entrance doors are typically wood doors. The roof cover is a 2-ply modified bituminous roof assembly. Overall, the building envelope components appear to be in fair to good condition.

The interior finishes in the building include vinyl floor tiles, pinted concrete floor, painted wall assemblies, wall paper, and painted ceiling assemblies assemblies. The interior finishes appear to be in good condition overall, with the exception of painted concrete floor which is in poor condition.",,,,Wood Framed,,,,,,,,,,,,,,,,#N/A,,,,,,,,,,,,,,,,,,Regular,,,,,,99,,0,#N/A,#N/A,#N/A,#N/A,#N/A,#N/A,#N/A,#VALUE!,,,Unknown,,,High,-123.0746991,49.23755784
830,COMM_1759_312 Main St,312 Main St,,,,,,,,,,,9 - CoV Not Responsible,City Owned,1759,1954-01,1954,1953,"$35,313,616","103,512",341,6,1,"The Main Street building is understood to have been constructed circa 1954 and is a registered heritage building. The building is largely provided with systems and components originating from the initial building construction. Known renewals include:
- The major renovation was done circa 2014 and 2015
- The roof of the building 312 was replaced in 2020","One six-story and one four-story building with a basement appear to be constructed on spread footings. Where exposed, the superstructure appears to be of suspended concrete slab on the concrete frame and reinforced concrete and steel construction.  No significant deficiencies were observed to suggest differential settlement of the building foundations or movement of the building structure.

The building exterior walls are generally comprised of reinforced concrete, marble, and exposed concrete on building elevations. The building windows are typical of metal-framed single glass units. The exterior entrance doors are typically glass doors set in aluminum frames. The service doors are hollow metal doors in metal frames. The roof cover is a 2-ply modified bituminous roof assembly. Overall, the building envelope components appear to be in poor to fair condition.

The interior finishes in the building include ceramic floor tiles, vinyl floor sheets, painted concrete floor, surface coating, carpet floor tiles, vinyl floor tiles, terrazzo finishing, painted wall assemblies, ceramic wall tiles, acoustical wall panels, wood wall panels, marble wall finish painted ceiling assemblies, marble ceiling tiles, wood ceiling, and suspended acoustic tile ceiling assemblies. The interior finishes appear to be in good condition overall. The interior portions of the 5th and 6th floor of the building 324 and 4th floor of the 312 are unfinished.",B,2015,,"Concrete foundation, reinforced concrete & steel frame w/ reinforced concrete & built up roof",,,,,,,,,,,,,,,,#N/A,,,,,,,,,,,,,,,,,,Regular,,,,,,99,,0,#N/A,#N/A,#N/A,#N/A,#N/A,#N/A,#N/A,#VALUE!,10%,AB - Emergency Response - B,101-1000,,0,High,-123.0992381,49.28205287
832,CWYD_1872_377 W Kent Av North_Manitoba Yards - Transfer Station - Green Waste & Recycling,377 W Kent Av North,Phase 1,,,,,,,,,Manitoba Yards - Transfer Station - Green Waste & Recycling,2 - Moderate Investment,City Owned,1872,1989-01,1989,1985,"$771,233","3,485",221,1,0,"Green Waste & Recycling Depot building is understood to have been constructed circa 1989. The building is largely provided with systems and components originating from the initial building construction. Known renewals include:
- The roof was replaced circa 2015","The single-storey building appears to be constructed on spread footings. Where exposed, the superstructure appears to be of concrete and steel construction.  No significant deficiencies were observed to suggest differential settlement of the building foundations or movement of the building structure.

The building exterior walls are generally comprised of concrete on all building elevations. The building windows are typically of metal framed single glass units. The exterior entrance doors are typically glass doors set in aluminum frames. The roof cover is a 2-ply modified bituminous roof assembly. Overall, the building envelope components appear to be in good to fair condition.

The interior finishes in the building include vinyl sheet flooring, exposed concrete floor, painted wall assemblies, and suspended acoustic tile ceiling assemblies. The interior finishes appear to be in good condition overall, with the exception of vinyl sheet flooring which is in poor condition.",,,,,,,,,,,,,,,,,,,,#N/A,,,,,,,,,,,,,,,,,,Regular,,,,,,99,,0,#N/A,#N/A,#N/A,#N/A,#N/A,#N/A,#N/A,#VALUE!,,Business Continuity,Unknown,,10,Pre-Screen Low,-123.1126847,49.20715208
833,CWYD_1872_377 W Kent Av North_Manitoba Yards - Transfer Station - Weigh Scale Building,377 W Kent Av North,Phase 1,,,,,,,,,Manitoba Yards - Transfer Station - Weigh Scale Building,3 - Limited Investment,City Owned,1872,1989-01,1989,1985,"$361,099","1,780",203,1,0,"Weigh Scale Building and Toll is understood to have been constructed circa 1989. The buildings are largely provided with systems and components originating from the initial building construction. Known renewals include:
- The majority of interior finishes updated circa 2018 and 2013","The two-storey canopy structure appears to be constructed on spread footings whereas three single-storey toll booths are constructed and bolted onto poured concrete islands. Where exposed, the superstructure appears to be of concrete and metal construction.  No significant deficiencies were observed to suggest differential settlement of the building foundations or movement of the building structure.

The building exterior walls are generally comprised of metal and concrete on the building elevations. The building windows are typically of metal framed insulated glass units (IGUs). The exterior entrance doors are typically glass doors set in aluminum frames. The roof cover is a 2-ply modified bituminous roof assembly. Overall, the building envelope components appear to be in good condition with the exception of the roof which is in poor condition.

The interior finishes in the building include vinyl sheet flooring, rubber mat flooring, painted wall assemblies, and suspended acoustic tile ceiling assemblies. The interior finishes appear to be in good to fair condition overall.",,,,Concrete Structure,,,,,,,,,,,,,,,,#N/A,,,,,,,,,,,,,,,,,,Regular,,,,,,99,,0,#N/A,#N/A,#N/A,#N/A,#N/A,#N/A,#N/A,#VALUE!,,Business Continuity,Unknown,,10,Pre-Screen Low,-123.1133405,49.207392
835,INDU_2125_261 Central St / 260 Northern St_Harper Knudsen,261 Central St / 260 Northern St,,,,,,,,,,Harper Knudsen,5 - No Investment,City Owned,2125,1930-01,1930,Pre-code,"$982,763","5,031",195,1,0,The  261 Central St / 260 Northern St Building was constructed circa 1930. The building is provided mainly with systems and components originating from the initial building construction.,"The two-story building appears to be constructed on spread concrete footings with a slab on grade. The superstructure seems to be masonry concrete walls with wood beams supporting a roof deck with roof sheathing, and with wood joists supporting a mezzanine wood floor deck.  No significant deficiencies were observed to suggest differential settlement of the building foundations or movement of the building structure.
 
The building's exterior walls generally comprise of painted masonry wall finishes on the building elevations. The windows are single-paned glass set in painted wood frames. At the main entrance, is wood door set in painted wood frame, and the service doors are metal in metal frames. The roof covers include built-up at the flat roof assembly. Overall, the building envelope components appear to be in fair condition except the built-up roof, exterior windows doors are in poor condition.

The interior finishes in the building include vinyl floor tiles, exposed concrete flooring, painted wall assemblies, suspended acoustic ceiling panels, and exposed ceiling assemblies. Overall, the interior finishes appear to be in fair condition.",,,,Masonry Walls,,,,,,,,,,,,,,,,#N/A,,,,,,,,,,,,,,,,,,Regular,,,,,,99,,0,#N/A,#N/A,#N/A,#N/A,#N/A,#N/A,#N/A,#VALUE!,6%,,11-100,,1.2,High,-123.0990924,49.27153214
836,INDU_2124_271 Central St_Storage Warehouse,271 Central St,,,,,,,,,,Storage Warehouse,5 - No Investment,City Owned,2124,1930-01,1930,Pre-code,"$2,857,297","6,500",440,1,0,The 271 Central St Building was constructed circa 1930. The building is provided mainly with systems and components originating from the initial building construction.,"The single-story building appears to be constructed on spread concrete footings with a slab on grade. The superstructure seems to be of steel columns, beams and steel open web steel joists OWSJ.  No significant deficiencies were observed to suggest differential settlement of the building foundations or movement of the building structure.
 
The building's exterior walls generally comprise of corrugated fiberglass and metal cladding and painted wall finishes on the building elevations. At the main entrance and rear are industrial sliding wood doors. The roof covers include built-up at the flat roof assembly. Overall, the building envelope components appear to be in poor condition.

The interior finishes in the building include exposed concrete flooring and exposed ceiling assemblies. Overall, the interior finishes appear to be in fair condition.",,,,Metal Framed,,,,,,,,,,,,,,,,#N/A,,,,,,,,,,,,,,,,,,Regular,,,,,,99,,0,#N/A,#N/A,#N/A,#N/A,#N/A,#N/A,#N/A,#VALUE!,8%,,11-100,,0.5,High,-123.0989205,49.27148126
837,INDU_2122_260 & 268 Terminal Av,260 & 268 Terminal Av,,,,,,,,,,,5 - No Investment,City Owned,2122,1947-01,1947,1941,"$3,144,997","16,100",195,1,0,The 260 & 268 Terminal Av Building was constructed circa 1947. The building is provided mainly with systems and components originating from the initial building construction.,"The single-story building appears to be constructed on spread concrete footings with a slab on grade. The superstructure seems to be of cast in place concrete walls and wood joists with wood deck floor and roof sheathing systems.  No significant deficiencies were observed to suggest differential settlement of the building foundations or movement of the building structure.
 
The building's exterior walls generally comprise cast in place, masonry walls and painted wall finishes on the building elevations. The windows are single-paned glass set in painted wood frames. At the main entrance, is wood doors in wood frames and the rear doors are industrial sliding wood doors. The roof covers include built-up at the flat roof assembly. Overall, the building envelope components appear to be in good condition except the exterior painted walls and exterior wood doors, and built-up roofing are in fair condition.

The interior finishes in the building include ceramic floor tiles, exposed concrete flooring, painted wall assemblies, and exposed ceiling assemblies. Overall, the interior finishes appear to be in fair condition.",,,,Concrete Structure,,,,,,,,,,,,,,,,#N/A,,,,,,,,,,,,,,,,,,Regular,,,,,,99,,0,#N/A,#N/A,#N/A,#N/A,#N/A,#N/A,#N/A,#VALUE!,15%,,11-100,,0.8,High,-123.0986392,49.27216575
840,RECR_1150_4397 W 2nd Av_West Point Grey Community Centre - Aberthau Mansion,4397 W 2nd Av,Phase 1,,,,,,,,,West Point Grey Community Centre - Aberthau Mansion,2 - Moderate Investment,City Owned,1149,1913-01,1913,Pre-code,"$5,446,558","18,933",288,3,0,"The West Point Grey Community Centre ""Aberthau Mansion"" is understood to have been constructed circa 1913 and is a registered heritage building. The building is largely provided with systems and components originating from the restoration which was completed circa 1974. Some of the known renewals are:
- Exterior stucco and wood siding finishes were updated circa 1974.
- Kitchen wood cabinets and countertops, washroom vanities and partitions, some interior doors and the plaster ceiling were updated circa 1974.
- Building cedar shakes roofing, gutters and downspouts were replaced circa 1993.
- Floor carpets, wall painting and ceiling painting were updated circa 2000.","The three-storey building with basement appears to be constructed on spread and continuous footings. Where exposed, the superstructure appears to be of wood-framed, construction.  No significant deficiencies were observed to suggest differential settlement of the building foundations or movement of the building structure.

The building exterior walls are generally comprised of natural stone and stucco with painted wood trims on building elevations. The building windows are typical of wood-framed single glass units. The exterior entrance doors are typically wood doors with single-glass panels. The sloped roof cover is cedar shakes roof assembly with metal gutters and downspouts. Overall, the building envelope components appear to be in fair to good condition with the exception of the exterior windows at canopy of the south elevation and the roofing which are in poor condition.

The interior finishes in the building include carpet flooring, vinyl sheet flooring, vinyl floor tiles, hardwood flooring, ceramic flooring, painted walls, wood wall panels, ceramic wall tiles, wood ceiling finish, crown moulding and painted ceiling assemblies. The interior finishes appear to be in fair to good condition overall with the exception of the vinyl sheet flooring which is in poor condition.",A (M),1974,,Wood Framed,,,,,,,,,,,,,,,,#N/A,,,,,,,,,,,,,,,,,,Regular,,,,,,99,,0,#N/A,#N/A,#N/A,#N/A,#N/A,#N/A,#N/A,#VALUE!,3%,Emergency Shelter,101-1000,,0.4,High,-123.2051438,49.27161907
841,RECR_1150_4397 W 2nd Av_West Point Grey Community Centre - Pottery Building,4397 W 2nd Av,Phase 1,,,,,,,,,West Point Grey Community Centre - Pottery Building,2 - Moderate Investment,City Owned,1149,1909-01,1909,Pre-code,"$444,558","2,054",216,2,0,"The Pottery building is understood to have been constructed circa 1909 and was partially renovated circa 1996. The building is largely provided with systems and components originating from the initial building construction. Known renewals include:
- New paint for interior walls circa 1996
- New paint for exterior wood siding circa 1996
- New wall insulation at basement circa 1996
- New kitchen cabinets, shelves and vinyl sheet flooring circa 1996","The two-storey building with a basement appears to be constructed on stone spread footings. Where exposed, the superstructure appears to be of wood-framed construction.  No significant deficiencies were observed to suggest differential settlement of the building foundations or movement of the building structure.

The building exterior walls are generally comprised of stucco and painted wood siding. The building windows are typical of wood-framed single glass units. The exterior entrance door is a wood single-door with in-fill glass panel. The roof cover is cedar shakes roofing. Overall, the building envelope components appear to be in fair condition.

The interior finishes in the building include vinyl floor tiles, vinyl sheet flooring, painted wall assemblies, wood wall panels, and painted wood ceiling assemblies. The interior finishes appear to be in poor to fair condition.",,1996,,Wood Framed,,,,,,,,,,,,,,,,#N/A,,,,,,,,,,,,,,,,,,Regular,,,,,,99,,0,#N/A,#N/A,#N/A,#N/A,#N/A,#N/A,#N/A,#VALUE!,,Emergency Shelter,Unknown,,10,Pre-Screen Low,-123.2044884,49.27144883
842,CWYD_1347_290 E 51st Av_Sunset Nursery - Greenhouses,290 E 51st Av,Phase 1,,,,,,,,,Sunset Nursery - Greenhouses,3 - Limited Investment,City Owned,1347,1950-01,1950,1941,"$1,510,159","27,000",56,1,0,"The Sunset Nursery is provided with 13 Greenhouses of various types, sizes, and ages. Each greenhouse has a specific use / purpose; however, in general all are used in support of the growing and caring of select plantings. The age of the structures appears to vary; however, details pertaining to the years of constructions were not available at the time of the assessment.","Each Greenhouse is a single-storey structure, generally constructed with a steel frame. A total of 6 Greenhouses are constructed with single pane glass, which are also generally provided concrete walkways and stainless steel tray tables. The other 7 Greenhouses are covered with a polyethylene sheeting, understood to have been renewed for all Greenhouses in 2018. Overall, the greenhouses appear to be in good to fair condition, with the exception of the Brown Poly and Greenhouse #6, which are considered to be in poor condition.",,2018,,Metal Framed,,,,,,,,,,,,,,,,#N/A,,,,,,,,,,,,,,,,,,Regular,,,,,,99,,0,#N/A,#N/A,#N/A,#N/A,#N/A,#N/A,#N/A,#VALUE!,,,,,,Pre-Screen Low,-123.1005954,49.22298552
844,POLI_7083_209 E Waterfront Road_Police Boat Shed,209 E Waterfront Road,,,,,,,,,,Police Boat Shed,4 - Minimal Investment,City Owned,7083,2011-01,2011,2010,"$395,631","2,000",198,1,0,,,,,,,,,,,,,,,,,,,,,,#N/A,,,,,,,,,,,,,,,,,,Regular,,,,,,99,,0,#N/A,#N/A,#N/A,#N/A,#N/A,#N/A,#N/A,#VALUE!,,Emergency Response - D,Unknown,,10,Pre-Screen Low,-123.1003584,49.28628619
847,CWYD_1872_299 W 70th Av_Manitoba Yards - EQS - Shop Garage / Equipment Services Building,299 W 70th Av,Phase 1,,,,,,,,,Manitoba Yards - EQS - Shop Garage / Equipment Services Building,3 - Limited Investment,City Owned,1872,1966-01,1966,1965,"$34,687,491","110,653",313,1,0,The EQS - Shop Garage / Equipment Services Building was constructed circa 1966. The building is provided mainly with systems and components originating from the initial building construction.,"The single-story building with mezzanine appears to be constructed on spread concrete footings with a slab on grade. The superstructure seems to be of concrete floor and metal roof construction.  Foundation and Exterior Wall cracks.

The building's exterior walls generally comprise concrete tilt-up walls and metal cladding on the building elevations. The windows are typical of metal-framed insulated glass units (IGUs). At the main entrance, exterior doors are glass doors set in aluminum frames, and the service doors are hollow metal doors in metal frames. The roof covers include 2-ply modified bituminous at the flat roof assembly and a metal roof at the canopies. 

The interior finishes in the building include ceramic floor tiles, vinyl floor tiles, carpet floor tiles, traffic topping, painted wall assemblies, ceramic wall tiles, painted ceiling assemblies, and suspended acoustic tile ceiling assemblies.",,,,Masonry Walls,,,,,,,,,,,,,,,,#N/A,,,,,,,,,,,,,,,,,,Regular,,,,,,99,,0,#N/A,#N/A,#N/A,#N/A,#N/A,#N/A,#N/A,#VALUE!,15%,Business Continuity,11 - 100,,0.6,High,-123.1134762,49.20973764
848,CWYD_1872_275 W 70th Av_Manitoba Yards - QSL - Quick Service Lane Building,275 W 70th Av,Phase 1,,,,,,,,,Manitoba Yards - QSL - Quick Service Lane Building,3 - Limited Investment,City Owned,1872,1966-01,1966,1965,"$774,349","3,230",240,1,0,The QSL - Quick Service Lane Building was constructed circa 1966. The building is provided mainly with systems and components originating from the initial building construction.,"The single-story building appears to be constructed on spread concrete footings with a slab on grade. The superstructure seems to be of concrete and metal columns and metal roof construction.  

The building's exterior walls generally comprise concrete block walls and metal cladding on the building elevations. The windows are typical of metal-framed insulated glass units (IGUs). At the main entrance, exterior doors are glass doors set in aluminum frames, and the service doors are hollow metal doors in metal frames. The roof covers include 2-ply modified bituminous and a BUR roof at the flat roof assemblies.

The interior finishes in the building include ceramic floor tiles, vinyl floor tiles, carpet floor tiles, traffic topping, painted wall assemblies, ceramic wall tiles, painted ceiling assemblies, and suspended acoustic tile ceiling assemblies.",,,,Masonry Walls,,,,,,,,,,,,,,,,#N/A,,,,,,,,,,,,,,,,,,Regular,,,,,,99,,0,#N/A,#N/A,#N/A,#N/A,#N/A,#N/A,#N/A,#VALUE!,13%,Business Continuity,0-10,,0.4,High,-123.1120278,49.20949975
849,CWYD_1872_250 W 70th Av_Manitoba Yards - Gate House,250 W 70th Av,Phase 1,,,,,,,,,Manitoba Yards - Gate House,4 - Minimal Investment,City Owned,1872,1966-01,1966,1965,"$70,226",55,"1,277",1,0,Gate House is understood to have been constructed circa 1966. The building is largely provided with systems and components originating from the initial building construction.,"The single-storey building appears to be constructed on spread footings. Where exposed, the superstructure appears to be of concrete and steel construction. Step cracks were observed in the concrete block.

The building exterior walls are generally comprised of concrete block and metal siding on the building elevations. The building windows are combination of the metal and vinyl framed, single and  insulated glass units (IGUs). The exterior entrance door is a sliding glass door. The roof cover is a 2-ply modified bituminous roof assembly. Overall, the building envelope components appear to be in fair condition.

The interior finishes in the building include vinyl sheet flooring, painted wall assemblies, and painted ceiling assemblies. The interior finishes appear to be in poor condition overall.",,,,Concrete Structure,,,,,,,,,,,,,,,,#N/A,,,,,,,,,,,,,,,,,,Regular,,,,,,99,,0,#N/A,#N/A,#N/A,#N/A,#N/A,#N/A,#N/A,#VALUE!,,Business Continuity,Unknown,,10,Pre-Screen Low,-123.111714,49.2087026
850,CWYD_1872_250 W 70th Av_Manitoba Yards - Administration Office & Operations Building,250 W 70th Av,Phase 1,,,,,,,,,Manitoba Yards - Administration Office & Operations Building,3 - Limited Investment,City Owned,1872,1966-01,1966,1965,"$8,078,546","23,680",341,2,0,The Administration Office & Operations Building was constructed circa 1966. The building is provided mainly with systems and components originating from the initial building construction.,"The two-story building appears to be constructed on spread concrete footings with a slab on grade. The superstructure seems to be of concrete floor and metal roof construction.  No significant deficiencies were observed to suggest differential settlement of the building foundations or movement of the building structure.
 
The building's exterior walls generally comprise concrete block walls and metal cladding on the building elevations. The windows are typical of metal-framed single glass units. At the main entrance, exterior doors are glass doors set in aluminum frames, and the service doors are hollow metal doors in metal frames. The roof covers include 2-ply modified bituminous at the flat roof assembly and a built-up roof. Overall, the building envelope components appear to be in good condition except the exterior painted walls are in fair condition.

The interior finishes in the building include ceramic floor tiles, vinyl floor tiles, carpet flooring, painted wall assemblies, ceramic wall tiles, painted ceiling assemblies, and suspended acoustic tile ceiling assemblies. Overall, the interior finishes appear to be in good condition.",,,,Concrete Structure,,,,,,,,,,,,,,,,#N/A,,,,,,,,,,,,,,,,,,Regular,,,,,,99,,0,#N/A,#N/A,#N/A,#N/A,#N/A,#N/A,#N/A,#VALUE!,8%,Business Continuity,101-1000,,0.6,High,-123.1115063,49.20845814
851,CWYD_1872_250 W 70th Av_Manitoba Yards - Sewer Operations Trailer,250 W 70th Av,Phase 1,,,,,,,,,Manitoba Yards - Sewer Operations Trailer,4 - Minimal Investment,City Owned,1872,1999-01,1999,1995,"$532,215","2,220",240,1,0,The Sewer Operations Trailer is understood to have been constructed circa 1999. The trailer was moved to its current site in 2010.,"The single-storey prefabricated office trailer is constructed on blocks/skids and includes siding, skirting and wood decks.  No significant deficiencies were observed to suggest differential settlement of the building foundations or movement of the building structure.

The building exterior walls are generally comprised of wood siding on all building elevations. The building windows are typically of vinyl framed insulated glass units (IGUs). The exterior entrance doors are typically metal doors. The roof cover is a EPDM roof assembly. Overall, the building envelope components appear to be in poor condition. With the exception of the exterior windows which are in good condition.

The interior finishes in the building include vinyl floor tiles, wall paper and acoustical ceiling tiles assemblies. The interior finishes appear to be in good condition overall, with the exception of vinyl floor tiles which are in poor condition.",,,,Wood Framed,,,,,,,,,,,,,,,,#N/A,,,,,,,,,,,,,,,,,,Regular,,,,,,99,,0,#N/A,#N/A,#N/A,#N/A,#N/A,#N/A,#N/A,#VALUE!,,Business Continuity,Unknown,,10,Pre-Screen Low,-123.1122303,49.2084233
852,CWYD_1872_250 W 70th Av_Manitoba Yards - H.R. Trailer,250 W 70th Av,Phase 1,,,,,,,,,Manitoba Yards - H.R. Trailer,4 - Minimal Investment,City Owned,1872,2009-01,2009,2005,"$201,379",840,240,1,0,H.R trailer is understood to have been constructed circa 2009. The Building is largely provided with systems and components originating from the initial building construction.,"The single-storey prefabricated office trailer without a basement is constructed on blocks/skids and includes siding, skirting and wood decks.  No significant deficiencies were observed to suggest differential settlement of the building foundations or movement of the building structure.

The building exterior walls are generally comprised of wood siding on all building elevations. The original building windows are typically of vinyl framed insulated glass units (IGUs). The exterior entrance doors are typically metal frame. The roof cover is an EPDM roof assembly. Overall, the building envelope components appear to be in good condition.

The interior finishes in the building include vinyl sheet floor, wall paper assemblies and suspended acoustic tile ceiling assemblies. The interior finishes appear to be in good condition overall.",,,,Wood Framed,,,,,,,,,,,,,,,,#N/A,,,,,,,,,,,,,,,,,,Regular,,,,,,99,,0,#N/A,#N/A,#N/A,#N/A,#N/A,#N/A,#N/A,#VALUE!,,Business Continuity,Unknown,,10,Pre-Screen Low,-123.1120922,49.2084407
853,CWYD_1872_250 W 70th Av_Manitoba Yards - Truck Shelter North / CNG Slow Fuel,250 W 70th Av,Phase 1,,,,,,,,,Manitoba Yards - Truck Shelter North / CNG Slow Fuel,3 - Limited Investment,City Owned,1872,1966-01,1966,1965,"$972,678","8,704",112,1,0,Truck Shelter North is understood to have been constructed circa 1966. The building is largely provided with systems and components originating from the initial building construction.,"The single-storey building appears to be constructed on spread footings. Where exposed, the superstructure appears to be of concrete construction and metal beam. Cracks were observed in several concrete beams. A study is required for the structural of the building.

The building exterior walls are generally comprised of concrete masonry on the west building elevation. The roof cover is a metal roof assembly. Overall, the building envelope components appear to be in good condition.",,,,Concrete Structure,,,,,,,,,,,,,,,,#N/A,,,,,,,,,,,,,,,,,,Regular,,,,,,99,,0,#N/A,#N/A,#N/A,#N/A,#N/A,#N/A,#N/A,#VALUE!,,Business Continuity,,,,Pre-Screen Low,-123.1117998,49.20794275
854,CWYD_1872_250 W 70th Av_Manitoba Yards - Truck Shelter South,250 W 70th Av,Phase 1,,,,,,,,,Manitoba Yards - Truck Shelter South,3 - Limited Investment,City Owned,1872,1966-01,1966,1965,"$979,953","8,220",119,1,0,Truck Shelter South is understood to have been constructed circa 1966. The building is largely provided with systems and components originating from the initial building construction.,"The single-storey open building appears to be constructed on spread footings. Where exposed, the superstructure appears to be of steel framed construction.  Cracks in foundation and study is recommended.

The building exterior walls are generally comprised of concrete block on the west building elevation. The roof cover is a metal roof assembly. The roof is in poor condition",,,,Metal Framed,,,,,,,,,,,,,,,,#N/A,,,,,,,,,,,,,,,,,,Regular,,,,,,99,,0,#N/A,#N/A,#N/A,#N/A,#N/A,#N/A,#N/A,#VALUE!,,Business Continuity,,,,Pre-Screen Low,-123.1118156,49.20769949
855,CWYD_1872_260 W 70th Av_Manitoba Yards - Sanitation Relay Station,260 W 70th Av,Phase 1,,,,,,,,,Manitoba Yards - Sanitation Relay Station,3 - Limited Investment,City Owned,1872,1966-01,1966,1965,"$1,512,590","6,835",221,1,0,The Sanitation Relay Station was constructed circa 1966 and was reconfigured in 1980. The building is provided mainly with systems and components originating from the initial building construction.,"The single-story building appears to be constructed on spread concrete footings with a slab on grade. The superstructure seems to be of concrete columns and wood roof construction.  No significant deficiencies were observed to suggest differential settlement of the building foundations or movement of the building structure.

The building exterior walls generally comprise concrete walls and metal cladding on the building elevations. The windows are typical of metal-framed single glass units. The exterior doors are hollow metal doors in metal frames. The roof covers include 2-ply modified bituminous at the flat roof assembly. Overall, the building envelope components appear to be in good condition except the exterior painted walls are in fair condition.

The interior finishes in the building include ceramic floor tiles, vinyl floor tiles, painted wall assemblies, ceramic wall tiles, painted wood ceiling assemblies, and suspended acoustic tile ceiling assemblies. Overall, the interior finishes appear to be in fair condition.",,,,Masonry Walls,,,,,,,,,,,,,,,,#N/A,,,,,,,,,,,,,,,,,,Regular,,,,,,99,,0,#N/A,#N/A,#N/A,#N/A,#N/A,#N/A,#N/A,#VALUE!,15%,Business Continuity,11-100,,0.1,High,-123.1117808,49.20723357
856,CWYD_1872_280 W 70th Av_Manitoba Yards - Central Stores & Water Works Shop,280 W 70th Av,Phase 1,,,,,,,,,Manitoba Yards - Central Stores & Water Works Shop,3 - Limited Investment,City Owned,1872,1966-01,1966,1965,"$9,515,930","43,000",221,1,0,"The Central Stores & Water Works Shop Building was constructed circa 1966 and was reconfigured in 1995,. The building is provided mainly with systems and components originating from the initial building construction.","The two-story building appears to be constructed on spread concrete footings with a slab on grade. The superstructure seems to be of concrete floor and metal roof construction.  Corrosion on steel beams and girders and cracks on exterior walls.

The building's exterior walls generally comprise concrete tilt-up walls and metal cladding on the building elevations. The windows are typical of metal-framed insulated glass units (IGUs). At the main entrance, exterior doors are glass doors set in aluminum frames, and the service doors are hollow metal doors in metal frames. The roof covers include 2-ply modified bituminous at the flat roof assembly and a metal roof at the sloping roof. 

The interior finishes in the building include ceramic floor tiles, vinyl floor tiles, painted wall assemblies, ceramic wall tiles, painted ceiling assemblies, and suspended acoustic tile ceiling assemblies.",,,,Concrete Structure,,,,,,,,,,,,,,,,#N/A,,,,,,,,,,,,,,,,,,Regular,,,,,,99,,0,#N/A,#N/A,#N/A,#N/A,#N/A,#N/A,#N/A,#VALUE!,8%,Business Continuity,101-1000,,0.1,High,-123.1129928,49.20817529
857,CWYD_1872_250 W 70th Av_Manitoba Yards - Wash Rack / Equipment Storage Building,250 W 70th Av,Phase 1,,,,,,,,,Manitoba Yards - Wash Rack / Equipment Storage Building,4 - Minimal Investment,City Owned,1872,1966-01,1966,1965,"$2,951,266","13,336",221,1,0,The Wash Rack / Equipment Storage Building is understood to have been constructed circa 1966. The building is largely provided with systems and components originating from the initial building construction.,"The single-storey building appears to be constructed on spread footings. Where exposed, the superstructure appears to be of steel framed construction. Some columns require replacement.

The building exterior walls are generally comprised of metal siding on the building elevations. The exterior doors are metal doors. The roof cover is a 2-ply modified bituminous roof assembly.  Overall, the building envelope components appear to be in fair condition.",,,,Metal Framed,,,,,,,,,,,,,,,,#N/A,,,,,,,,,,,,,,,,,,Regular,,,,,,99,,0,#N/A,#N/A,#N/A,#N/A,#N/A,#N/A,#N/A,#VALUE!,,Business Continuity,,,,Pre-Screen Low,-123.1130715,49.20914393
858,CWYD_1872_250 W 70th Av_Manitoba Yards - Hydro Vac / Storage Bunkers,250 W 70th Av,Phase 1,,,,,,,,,Manitoba Yards - Hydro Vac / Storage Bunkers,3 - Limited Investment,City Owned,1872,1966-01,1966,1965,"$1,488,026","6,724",221,1,0,Hydro Vac / Storage Bunkers is understood to have been constructed circa 1966. The building is largely provided with systems and components originating from the initial building construction.,"The single-storey building appears to be constructed on spread footings. Where exposed, the superstructure appears to be of wood and concrete framed construction. Building foundation and structure of building is recommended to be remediated.

The building exterior walls are generally comprised of exposed concrete on all building elevations. The exterior door is metal door. The roof cover is a metal roof assembly. Overall, the building envelope components appear to be in poor condition.",,,,Concrete Structure,,,,,,,,,,,,,,,,#N/A,,,,,,,,,,,,,,,,,,Regular,,,,,,99,,0,#N/A,#N/A,#N/A,#N/A,#N/A,#N/A,#N/A,#VALUE!,13%,Business Continuity,0-10,,0,High,-123.1143673,49.20795259
859,CWYD_1872_250 W 70th Av_Manitoba Yards - CNG Fast Fuel (Sanitation Equipment Shelter East),250 W 70th Av,Phase 1,,,,,,,,,Manitoba Yards - CNG Fast Fuel (Sanitation Equipment Shelter East),2 - Moderate Investment,City Owned,1872,1966-01,1966,1965,"$475,294","3,222",148,1,0,Sanitation Equipment Shelter East is understood to have been constructed circa 1966. The building is largely provided with systems and components originating from the initial building construction.,"The single-storey building appears to be constructed on spread footings. Where exposed, the superstructure appears to be of concrete construction. Cracks were observed in several concrete beams. A study is recommended.

The building exterior walls are generally comprised of concrete on all building elevations. The roof cover is a metal roof assembly. Overall, the building envelope components appear to be in good condition.",,,,Concrete Structure,,,,,,,,,,,,,,,,#N/A,,,,,,,,,,,,,,,,,,Regular,,,,,,99,,0,#N/A,#N/A,#N/A,#N/A,#N/A,#N/A,#N/A,#VALUE!,,Business Continuity,Unknown,,10,Pre-Screen Low,-123.1107995,49.20697381
860,CWYD_1872_250 W 70th Av_Manitoba Yards - Sanitation Equipment Shelter West,250 W 70th Av,Phase 1,,,,,,,,,Manitoba Yards - Sanitation Equipment Shelter West,3 - Limited Investment,City Owned,1872,1966-01,1966,1965,"$785,960","5,328",148,1,0,Sanitation Equipment Shelter West is understood to have been constructed circa 1966. The building is largely provided with systems and components originating from the initial building construction.,"The single-storey building appears to be constructed on spread footings. Where exposed, the superstructure appears to be of concrete construction.  Cracks were observed in several concrete beams. A study is recommended.

The building exterior walls are generally comprised of concrete on the building elevations. The roof cover is a metal roof assembly. Overall, the building envelope components appear to be in good condition.",,,,Concrete Structure,,,,,,,,,,,,,,,,#N/A,,,,,,,,,,,,,,,,,,Regular,,,,,,99,,0,#N/A,#N/A,#N/A,#N/A,#N/A,#N/A,#N/A,#VALUE!,,Business Continuity,,,,Pre-Screen Low,-123.1118432,49.20697829
864,POLI_8222_1570 Kootenay St_Police Headquarters 1,1570 Kootenay St,,,,,,,,,,Police Headquarters 1,3 - Limited Investment,City Owned,8222,1984-01,1984,1980,"$41,603,828","121,950",341,2,0,"The Kootenay Street Police Headquarters is understood to have been constructed circa 1984. An addition was constructed on the north side of the building in approximately 1995. Renovations in the building were reportedly conducted circa 2007 and 2011 which included renovations to forensic laboratories, and staff change rooms on the second floor.","The two-storey building is presumably constructed over concrete piles and perimeter foundation walls. Where exposed, the superstructure appears to be of steel-frame construction.  No significant deficiencies were observed to suggest differential settlement of the building foundations or movement of the building structure.

The building exterior walls are generally comprised of pre-finished metal wall panels. The exterior windows are typically comprised of insulating glazing units set in fixed aluminum frames, although single-pane glazing is installed in the stairwells of the original 1984 building. The exterior entrance doors of the original building are typically glazed units set in aluminum frames. The service doors on the building perimeter are hollow metal doors in metal frames. A sectional metal overhead door serves the garage at the building's northeast corner. The roof cover is a 2-ply modified bituminous roof assembly. Multiple rows of skylights comprised of insulating glazing units and pre-finished metal paneling are constructed above the west side of the original building. Overall, the building envelope components appear to be in fair condition. Stained and damaged sections of metal cladding were observed along the building's north elevation. Frequent leakage and blistering of the modified bituminous roofing assembly was reported above the 1995 addition. The skylight assembly above the original building experiences periodic leakage and is understood to include seismic design limitations.

The interior finishes in the building include sheet carpet flooring, sheet vinyl flooring, ceramic floor tiles, access flooring, hardwood flooring, and rubber panel flooring. Wall surfaces are typically comprised of painted gypsum board, although ceramic wall tiles are installed in washrooms and change rooms. Ceilings are typically finished with a suspended acoustic panel assembly, while washrooms include a painted gypsum board finish. The interior finishes appear to be in fair to good condition overall, with the exception of carpet flooring, and resilient stair finishes in the original building, which were in poor condition.",,"1995, 2007, 2011",,Metal Framed,,,,,,,,,,,,,,,,#N/A,,,,,,,,,,,,,,,,,,Regular,,,,,,99,,0,#N/A,#N/A,#N/A,#N/A,#N/A,#N/A,#N/A,#VALUE!,2.5%,Responder,101-1000,,1.6,Medium,-123.0261233,49.27130951
865,POLI_8222_3585 Graveley St_Police Headquarters 1,3585 Graveley St,,,,,,,,,,Police Headquarters 1,2 - Moderate Investment,City Owned,8222,2001-01,2001,1995,"$50,300,205","147,441",341,7,0,"The Graveley Street Police Headquarters is understood to have been constructed circa 2001. Renovations in the building were reportedly conducted circa 2017 which included renovations to the 6th floor office space, and the main floor cafeteria.","The seven-storey building is constructed over a five-level underground parking garage (which has been reported separately). Where exposed, the superstructure appears to be of concrete construction, although the building has a steel-framed roof structure.  No significant deficiencies were observed to suggest differential settlement of the building foundations or movement of the building structure.

The building exterior walls are comprised primarily of a glazed curtain wall assembly with insulating glass set within aluminum framework. Window wall assemblies of similar construction are installed around the first and second floors on the building's north, south and west elevations. Exterior aluminum-framed windows with insulating glass are installed on the north, south, and west elevations. Concrete surfaces forming part of the building superstructure are left exposed in select areas. The exterior entrance doors are single or double-door assemblies with full-height glazing set in aluminum frames. The service and utility doors on the building perimeter are hollow metal doors in metal frames. Five (5) sectional metal overhead doors are installed on the east elevation of the main floor to serve the stores / loading area. The roof cover is a 2-ply modified bituminous roof assembly. Protected membrane roof assemblies are installed on outdoor terrace roofs located on the west elevation of the 2nd, 6th, and 7th floors. Overall, the building envelope components appear to be in fair condition. Further investigation is recommended to determine the source and extent of moisture infiltration through the curtain wall assembly, and concrete wall surfaces on the building's west elevation. Repairs to the modified bitumen roofing assembly are required to address reports of blistering, wrinkling and leakage.

The interior finishes in the building include carpet tile flooring, sheet vinyl flooring, ceramic floor tiles, access flooring, vinyl tile flooring, and sheet rubber flooring. Wall surfaces are typically comprised of painted gypsum board, although ceramic wall tiles are installed in washrooms and change rooms. Ceilings are typically finished with a suspended acoustic panel assembly, while washrooms include a painted gypsum board finish. A paint finish is also applied to the exposed steel roof structure in the central atrium. The interior finishes appear to be in fair to good condition overall.",,N/A,,Concrete Structure,,,,,,,,,,,,,,,,#N/A,,,,,,,,,,,,,,,,,,Regular,,,,,,99,,0,#N/A,#N/A,#N/A,#N/A,#N/A,#N/A,#N/A,#VALUE!,,Responder,1000+,,3.8,Low,-123.025816,49.27074653
871,ENEX_1825_2901 E Hastings St_PNE - Administration Building/Hastings Room,2901 E Hastings St,,,,,,,,,,PNE - Administration Building/Hastings Room,3 - Limited Investment,City Owned,1825,1955-01,1955,1953,"$6,345,479","18,600",341,2,0,"The Buildings are largely provided with systems and components originating from the initial building construction. Known renewals include:
- Interior glass door in the Administration Building updated circa 2019
- The laminated flooring in the Administration Building updated circa 2019","The exterior walls of the building are mainly painted concrete, stucco and ceramic tiles. The windows are typically single glazed units with metal frames and some insulated glass units with aluminium frames. Exterior access doors are a combination of metal, wood and glass construction. The roof elevations are covered with modified bitumen membrane assemblies. The interior finishes throughout the building include vinyl sheets flooring, vinyl tiles, linoleum, ceramic tiles flooring, carpet flooring, exposed concrete flooring, wood wall panels, painted drywall finishes, ceramic tiles wall finishes, painted ceiling assemblies, adhered acoustical ceiling tiles and suspended acoustical ceiling tiles.",,2019,,Concrete Structure,,,,,,,,,,,,,,,,#N/A,,,,,,,,,,,,,,,,,,Regular,,,,,,99,,0,#N/A,#N/A,#N/A,#N/A,#N/A,#N/A,#N/A,#VALUE!,13%,High Occupancy,101-1000,,-0.6,High,-123.0415132,49.282604
872,ENEX_1827_2901 E Hastings St_PNE - Tech Services Building,2901 E Hastings St,,,,,,,,,,PNE - Tech Services Building,3 - Limited Investment,City Owned,1827,1964-01,1964,1960,"$4,582,803","19,116",240,1,0,"The Buildings are largely provided with systems and components originating from the initial building construction. Known renewals include:
- The wood laminated floor finish in the office area of the second floor upgrade circa 2017
- The carpet floor in the office are area of the second floor upgrade circa 2017
- Flat roof was replaced circa 2011","The exterior walls of the building are mainly painted concrete and metal cladding at the roof elevation. The windows are typically single glass unit. Exterior access doors are a combination of metal and wood construction and metal overhead doors. The roof elevations are covered with modified bitumen membrane. The interior finishes throughout the building include vinyl sheets flooring, vinyl tiles flooring, ceramic tiles flooring, painted concrete flooring, carpet flooring, wood wall panels, painted drywall finishes, painted concrete wall, ceramic tiles wall finish, painted ceiling assemblies, adhered acoustical ceiling tiles.",,2017,,Concrete Structure,,,,,,,,,,,,,,,,#N/A,,,,,,,,,,,,,,,,,,Regular,,,,,,99,,0,#N/A,#N/A,#N/A,#N/A,#N/A,#N/A,#N/A,#VALUE!,10%,High Occupancy,101-1000,,1,High,-123.0426365,49.2881122
873,ENEX_1827_2901 E Hastings St_PNE - Tech Services Storage Building,2901 E Hastings St,,,,,,,,,,PNE - Tech Services Storage Building,3 - Limited Investment,City Owned,1827,1964-01,1964,1960,"$2,417,743","10,085",240,1,0,"The Buildings are largely provided with systems and components originating from the initial building construction. Known renewals include:
- Flat roof was replaced circa 2011.","The exterior walls of the building are mainly wood siding and painted concrete block. The windows are typically single glass unit with wood frames. Exterior access doors are wood construction and one industrial wood sliding door. The roof elevations are covered with modified bitumen membrane. The interior finishes throughout the building include exposed concrete flooring, vinyl tiles flooring, wood wall panels, painted wall finishes, painted ceiling assemblies, suspended acoustical panels and exposed wood ceiling.",,,,Wood Framed,,,,,,,,,,,,,,,,#N/A,,,,,,,,,,,,,,,,,,Regular,,,,,,99,,0,#N/A,#N/A,#N/A,#N/A,#N/A,#N/A,#N/A,#VALUE!,,,Unknown,,,Pre-Screen Low,-123.0421269,49.28802928
875,PARK_1303_4600 Cambie St_Vancouver Lawn Bowling Club - Storage,4600 Cambie St,,,,,,,,,,Vancouver Lawn Bowling Club - Storage,3 - Limited Investment,City Owned,1303,1960-01,1960,1960,"$50,899",230,221,1,0,The building was constructed circa 1960. The building is provided mainly with systems and components originating from the initial building construction.,"The single-storey building foundation are likely standard foundations bearing on good native firm soil. The slab on grade appears to be cast in place concrete continuously supported by a moisture barrier on a free draining gravel. A visual site confirmation to determine if the element is a potential structural slab was not possible.

The single-storey building is likely be wood columns, wood beams and truss roof suspended sloped roof structure.

The exterior walls consist of wood siding, masonry natural stone siding. The exterior doors include wood double-doors . The roof covering includes wood shakes roofing and conventional modified bitumen roofing.

The interior partitions are painted gypsum wallboard. 

The interior floor finishes include sealed floor finish.  The interior wall include wood wall finish and the interior ceiling finishes include painted gypsum board.",,1960,,Wood Framed,,,,,,,,,,,,,,,,#N/A,,,,,,,,,,,,,,,,,,Regular,,,,,,99,,0,#N/A,#N/A,#N/A,#N/A,#N/A,#N/A,#N/A,#VALUE!,,,Unknown,,10,Pre-Screen Low,-123.1118012,49.24031825
878,INDU_7713_1688 Main St Unit B,1688 Main St Unit B,,,,,,,,,,,5 - No Investment,City Owned,7713,1965-01,1965,1965,"$992,269","4,139",240,1,0,The 1688 Main St Unit B is understood to have been constructed circa 1965. The building is largely provided with systems and components originating from the initial building construction. The roof was replaced 2014 and some of the interior finishes updated 1988 and 2021.,"The single-storey building with a mezzanine level appears to be constructed on spread footings. Where exposed, the superstructure appears to be of masonry block construction. Overall, the foundation appears to be in good condition.

The building exterior walls are generally comprised of split-face masonry and metal cladding on the building elevations. The building windows are typically of metal framed single glass units. The exterior entrance doors are typically glass doors set in aluminum frames. The overhead doors are of metal construction with single pane lite inserts. The roof cover is a 2-ply modified bituminous roof assembly. Overall, the building envelope components appear to be in good condition with the exception of windows which are in poor condition.

The interior finishes in the building include ceramic floor tiles, vinyl floor tiles and sheet flooring, sealed concrete floor, painted wall assemblies, painted ceiling assemblies and suspended acoustic tile ceiling assemblies. The interior finishes appear to be in fair to good condition overall.",,,,Masonry Walls,,,,,,,,,,,,,,,,#N/A,,,,,,,,,,,,,,,,,,Regular,,,,,,99,,0,#N/A,#N/A,#N/A,#N/A,#N/A,#N/A,#N/A,#VALUE!,13%,,0-10,,0.2,High,-123.1000137,49.27027314
888,PARK_1305_5251 Oak St_VanDusen Garden - Shaughnessy Restaurant,5251 Oak St,,,,,,,,,,VanDusen Garden - Shaughnessy Restaurant,3 - Limited Investment,City Owned,1305,1975-01,1975,1975,"$2,087,733","7,076",295,1,0,"Shaughnessy Restaurant is understood to have been constructed circa 1975. The building is largely provided with systems and components originating from the initial building construction. Known renewals include:
- Kitchen and electrical roof was replaced circa 2019
- The exterior wood sidings were replaced circa 2012
- The majority of interior finishes and fittings were upgraded circa 2003","The single-storey building appears to be constructed on spread footings. Where exposed, the superstructure appears to be of wood framed construction.  No significant deficiencies were observed to suggest differential settlement of the building foundations or movement of the building structure.

The building exterior walls are generally comprised of wood siding walls on all building elevations. The building windows are typically metal-framed units with insulating or single-pane glass. The exterior entrance doors are typically glass doors set in aluminum frames. The service doors are hollow metal doors in metal frames. The roof cover is a 2-ply modified bituminous roof assembly. Overall, the building envelope components appear to be in good to fair condition.

The interior finishes in the building include ceramic floor tiles, vinyl sheet flooring, hardwood flooring, carpet flooring, carpet floor tiles, painted wall assemblies, ceramic wall tiles, wood wall paneling, painted ceiling assemblies, wood ceiling panels and suspended acoustic tile ceiling assemblies. The interior finishes appear to be in good to fair condition overall.",,,,Wood Framed,,,,,,,,,,,,,,,,#N/A,,,,,,,,,,,,,,,,,,Regular,,,,,,99,,0,#N/A,#N/A,#N/A,#N/A,#N/A,#N/A,#N/A,#VALUE!,3%,High Occupancy,101-1000,,0.9,High,-123.1297108,49.23866932
890,NONM_9363_80 Walter Hardwick Av,80 Walter Hardwick Av,,,,,,,,,,,9 - CoV Not Responsible,City Owned,9363,2009-01,2009,2005,"$27,752,943","81,350",341,7,1,,,,,,,,,,,,,,,,,,,,,,#N/A,,,,,,,,,,,,,,,,,,Regular,,,,,,99,,0,#N/A,#N/A,#N/A,#N/A,#N/A,#N/A,#N/A,#VALUE!,,,Unknown,,10,Pre-Screen Low,-123.1055763,49.27077265
892,NONM_9648_122 Walter Hardwick Av,122 Walter Hardwick Av,,,,,,,,,,,9 - CoV Not Responsible,City Owned,9648,2009-01,2009,2005,"$52,878,003","135,260",391,8,2,,,,,,,,,,,,,,,,,,,,,,#N/A,,,,,,,,,,,,,,,,,,Regular,,,,,,99,,0,#N/A,#N/A,#N/A,#N/A,#N/A,#N/A,#N/A,#VALUE!,,,Unknown,,10,Pre-Screen Low,-123.1073995,49.27079145
897,CULT_6477_4600 Cambie St_Bloedel Conservatory,4600 Cambie St,,,,,,,,,,Bloedel Conservatory,1 - Full Investment,City Owned,6477,1968-01,1968,1965,"$9,584,475","24,750",387,1,0,The building was constructed circa 1968. The building is provided mainly with systems and components originating from the initial building construction.,"The single-storey building foundation on the first floor slab appears to be cast in place concrete continuously supported by a moisture barrier on a free draining gravel. A visual site confirmation to determine if the element is a potential structural slab was not possible.

The single-storey building is likely be cast in place reinforced concrete roof slabs supported on cast in place reinforced concrete beams, columns, concrete walls, masonry block (CMU) walls. The building roof structure consists of an aluminum framed spherical dome roof over the conservatory. The dome is supported on a reinforced concrete ring beam.

The exterior walls consist of exposed aggregate surface profile cast in place wall panels. The exterior doors include glazed and hollow metal doors . The roof covering includes insulated clear polymer-based panels skylights on roof surfaces of the conservatory and likely waterproofing membrane on the offices roof structure.

The interior partitions are painted masonry walls, cast-in-place concrete walls, and gypsum wallboard. The interior partitions also include metal-framed windows/glazed partitions in various locations. Other interior wall finishes include ceramic tiles.

The interior floor finishes include ceramic tiles, sealed concrete, vinyl sheet/ tiles floor. The interior ceiling finishes include suspended acoustic ceiling panel and painted gypsum board. The interior doors are generally single wood doors set in wood frames.",A,1998,,Concrete Structure,,,,,,,,,,,,,,,,#N/A,,,,,,,,,,,,,,,,,,Regular,,,,,,99,,0,#N/A,#N/A,#N/A,#N/A,#N/A,#N/A,#N/A,#VALUE!,,High Occupancy,,,,Pre-Screen Low,-123.1137844,49.24209034
928,RECR_4381_601 Keefer St_Strathcona Community Centre_MIXU,601 Keefer St,NOT IN SCOPE,,,,,,,,,Strathcona Community Centre,9 - CoV Not Responsible,City Operated,4381,1975-01,1975,1975,"$6,881,483","23,921",288,2,0,,,A (M),,,Concrete Structure,,,,,,,,,,,,,,,,#N/A,,,,,,,,,,,,,,,,,,Regular,,,,,,99,,0,#N/A,#N/A,#N/A,#N/A,#N/A,#N/A,#N/A,#VALUE!,,Emergency Shelter,Unknown,,,,-123.0915527,49.2797813
934,CULT_8224_1885 Venables St_The Green House,1885 Venables St,,,,,,,,,,The Green House,2 - Moderate Investment,City Owned,8224,1912-01,1912,Pre-code,"$1,472,326","5,151",286,3,0,"The Green House building is understood to have been constructed circa 1912 and is a registered heritage building. The building is largely provided with systems and components originating from the initial building construction. Known renewals include:
- The majority of the building was renovated circa 1994 and 2016","The two-story building with a basement appears to be constructed on strip footings. Where exposed, the superstructure appears to be of wood-framed construction.  No significant deficiencies were observed to suggest differential settlement of the building foundations or movement of the building structure.

The building exterior walls are generally comprised of painted wood walls on all building elevations. The building windows are typical of wood-framed single glass units (IGUs) and metal framed with insulated glass units. The exterior entrance doors are typically wood and metal doors. The roof cover is an asphalt shingles roof assembly.  Overall, the building envelope components appear to be in fair to good condition.

The interior finishes in the building include ceramic floor tiles, hardwood flooring, vinyl floor tiles, painted wall assemblies, wood wall panels, and painted ceiling assemblies. The interior finishes appear to be in fair to good condition overall.",B (M),1994-2016,,Wood Framed,,,,,,,,,,,,,,,,#N/A,,,,,,,,,,,,,,,,,,Regular,,,,,,99,,0,#N/A,#N/A,#N/A,#N/A,#N/A,#N/A,#N/A,#VALUE!,,,,,,Pre-Screen Low,-123.0665106,49.27683666
951,DAYC_8803_2355 E 30th Av_Terry Taylor Early Learning Centre,2355 E 30th Av,Phase 1,,,,,,,,,Terry Taylor Early Learning Centre,2 - Moderate Investment,City Owned,8803,2012-01,2012,2010,"$1,145,548","4,618",248,1,,The building was constructed circa 2012 The building was originally provided mainly with systems and components originating from the initial building construction.,"The building foundation are likely standard foundations bearing on good native soil.
The single-storey building is a combination of  concrete masonry block (CMU) load-bearing walls, concrete columns, steel beams and steel roof deck construction.

The exterior walls consist of composite cement board siding.  The exterior doors include glazed aluminum doors. The roof covering includes green and metal roofing system. The interior doors include glazed and solid-core wood doors. 
The interior partitions are painted masonry walls and gypsum wallboard. The interior floor finishes include painted concrete floor, vinyl sheet floor and carpet floor finishes. The interior ceiling finishes include suspended acoustic ceiling panel, painted structure and gypsum board.",,,,Metal Framed,,,,,,,,,,,,,,,,#N/A,,,,,,,,,,,,,,,,,,Regular,,,,,,99,,0,#N/A,#N/A,#N/A,#N/A,#N/A,#N/A,#N/A,#VALUE!,,,,,,Pre-Screen Low,-123.0577261,49.24062247
959,RECR_1310_990 W 59 Av_Marpole-Oakridge Community Centre,990 W 59 Av,Phase 1,,,,,,,,,Marpole-Oakridge Community Centre,4 - Minimal Investment,City Owned,11097,1940-01,1940,Pre-code,"$9,853,745","34,253",288,2,0,"Oakridge community centre is understood to have been constructed circa 1940. An addition was constructed circa 1984, which is located at east portion of the basement and main floor and north portion of the upper floor.
The Buildings are largely provided with systems and components originating from the initial building construction. Known renewals include:
- The exterior metal panels and stucco were updated circa 2004
- The modified bitumen roof, inverted roof and TPO roof were replaced in 1996, 1990 and 1998 respectively 
- Exterior windows and doors were replaced in 1984 and 1998 respectively
- The majority of interior finishes were upgraded in 1984, 2003 and 2008","The two-storey building with a basement and crawlspace appear to be constructed on spread footings. Where exposed the superstructure is  wood deck on steel trusses spanning to concrete perimeter walls with masonry infill for Gymnasium structure, wood frame for the remainder of the building, Concrete walls for racket courts and concrete floor slab. No significant deficiencies were observed to suggest differential settlement of the building foundations or movement of the building structure.

The building exterior walls are generally comprised of painted concrete block, stucco and metal cladding on the building elevations. The building windows are typically of metal framed insulated glass units (IGUs).  The exterior entrance doors are typically glass doors set in aluminum frames. The service doors are hollow metal doors in metal frames. The roof cover is a 2-ply modified bituminous roof assembly, inverted roof and TPO roof assembly. Overall, the building envelope components appear to be in good condition.

The interior finishes in the building include ceramic floor tiles, vinyl sheet floor, exposed wood floor, rubber floor, vinyl floor tiles, hardwood flooring, painted wall assemblies, ceramic wall tiles, wood wall panels, acoustical wall tiles, acoustical panels, painted ceiling assemblies, suspended acoustic tile ceiling assemblies and adhered acoustical ceiling tiles. The interior finishes appear to be in good condition overall, with the exception of acoustical wall tiles, hardwood flooring and adhered acoustical ceiling tiles which are in fair condition and vinyl floor tiles and ceramic floor tiles which are in poor condition.",,1984,,Concrete Structure,,,,,,,,,,,,,,,,#N/A,,,,,,,,,,,,,,,,,,Regular,,,,,,99,,0,#N/A,#N/A,#N/A,#N/A,#N/A,#N/A,#N/A,#VALUE!,13%,High Occupancy,101-1000,,0.4,High,-123.1286871,49.21677445
960,CULT_1303_4600 Cambie St_Wedding Celebration Pavilion (Queen Elizabeth Park),4600 Cambie St,,,,,,,,,,Wedding Celebration Pavilion (Queen Elizabeth Park),2 - Moderate Investment,City Owned,1303,2006-01,2006,2005,"$381,080","1,722",221,1,0,The building was constructed circa 2006. The building is provided mainly with systems and components originating from the initial building construction.,"The single-storey building is likely constructed on standard foundations walls on strip footings. The floor slab appears to be poured concrete slab-on-grade continuously supported likely by a moisture barrier on a free draining gravel layer on engineered fill. The first floor floor slab appears to be poured concrete slab-on-grade continuously supported likely by a moisture barrier on a free draining gravel layer on engineered fill.

The single-storey building is likely be steel columns, beams with roof wood deck and roof sheathing systems.

The exterior walls consist of clear acrylic sheet cladding siding. The exterior doors include glazed single and double-doors and sliding patio door. The roof covering includes a conventional modified bitumen roofing system.

The interior floor finishes include sealed concrete and hardwood floor. The interior ceiling finishes include wood ceiling.",,,,,,,,,,,,,,,,,,,,#N/A,,,,,,,,,,,,,,,,,,Regular,,,,,,99,,0,#N/A,#N/A,#N/A,#N/A,#N/A,#N/A,#N/A,#VALUE!,,,,,,Pre-Screen Low,-123.1139944,49.24121492
969,DAYC_7193_1059 Main St_Citygate II Childcare,1059 Main St,Phase 1,,,,,,,,,Citygate II Childcare,9 - CoV Not Responsible,City Leased,7193,2013-01,2013,2010,"$988,029","3,983",248,1,0,,,,2013,,,,,,,,,,,,,,,,,,#N/A,,,,,,,,,,,,,,,,,,Regular,,,,,,99,,0,#N/A,#N/A,#N/A,#N/A,#N/A,#N/A,#N/A,#VALUE!,,,,,,Pre-Screen Low,-123.100239,49.2755817
970,CULT_10366_162 W 1st Av_BMO Bard & Arts Club Theater,162 W 1st Av,,,,,,,,,,BMO Bard & Arts Club Theater,1 - Full Investment,City Owned,10366,2014-01,2014,2010,"$18,542,391","48,636",381,2,0,,,,,,,,,,,,,,,,,,,,,,#N/A,,,,,,,,,,,,,,,,,,Regular,,,,,,99,,0,#N/A,#N/A,#N/A,#N/A,#N/A,#N/A,#N/A,#VALUE!,,,,,,Pre-Screen Low,-123.1080834,49.27013063
971,CULT_8768_1565 W 6th Av (2 studios 1571 and 1573),1565 W 6th Av (2 studios 1571 and 1573),,,,,,,,,,,1 - Full Investment,City Owned,8768,2013-01,2013,2010,"$177,041",800,221,1,,The building was constructed circa 2013. The building was originally provided mainly with systems and components originating from the initial building construction.,"The single-storey building foundation are likely standard foundations bearing on good native firm soil. 

The superstructure, which is generally concealed by interior finishes, is likely cast in place concrete columns, beams, and suspended roof slabs.

The exterior walls consist of metal siding and louvres.  The exterior doors include glazed metal doors. The low sloped roof surfaces over the building are covered with a two-ply modified bituminous roofing assembly.

The interior partitions are painted gypsum wallboard. The interior floor finishes include painted floor finishes. The interior ceiling finishes include painted structure. The interior doors are generally single metal doors set in matching metal frames. 

Overall the architectural systems are in good condition.",,,,Concrete Structure,,,,,,,,,,,,,,,,#N/A,,,,,,,,,,,,,,,,,,Regular,,,,,,99,,0,#N/A,#N/A,#N/A,#N/A,#N/A,#N/A,#N/A,#VALUE!,,,,,,Pre-Screen Low,-123.1402871,49.26646357
972,INDU_10431_1620 W 5th Av,1620 W 5th Av,NOT IN SCOPE,,,,,,,,,,5 - No Investment,CON - Consolidated,10431,1963-01,1963,1960,"$1,449,557","8,000",181,2,0,,,,,,,,,,,,,,,,,,,,,,#N/A,,,,,,,,,,,,,,,,,,Regular,,,,,,99,,0,#N/A,#N/A,#N/A,#N/A,#N/A,#N/A,#N/A,#VALUE!,15%,,11 - 100,,-0.3,High,-123.1415227,49.2668059
974,CWYD_4325_Stanley Park Service Yard_Workshop (Saw Shop),Stanley Park Service Yard,Phase 1,,,,,,,,,Workshop (Saw Shop),5 - No Investment,City Owned,4325,1940-01,1940,Pre-code,"$925,480","4,182",221,1,0,"The Workshop (Saw Shop) is understood to have been constructed circa 1940. The building is largely provided with systems and components originating from the initial building construction. Known renewals include:
- The majority of interior finishes updated circa 1984
- The exterior canopy constructed circa 2014
- The metal industrial door was replaced circa 1999","The two-story building appears to be constructed on spread footings. Where exposed, the superstructure appears to be of steel-framed and concrete masonry blocks construction.  No significant deficiencies were observed to suggest differential settlement of the building foundations or movement of the building structure.

The building exterior walls are generally comprised of concrete block masonry on the building elevations. The building windows are typical of wood and metal framed single glass units. The exterior entrance doors are typically wood doors set in wood frames.  The roof cover is a conventional Built-Up roof assembly. Overall, the building envelope components appear to be in fair to good condition.

The interior finishes in the building include painted concrete floor, wood board flooring, painted wall assemblies, and painted ceiling assemblies. The interior finishes appear to be in fair to good condition overall.",,,,Wood Framed,,,,,,,,,,,,,,,,#N/A,,,,,,,,,,,,,,,,,,Regular,,,,,,99,,0,#N/A,#N/A,#N/A,#N/A,#N/A,#N/A,#N/A,#VALUE!,,,Unknown,,10,Pre-Screen Low,-123.1376321,49.29990928
975,CWYD_4325_Stanley Park Service Yard_New Horse Stables (Covered Horse Barn),Stanley Park Service Yard,Phase 1,,,,,,,,,New Horse Stables (Covered Horse Barn),2 - Moderate Investment,City Owned,4325,2009-01,2009,2005,"$801,813","5,109",157,1,0,Outside Barn is understood to have been constructed circa 2009. The building is largely provided with systems and components originating from the initial building construction.,"The single-storey building appears to be constructed on spread footings. Where exposed, the superstructure appears to be of wood framed construction. Uneven foundation surface was observed.

The building exterior walls are generally comprised of wood siding on all building elevations. The exterior doors are metal doors. The roof cover is a metal roof assembly. Overall, the building envelope components appear to be in good condition with the exception of the exterior walls which are in poor condition.

The interior finishes in the building include sand flooring, exposed wood walls and ceiling assemblies. The interior finishes appear to be in good condition overall.",,,,Wood Framed,,,,,,,,,,,,,,,,#N/A,,,,,,,,,,,,,,,,,,Regular,,,,,,99,,0,#N/A,#N/A,#N/A,#N/A,#N/A,#N/A,#N/A,#VALUE!,,,Unknown,,10,Pre-Screen Low,-123.1380189,49.30026628
976,"CWYD_4325_Stanley Park Service Yard_Fence Shop, Wildlife Management Storage",Stanley Park Service Yard,Phase 1,,,,,,,,,"Fence Shop, Wildlife Management Storage",4 - Minimal Investment,City Owned,4325,1914-01,1914,Pre-code,"$326,640","1,476",221,1,0,"Fence Shop, Wildlife Management Storage is understood to have been constructed circa 1914. The building is largely provided with systems and components originating from the initial building construction. Known renewals include:
- The majority of interior finishes and interior doors updated circa 1984
- The roof was replaced circa 1994
- Windows and skylights were replaced circa 1974","The single-story building appears to be constructed on spread footings. Where exposed, the superstructure appears to be of wood-framed, concrete block, and brick masonry construction.  No significant deficiencies were observed to suggest differential settlement of the building foundations or movement of the building structure.

The building exterior walls are generally comprised of the painted sliding wood wall on all building elevations. The building windows are typical of wood-framed single glass units. The exterior entrance doors are typically wood doors set in wood frames. The roof cover is a built-up roof system.  Overall, the building envelope components appear to be in poor to fair condition.

The interior finishes in the building include painted wall assemblies and exposed concrete floor assemblies. The interior finishes appear to be in poor condition overall.",,,,Wood Framed,,,,,,,,,,,,,,,,#N/A,,,,,,,,,,,,,,,,,,Regular,,,,,,99,,0,#N/A,#N/A,#N/A,#N/A,#N/A,#N/A,#N/A,#VALUE!,,,Unknown,,10,Pre-Screen Low,-123.1371708,49.29986876
980,PARK_4325_Stanley Park_Old Rose Cottage,Stanley Park,,,,,,,,,,Old Rose Cottage,3 - Limited Investment,City Owned,4325,1932-01,1932,Pre-code,"$616,808","1,808",341,2,1,Old Rose Cottage building is understood to have been constructed circa 1932. The building is largely provided with systems and components originating from the initial building construction.,"The building is a two-storey structure with a basement, constructed on concrete spread-footings, with exterior wood walls and a wood-frame sloped roof.  No significant deficiencies were observed to suggest differential settlement of the building foundations or movement of the building structure.
The building windows are typical of wood framed single glass units. The building is equipped with exterior wood doors. The roof cover is cedar shakes roof assembly. Overall, the building envelope components appear to be in good condition. The cedar shakes roof is in poor condition and exterior windows & exterior doors are in poor condition.
The interior finishes in the building include carpet flooring, vinyl tile flooring and painted wall assemblies. The interior finishes appear to be in fair to good condition.",,,,Wood Framed,,,,,,,,,,,,,,,,#N/A,,,,,,,,,,,,,,,,,,Regular,,,,,,99,,0,#N/A,#N/A,#N/A,#N/A,#N/A,#N/A,#N/A,#VALUE!,,,,,,Pre-Screen Low,-123.1360979,49.29984631
981,"CWYD_4325_Stanley Park Service Yard_Stables, Horse & Carriage",Stanley Park Service Yard,Phase 1,,,,,,,,,"Stables, Horse & Carriage",3 - Limited Investment,City Owned,4325,1960-01,1960,1960,"$609,901","3,366",181,1,0,"Stanley Park Service Yard_Stables, Horse & Carriage is understood to have been constructed circa 1990. The building is largely provided with systems and components originating from the initial building construction. Known renewals include:
- The office area was renovated circa 2011","The single-story building appears to be constructed on spread footings. Where exposed, the superstructure appears to be of wood-framed, construction.  No significant deficiencies were observed to suggest differential settlement of the building foundations or movement of the building structure.

The building exterior walls are generally comprised of wood on all building elevations. The building windows are typical of vinyl framed insulated glass units (IGUs). The exterior entrance doors are wood doors. The roof cover is a sloped metal roof assembly. Overall, the building envelope components appear to be in good condition.

The interior finishes in the building include painted plywood floor, laminated wood floor, rubber floor, painted wall assemblies, and painted ceiling assemblies. The interior finishes appear to be in fair to poor condition overall.",,,,Wood Framed,,,,,,,,,,,,,,,,#N/A,,,,,,,,,,,,,,,,,,Regular,,,,,,99,,0,#N/A,#N/A,#N/A,#N/A,#N/A,#N/A,#N/A,#VALUE!,,,,,,Pre-Screen Low,-123.1368288,49.300434
990,CULT_10682_1450 W 64th St_Joy Kogawa House,1450 W 64th St,,,,,,,,,,Joy Kogawa House,2 - Moderate Investment,City Owned,10682,1906-01,1906,Pre-code,"$595,470","2,500",238,2,1,"This report is based on a visual review of the building at 1450 W 64th St in Vancouver, BC, known as Joy Kogawa House. The building is a 2 storey wood structure residential style house originally built in 1906. The site also includes a detached wood framed garage. 

Overall the building is in good condition with a Facility Condition Index (FCI) score of 4.9% and no significant deficiencies noted. However, if the recommended replacements and repairs are not carried out within the next year, we expect that the building will reach fair condition with an FCI of 7.4% in 2015. The exterior walls are currently in fair condition with decayed wood trim and cracks noted in the stucco finish. The roof is reported in good condition however the flashing around the chimney needs to be replaced. Overall the architectural components are reported in good to fair condition. The mechanical equipment in the building is all reported in good condition. The electrical equipment in the building is all reported in good to fair condition.

Below is a summary of major actions we recommend within the next 5 years, based on our visual inspection on May 6, 2014. The total estimated cost all of these actions is $22,000.

Action Urgency: Immediately
B2010 - Exterior Walls - Repair the wood trim - $1,000
B30 - Roofing - Repair flashing around the chimney - $1,000
G2040 - Site Development - Repair wood deck and staircase - $1,500
G2040 - Site Development - Repair concrete retaining wall - $3,000
G2040 - Site Development - Repair wood fence - $500
TOTAL = $7,000

Action Urgency: 2-3 years
G2030 - Pedestrian Paving - Repair concrete walkways - $1,000
G2040 - Site Development - Repaint exterior wall finishes of garage - $4,000
G2040 - Site Development - Repair the cracked wood treads of the exterior stairs - $500
TOTAL = $5,500

Action Urgency: 4-5 years
B2020 - Exterior Windows - Replace single glazed windows - $3,000
D2095 - Domestic Water Heaters - Replace one domestic hot water heater - $3,000
G2040 - Site Development - Replace roof of the detached garage - $3,500
TOTAL = $9,500","The architectural components of the building are in good to fair condition. The foundation, superstructure, windows, doors, and roofing were all reported in good condition.

There was some cracking noted in the stucco exterior wall finish. There was some decay noted in the exterior wood trim. We recommend repairing these items pending the results of a Building Envelope Condition Assessment (BECA). The vinyl siding on the building is in good condition. The building has 6 single plane windows and 13 insulated glass windows. The single plane windows have attained their designed service life and remain functional but consideration should be taken to replace them with a more thermally efficient style. The roof was replaced in 2012 and is in excellent condition, however there are reportedly leaks around the chimney. We recommend repairing the flashing around the chimney as soon as possible.

All of the interior finishes and fittings are reported in good condition. Many finishes were upgraded in 2004 during a major renovation.

The building site includes a detached wood framed garage. The exterior walls of the garage are reported in poor condition, and the roof is reported in fair condition. We recommend upgrading these items in the near future to avoid further deterioration. The site also contains a concrete walkways which is reported in fair condition. There is a concrete retaining wall on site which is experiencing localized cracking and reported in fair condition. We recommend repairs to this retaining wall. The site has a small wood framed fence which is reported in poor condition with decay observed. There is a wood deck and staircase at the rear of the building reported in fair condition and requiring some repairs.",B,,,,,,,,,,,,,,,,,,,#N/A,,,,,,,,,,,,,,,,,,Regular,,,,,,99,,0,#N/A,#N/A,#N/A,#N/A,#N/A,#N/A,#N/A,#VALUE!,,,,,,Pre-Screen Low,-123.1384735,49.2128601
991,CULT_4491_800 W Georgia St_Vancouver Art Gallery,800 W Georgia St,,,,,,,,,,Vancouver Art Gallery,1 - Full Investment,City Leased,4491,1911-01,1911,Pre-code,"$64,512,676","176,490",366,4,,"The Vancouver Art Gallery is understood to have been constructed circa 1911 with a 1913 addition and an infill in 1983 and is a registered heritage building. The building is largely provided with systems and components originating from the initial building construction. Known renewals include:
- The majority of the building was upgraded circa 1983 during infill addition.
- The SBS roof was replaced in 2015","The four-storey building with a basement appears to be constructed on spread footings. Where exposed, the superstructure appear to be of concrete-framed construction, and open web steel joist and concrete in the ceiling. No significant deficiencies were observed to suggest differential settlement of the building foundations or movement of the building structure.

The building exterior walls are generally comprised of stone masonry walls and cast in place walls on all building elevations. The building windows are typical of metal and wood-framed single and insulated glass units (IGUs).  The exterior entrance doors are typically glass doors set in metal frames. The service doors are hollow metal doors in metal frames.  The roof cover is a SBS roof assembly and corrugated metal roofing, the Rotunda is corrugated copper roofing. Overall, the building envelope components appear to be in fair to good condition.

The interior finishes in the building include ceramic floor tiles, vinyl floor sheets and tiles, hardwood floor, carpet flooring, carpet floor tiles, painted wall assemblies, ceramic wall tiles, wood walls, painted ceiling assemblies, and suspended acoustic tile ceiling assemblies. The interior finishes appear to be in fair to good condition overall.",A (F)(M),1983,,Masonry Walls,,,,,,,,,,,,,,,,#N/A,,,,,,,,,,,,,,,,,,Regular,,,,,,99,,0,#N/A,#N/A,#N/A,#N/A,#N/A,#N/A,#N/A,#VALUE!,,High Occupancy-A,1000+,,,High,-123.1204742,49.28292079
998,NONM_4677_8264 Hudson St_Abbeyfield House,8264 Hudson St,NOT IN SCOPE,,,,,,,,,Abbeyfield House,3 - Limited Investment,Ground Leased,4677,1912-01,1912,Pre-code,"$3,140,702","10,260",306,3,1,"Abbeyfield House is understood to have been constructed circa 1912 with an addition part which was constructed 1992. The building is largely provided with systems and components originating from the initial and addition building construction. Known renewals include:
- The majority of interior portions of the building was upgraded circa 1992
- The ceiling was replaced circa 2015
- Laminated wood flooring was replaced circa 2015","The two-storey building with a basement appears to be constructed on spread footings. Where exposed, the superstructure appears to be of wood framed construction.  No significant deficiencies were observed to suggest differential settlement of the building foundations or movement of the building structure.

The building exterior walls are generally comprised of painted wood siding on all building elevations. The original building windows are typically wood framed single glass units. The addition windows are typically IGUs set in metal frames. The exterior doors are wood. The roof cover is an asphalt shingles roof assembly. Overall, the building envelope components appear to be fair to good condition.

The interior finishes in the building include carpet flooring, laminated wood flooring, vinyl sheet flooring, painted concrete floor, painted wall assemblies, ceramic wall tiles, wood wall panels, and painted ceiling assemblies. The interior finishes appear to be in fair to good condition overall.",B (M),,,Wood Framed,,,,,,,,,,,,,,,,#N/A,,,,,,,,,,,,,,,,,,Regular,,,,,,99,,0,#N/A,#N/A,#N/A,#N/A,#N/A,#N/A,#N/A,#VALUE!,1%,,11-100,,2.9,Medium,-123.1338882,49.2109795
1018,COMM_10449_5435 Victoria Drive,5435 Victoria Drive,,,,,,,,,,,4 - Minimal Investment,City Owned,10449,1949-01,1949,1941,"$555,319","1,673",332,1,0,"This report is based on a visual review of the building at 5435 Victoria Drive in Vancouver, BC.  The building is a 1 storey wood structure commercial style building originally built in 1949. 

Overall the building is in fair condition with a Facility Condition Index (FCI) score of 7.1% and no significant deficiencies noted. The wood panelling portion of the exterior walls is currently in fair condition with decayed wood and cracks noted. The roof is reported in good condition, however the 4 skylights are observed to be in fair condition requiring replacement in the next 5 years. Overall the architectural components are reported in good condition. The mechanical equipment in the building is all reported in good condition. The electrical equipment in the building is all reported in good condition.

Below is a summary of major actions we recommend within the next 5 years, based on our visual inspection on June 16, 2014. The total estimated cost of all of these actions is $36,900.

Action Urgency: Immediately
C3020 – Floor Finishes – Replace the vinyl flooring - $11,900
C3030 – Ceiling Finishes – Replace the stained ceiling tiles - $1,000
G2020 – Parking Lots – Repair asphalt parking lot - $6,000
TOTAL = $18,900

Action Urgency: 1-3 years
B2010 - Exterior Walls - Repair the wood panelling - $6,000
B3021 - Skylights – Replace the 4 skylights - $10,000
TOTAL = $16,000

Action Urgency: 4-5 years
C3010 – Wall Finishes – Replace the painted wall finishes - $2,000
TOTAL = $2,000","The architectural components of the building are in overall good condition. The foundation, superstructure, windows, doors, and roofing were all reported in good condition.

There were some cracking and decaying noted on the horizontal wood panelling wall finish.  We recommend repairing these items pending the results of a Building Envelope Condition Assessment (BECA). The brick veneer masonry and horizontal cementitious board wall finishes are in good condition. The building has 4 insulated glass windows which were observed to be in good condition. The roof was replaced in 1999 and is in good condition; however the 4 skylights are in fair condition and require replacement in the next 3 years.  

All of the interior finishes and fittings are reported in overall fair condition. Many finishes were upgraded in 2009.  The wood framed vanities and kitchen cabinetry are in good condition, along with the interior doors.  The flooring finishes are in poor condition requiring immediate replacement.  The wall and ceiling finishes are in fair condition. 

The building site includes a 1,500 sq.ft. parking lot.  The parking lot is observed to be in poor condition with cracking and damage observed.  Repairs to the parking lot are required in the current year.  The 2 wood framed staircases at the site are in good condition.",,,,,,,,,,,,,,,,,,,,#N/A,,,,,,,,,,,,,,,,,,Regular,,,,,,99,,0,#N/A,#N/A,#N/A,#N/A,#N/A,#N/A,#N/A,#VALUE!,,,,,,Pre-Screen Low,-123.0658875,49.2349281
1020,RECR_1547_2305 Cornwall St_Kitsilano Outdoor Pool - Change Rooms & Offices,2305 Cornwall St,,,,,,,,,,Kitsilano Outdoor Pool - Change Rooms & Offices,3 - Limited Investment,City Owned,1547,1970-01,1970,1970,"$1,247,099","5,762",216,1,0,The 2305 Cornwall St - Change Rooms & Offices Building was constructed circa 1970. The building is provided mainly with systems and components originating from the initial building construction.,"The two-story building appears to be constructed on spread concrete footings with a slab on grade. The superstructure seems to be of cast-in-place concrete walls, reinforced concrete columns, beams, supporting the roof slabs. No significant deficiencies were observed to suggest differential settlement of the building foundations or movement of the building structure.
 
The building's exterior walls generally comprise of exposed cast in place walls on the building elevations. The service doors are metal doors in painted metal frames. The roof covers include 2-ply modified bituminous at the flat roof assembly. Overall, the building envelope components appear to be in good condition.

The interior finishes in the building include ceramic tile flooring, vinyl tiles, wood wall finishes, painted wall assemblies, wood ceiling, painted ceiling assemblies. Overall, the interior finishes appear to be in good condition except the painted ceiling is in poor condition.",,,,Concrete Structure,,,,,,,,,,,,,,,,#N/A,,,,,,,,,,,,,,,,,,Regular,,,,,,99,,0,#N/A,#N/A,#N/A,#N/A,#N/A,#N/A,#N/A,#VALUE!,13%,,11-100,,0.9,High,-123.1576392,49.273152
1021,RECR_1547_2305 Cornwall St_Kitsilano Outdoor Pool - Maintenance & Mechanical Building,2305 Cornwall St,,,,,,,,,,Kitsilano Outdoor Pool - Maintenance & Mechanical Building,3 - Limited Investment,City Owned,1547,1970-01,1970,1970,"$2,580,877","3,280",787,1,0,The 2305 Cornwall St - Maintenance & Mechanical Building was constructed circa 1970. The building is provided mainly with systems and components originating from the initial building construction.,"The two-story building appears to be constructed on spread concrete footings with a slab on grade. The superstructure seems to be of cast-in-place concrete walls, reinforced concrete columns, beams, supporting the roof slabs.  No significant deficiencies were observed to suggest differential settlement of the building foundations or movement of the building structure.
 
The building's exterior walls generally comprise of exposed cast in place walls on the building elevations. The service doors are metal doors in painted metal frames. The roof covers include 2-ply modified bituminous at the flat roof assembly. Overall, the building envelope components appear to be in good condition.

The interior finishes in the building include exposed concrete flooring, painted wall assemblies, painted ceiling assemblies, and exposed ceiling assemblies. Overall, the interior finishes appear to be in good condition except the exposed concrete flooring is in fair condition.",,,,Concrete Structure,,,,,,,,,,,,,,,,#N/A,,,,,,,,,,,,,,,,,,Regular,,,,,,99,,0,#N/A,#N/A,#N/A,#N/A,#N/A,#N/A,#N/A,#VALUE!,4%,,1-10,,1.4,Medium,-123.1588575,49.27331227
1027,RECR_1503_6875 Yew St_Maple Grove Outdoor Pool - Fieldhouse,6875 Yew St,,,,,,,,,,Maple Grove Outdoor Pool - Fieldhouse,2 - Moderate Investment,City Owned,1503,1950-01,1950,1941,"$332,444","1,536",216,1,0,The building was constructed circa 1950. The building is provided mainly with systems and components originating from the initial building construction.,"The single-storey building foundations are likely standard foundations bearing on good native soil. The slab on grade appears to be cast in place concrete continuously supported by native soil or engineered fill. The building is likely a wood framed structure, with wood roof deck supported by wood trusses/rafters and wood stud walls.

The roof covering includes wood shakes/ shingles roofing. The exterior walls consist of painted of painted wood siding boards finishes. The exterior windows consists of both wood framed with single glass units and vinyl frame with double-paned glazing units. The exterior doors include wood single doors. 

The interior partitions are painted gypsum wallboard.  The interior doors are generally single wood doors set in matching wood frames. The interior floor finishes include painted concrete and vinyl tile floor finish. The interior ceiling finishes include painted gypsum board ceiling.",,2009 and 2012,,Wood Framed,,,,,,,,,,,,,,,,#N/A,,,,,,,,,,,,,,,,,,Regular,,,,,,99,,0,#N/A,#N/A,#N/A,#N/A,#N/A,#N/A,#N/A,#VALUE!,,,,,,Pre-Screen Low,-123.1596081,49.22341732
1028,RECR_1503_6875 Yew St_Maple Grove Outdoor Pool - Maintenance & Mechanical Building,6875 Yew St,,,,,,,,,,Maple Grove Outdoor Pool - Maintenance & Mechanical Building,2 - Moderate Investment,City Owned,1503,1992-01,1992,1990,"$105,964",442,240,1,0,Maple Grove Outdoor Pool - Mechanical building is largely provided with systems and components originating from the initial pool construction.,"The exterior walls of the building are mainly clad with wood siding detailing. Exterior access doors are of hollow metal construction. The slope roof of the building is covered with wood shingles. The interior finishes typically include exposed concrete floors, exposed wood frame wall, and wood frame ceiling.",,1992,,Wood Framed,,,,,,,,,,,,,,,,#N/A,,,,,,,,,,,,,,,,,,Regular,,,,,,99,,0,#N/A,#N/A,#N/A,#N/A,#N/A,#N/A,#N/A,#VALUE!,,,,,,Pre-Screen Low,-123.1596663,49.22311042
1030,NONM_9435_3484 Kingsway_Kingsway Continental,3484 Kingsway,,,,,,,,,,Kingsway Continental,3 - Limited Investment,City Owned,9435,1962-01,1962,1960,"$25,118,546","73,628",341,4,0,"The Kingsway Continental building is understood to have been constructed circa 1962 and 1996. The building is largely provided with systems and components originating from the initial building construction. Known renewals include:
- The majority of interior finishes updated circa 2014","The four-storey East Wing and three-story West Wing building with a basement appears to be constructed on standard deep foundations bearing on good native soil. Where exposed, the superstructure overall structure consists of cast in place reinforced concrete columns, beams, and suspended floor and roof slabs. No significant deficiencies were observed to suggest differential settlement of the building foundations or movement of the building structure.

The building exterior walls are generally comprised of concrete blocks,  EIFS and stucco on all building elevations. The East Wing building windows are typically of metal framed single glass units and the West Wing windows are typically vinyl framed insulated glass units. The exterior entrance doors are typically glass doors set in metal frames. The service doors are hollow metal doors in metal frames. The East Wing roof cover is a conventional modified bituminous roof assembly and the West Wing roof cover is EPDM with gravel on top. Overall, the building envelope components appear to be in fair condition.

The interior finishes in the building include painted floor, sealed floor, ceramic floor tiles, vinyl sheet flooring, carpet flooring, laminated wood flooring, painted wall assemblies, ceramic wall tiles, painted ceiling assemblies and suspended acoustic tile ceiling assemblies. The interior finishes appear to be in good to fair condition overall.",,,,Concrete Structure,,,,,,,,,,,,,,,,#N/A,,,,,,,,,,,,,,,,,,Regular,,,,,,99,,0,#N/A,#N/A,#N/A,#N/A,#N/A,#N/A,#N/A,#VALUE!,10%,High Occupancy,101-1000,,0.3,High,-123.0311639,49.23163086
1031,NONM_9141_151 W 1st Av_Athletes Village Co-op,151 W 1st Av,,,,,,,,,,Athletes Village Co-op,9 - CoV Not Responsible,City Owned,9141,2010-01,2010,2010,,"103,263",0,,,,,,,,,,,,,,,,,,,,,,,,#N/A,,,,,,,,,,,,,,,,,,Regular,,,,,,99,,0,#N/A,#N/A,#N/A,#N/A,#N/A,#N/A,#N/A,#VALUE!,,,,,,Pre-Screen Low,-123.1082201,49.2706133
1032,RECR_1295_4575 Clancy Loranger Way_Millennium Sports Facility,4575 Clancy Loranger Way,,,,,,,,,,Millennium Sports Facility,9 - CoV Not Responsible,City Owned,1302,2000-01,2000,1995,"$12,247,780","42,575",288,2,1,,,,,,,,,,,,,,,,,,,,,,#N/A,,,,,,,,,,,,,,,,,,Regular,,,,,,99,,0,#N/A,#N/A,#N/A,#N/A,#N/A,#N/A,#N/A,#VALUE!,,,,,,Pre-Screen Low,-123.1082358,49.24295394
1034,CULT_9432_Artist Studios (1265 Howe St),Artist Studios (1265 Howe St),,,,,,,,,,,1 - Full Investment,City Owned,9432,2018-06,2018,2015,"$4,249,474","10,870",391,41,,The 1265 Howe St Artists Studios was constructed circa 2018. The building is provided mainly with systems and components originating from the initial building construction.,"The building is understood to feature concrete foundation walls with strip footings around its perimeter. A cast-in-place concrete slab is constructed throughout the structure. The building includes a two-storey structure that is within a larger building structure. The overall structure consists of cast in place reinforced concrete columns, beams, and suspended floor and roof slabs. The low-sloped roof surfaces of the building are covered with a modified bitumen roofing. The building exterior walls feature a combination of masonry units, exposed structures and louvres. Single and double-doors hollow metal, aluminum and glass doors are installed on exterior elevations. Exterior window walls feature insulated glass units in aluminum frames. Fixed partitions installed in the building are a combination of cast in place and gypsum wall board. Floor finishes installed in the building are sealed floors and ceramic tiles. Ceiling finishes installed in the building are a combination of suspended metal panels and a painted ceiling finish. Interior passage doors are a combination of swing-type wood and metal units set in metal frames. Wall and floor-mounted casework is installed in the staff kitchen. Overall, the structural and architectural elements were observed to be in good condition.",,,,Concrete Structure,,,,,,,,,,,,,,,,#N/A,,,,,,,,,,,,,,,,,,Regular,,,,,,99,,0,#N/A,#N/A,#N/A,#N/A,#N/A,#N/A,#N/A,#VALUE!,,,,,,Pre-Screen Low,-123.1287252,49.27704765
1036,NONM_10424_1306 Granville St_Yale Hotel,1306 Granville St,,,,,,,,,,Yale Hotel,9 - CoV Not Responsible,City Owned,10424,2013-01,2013,2010,"$3,616,242","10,600",341,,,,,B (M)(H),,,,,,,,,,,,,,,,,,,#N/A,,,,,,,,,,,,,,,,,,Regular,,,,,,99,,0,#N/A,#N/A,#N/A,#N/A,#N/A,#N/A,#N/A,#VALUE!,,,,,,Pre-Screen Low,-123.1277802,49.27589171
1037,NONM_7205_951 Boundary Road_Taylor Manor,951 Boundary Road,,,,,,,,,,Taylor Manor,1 - Full Investment,City Owned,7205,1910-01,1910,Pre-code,"$13,876,471","40,675",341,3,1,The building was constructed circa 1910. The building was provided mainly with systems and components originating from the initial building construction.,"The three-storey building structure is constructed of poured concrete foundation walls on either spread or strip footings bearing on good native firm soil.
The three-storey building structural framing system is likely a wood framed structure, where wood framed stud walls support the suspended wood floors and wood roof trusses/rafters.

The exterior walls consist of wood siding , stucco and masonry brick siding, The exterior windows are aluminum double glazing and wood framed with single glass units. The exterior doors are wood doors. 
The interior partitions are painted gypsum wallboard. The interior floor finishes include seald concrete paint and vinyl sheet floor finishes. The interior ceiling finish is painted gypsum board. The interior doors are generally single wood doors set in matching wood frames.",B (M),2015,,Wood Framed,,,,,,,,,,,,,,,,#N/A,,,,,,,,,,,,,,,,,,Regular,,,,,,99,,0,#N/A,#N/A,#N/A,#N/A,#N/A,#N/A,#N/A,#VALUE!,,,,,,Pre-Screen Low,-123.0249709,49.27676943
1039,CULT_9180_639 Commercial Drive_York Theatre,639 Commercial Drive,,,,,,,,,,York Theatre,1 - Full Investment,City Owned,9180,2013-01,2013,2010,"$4,610,196","12,500",369,2,,,,C (M)(H),,,,,,,,,,,,,,,,,,,#N/A,,,,,,,,,,,,,,,,,,Regular,,,,,,99,,0,#N/A,#N/A,#N/A,#N/A,#N/A,#N/A,#N/A,#VALUE!,,,,,,Pre-Screen Low,-123.0707528,49.27869417
1040,NONM_8515_768 Richards St_Doug Story Apartments,768 Richards St,NOT IN SCOPE,,,,,,,,,Doug Story Apartments,9 - CoV Not Responsible,Ground Leased,8515,2008-01,2008,2005,,"25,650",0,,,,,,,,,,,,,,,,,,,,,,,,#N/A,,,,,,,,,,,,,,,,,,Regular,,,,,,99,,0,#N/A,#N/A,#N/A,#N/A,#N/A,#N/A,#N/A,#VALUE!,,,,,,Pre-Screen Low,-123.1172562,49.2803192
1041,NONM_7417_581 Cardero St_Performing Arts Lodge,581 Cardero St,NOT IN SCOPE,,,,,,,,,Performing Arts Lodge,9 - CoV Not Responsible,Ground Leased,7417,2006-01,2006,2005,,"86,000",0,,,,,,,,,,,,,,,,,,,,,,,,#N/A,,,,,,,,,,,,,,,,,,Regular,,,,,,99,,0,#N/A,#N/A,#N/A,#N/A,#N/A,#N/A,#N/A,#VALUE!,,,,,,Pre-Screen Low,-123.1301101,49.29111027
1042,NONM_7074_1288 W Cordova St_C-Side,1288 W Cordova St,NOT IN SCOPE,,,,,,,,,C-Side,9 - CoV Not Responsible,Ground Leased,7074,2002-01,2002,1995,,"133,380",0,,,,,,,,,,,,,,,,,,,,,,,,#N/A,,,,,,,,,,,,,,,,,,Regular,,,,,,99,,0,#N/A,#N/A,#N/A,#N/A,#N/A,#N/A,#N/A,#VALUE!,,,,,,Pre-Screen Low,-123.1240006,49.28931323
1043,NONM_7682_5750 Oak St_The Crowne,5750 Oak St,,,,,,,,,,The Crowne,9 - CoV Not Responsible,City Owned,7682,2001-01,2001,1995,"$777,833","2,280",341,,,,,,,,,,,,,,,,,,,,,,,,#N/A,,,,,,,,,,,,,,,,,,Regular,,,,,,99,,0,#N/A,#N/A,#N/A,#N/A,#N/A,#N/A,#N/A,#VALUE!,,,,,,Pre-Screen Low,-123.1276093,49.2334213
1045,NONM_3215_717 W 8th Av_Heritage Co-op,717 W 8th Av,NOT IN SCOPE,,,,,,,,,Heritage Co-op,9 - CoV Not Responsible,Ground Leased,3215,1986-01,1986,1985,,"4,680",0,,,,,,,,,,,,,,,,,,,,,,,,#N/A,,,,,,,,,,,,,,,,,,Regular,,,,,,99,,0,#N/A,#N/A,#N/A,#N/A,#N/A,#N/A,#N/A,#VALUE!,,,,,,Pre-Screen Low,-123.1204224,49.2644691
1053,PARK_4325_7501 Stanley Park Drive_Stanley Park - Ferguson Point Generator Building,7501 Stanley Park Drive,,,,,,,,,,Stanley Park - Ferguson Point Generator Building,3 - Limited Investment,City Owned,4325,2007-01,2007,2005,"$92,061",416,221,1,0,Ferguson Point Generator Building is understood to have been constructed circa 2007. The building is largely provided with systems and components originating from the initial building construction.,"The single-storey structure is constructed on concrete spread-footings which bear on native soil or engineered fill. Where exposed the foundation walls are poured concrete walls. The superstructure appears to be of wood-framed construction.  No significant deficiencies were observed to suggest differential settlement of the building foundations or movement of the building structure.
The building exterior walls are generally comprised of painted concrete block exterior walls on all building elevations. The building is equipped with wood exterior doors. The roof cover is a metal roof assembly. Overall, the building envelope components appear to be in good condition.",,,,Masonry Walls,,,,,,,,,,,,,,,,#N/A,,,,,,,,,,,,,,,,,,Regular,,,,,,99,,0,#N/A,#N/A,#N/A,#N/A,#N/A,#N/A,#N/A,#VALUE!,,,,,,Pre-Screen Low,-123.1569119,49.30080304
1054,"PARK_4325_Stanley Park - Miniature Railway ""A"" frame office building","Stanley Park - Miniature Railway ""A"" frame office building",,,,,,,,,,,3 - Limited Investment,City Owned,4325,1980-01,1980,1980,"$248,103",868,286,1,0,"Miniature Railway ""A"" frame office building is understood to have been constructed circa 1980. The building is largely provided with systems and components originating from the initial building construction. Known renewals include:
- Some of the exterior window, doors and roof were replaced circa 2016","The single-storey structure with a basement and slab-on-grade foundation with concrete perimeter walls. Where exposed, the superstructure appears to be of wood-framed construction.  No significant deficiencies were observed to suggest differential settlement of the building foundations or movement of the building structure.
The building exterior walls are generally comprised of vertical wood siding on all building elevations. The building windows are typical of metal-framed single glass units and vinyl framed insulated glass units. The building is equipped with metal and glazed exterior doors. The roof cover is a cedar shakes roof assembly. Overall, the building envelope components appear to be in good condition.
The interior finishes in the building include vinyl sheet flooring, painted wall assemblies and ceramic wall tiles. The interior finishes appear to be in fair to good condition.",,,,Wood Framed,,,,,,,,,,,,,,,,#N/A,,,,,,,,,,,,,,,,,,Regular,,,,,,99,,0,#N/A,#N/A,#N/A,#N/A,#N/A,#N/A,#N/A,#VALUE!,,,,,,Pre-Screen Low,-123.1333575,49.3020136
1055,PARK_4325_8701 Stanley Park Drive_Ceperley Park Rangers Office & Washrooms - Fieldhouse,8701 Stanley Park Drive,,,,,,,,,,Ceperley Park Rangers Office & Washrooms - Fieldhouse,3 - Limited Investment,City Owned,11085,1962-01,1962,1960,"$547,085","1,914",286,2,0,"The Ceperley Park Rangers office, Public Washrooms - Fieldhouse is understood to have been constructed circa 1962. The building is largely provided with systems and components originating from the initial building construction. Known renewals include:
- The majority of interior finishes updated circa 1999
- Cedar shakes and SBS roofs were replaced circa 1999","The two-story building appears to be constructed on spread footings. Where exposed, the superstructure appears to be of wood-framed and concrete masonry wall construction.  No significant deficiencies were observed to suggest differential settlement of the building foundations or movement of the building structure. However, cracks were observed in the slab on grade.

The building exterior walls are generally comprised of wood siding walls and stone veneer on building elevations. The building windows are typical of wood and metal framed single glass units. The exterior entrance doors are typically wood and metal doors. The roof covers are cedar shakes and 2-ply modified bituminous roof assembly. Overall, the building envelope components appear to be in fair to good condition.

The interior finishes in the building include terrazzo flooring, vinyl floor tiles, exposed concrete floor, painted wall assemblies, ceramic wall tiles, and painted ceiling assemblies. The interior finishes appear to be in fair condition overall.",,,,Wood Framed,,,,,,,,,,,,,,,,#N/A,,,,,,,,,,,,,,,,,,Regular,,,,,,99,,0,#N/A,#N/A,#N/A,#N/A,#N/A,#N/A,#N/A,#VALUE!,,,,,,Pre-Screen Low,-123.1487051,49.29361867
1056,PARK_4325_8701 Stanley Park Drive_Stanley Park - Ceperley Park Picnic Shelter,8701 Stanley Park Drive,,,,,,,,,,Stanley Park - Ceperley Park Picnic Shelter,3 - Limited Investment,City Owned,11085,1962-01,1962,1960,"$165,555",945,175,1,0,"Ceperley Park Picnic Shelter is understood to have been constructed circa 1962. The building is largely provided with systems and components originating from the initial building construction. Known renewals include:
- The roof and interior were upgraded circa 1999","The shelter building appears to be constructed on spread footings. Where exposed, the superstructure appears to be of wood and concrete construction.  No significant deficiencies were observed to suggest differential settlement of the building foundations or movement of the building structure.

The roof cover is cedar shakes roof assembly.  Overall, the building envelope components appear to be in good condition.

The interior finishes in the building include exposed concrete floor, and painted ceiling assemblies. The interior finishes appear to be in good condition overall.",,,,Wood Framed,,,,,,,,,,,,,,,,#N/A,,,,,,,,,,,,,,,,,,Regular,,,,,,99,,0,#N/A,#N/A,#N/A,#N/A,#N/A,#N/A,#N/A,#VALUE!,,,,,,Pre-Screen Low,-123.1491329,49.29367202
1057,PARK_4325_8701 Stanley Park Drive_Stanley Park - Ceperley Park Outdoor Kitchen,8701 Stanley Park Drive,,,,,,,,,,Stanley Park - Ceperley Park Outdoor Kitchen,3 - Limited Investment,City Owned,11085,1962-01,1962,1960,"$81,881",370,221,1,0,"Ceperley Park Outdoor Kitchen is understood to have been constructed circa 1962. The building is largely provided with systems and components originating from the initial building construction. Known renewals include:
- The painted ceiling was updated circa 1989","The single-story building appears to be constructed on spread footings. Where exposed, the superstructure appears to be of wood-framed and concrete construction.  No significant deficiencies were observed to suggest differential settlement of the building foundations or movement of the building structure.

The building exterior walls are generally comprised of stone masonry on building elevations. The building windows are typical of wood-framed single glass units. The exterior entrance doors are metal roll-up doors. The roof cover is cedar shakes roof assembly. Overall, the building envelope components appear to be in good condition.

The interior finishes in the building include exposed concrete floors, ceramic wall tiles, and painted ceiling assemblies. The interior finishes appear to be in fair condition overall.",,,,Concrete Structure,,,,,,,,,,,,,,,,#N/A,,,,,,,,,,,,,,,,,,Regular,,,,,,99,,0,#N/A,#N/A,#N/A,#N/A,#N/A,#N/A,#N/A,#VALUE!,,,,,,Pre-Screen Low,-123.149125,49.29359049
1063,DAYC_1999_960 E 7th Av_Mount Pleasant Childcare Centre,960 E 7th Av,Phase 1,,,,,,,,,Mount Pleasant Childcare Centre,9 - CoV Not Responsible,City Owned,1999,1974-01,1974,1970,"$785,115","3,165",248,1,0,"This report is based on a visual review of the Mount Pleasant Childcare Centre at 960 E 7th Avenue in Vancouver, BC.  The building is a 1 storey wood structure childcare centre originally built in 1974. 

Overall the building is in good condition with a Facility Condition Index (FCI) score of 4.1% and no significant deficiencies noted.  However, if the recommended replacements and repairs are not carried out within the next year, we expect that the building will reach fair condition with an FCI of 5.7% in 2015.  The wood panelling portion of the exterior walls is currently in poor condition with decayed wood noted. The sloped metal roof and asphalt shingle roof are both reported in good condition with no significant issues reported.  However, the modified bitumen roof system is observed to be in fair condition with ponding observed.  Overall the architectural components are reported in good condition. The mechanical and electrical equipment in the building are both reported in overall fair condition. 

Below is a summary of major actions we recommend within the next 5 years, based on our visual inspection on July 25, 2014.  The total estimated cost all of these actions is $123,475.

Action Urgency: Immediately
B2010 – Exterior Walls – Replace the wood panelling - $10,000
B30 – Roofing – Repair the modified bitumen roof system - $1,500
C3020 – Floor Finishes – Repair the vinyl floor finishes - $500
D2040 – Rain Water Drainage – Replace the drainage system - $3,500
G2030 – Pedestrian Paving – Repair the asphalt and concrete paving/Repair wooden supports - $5,000
TOTAL = $20,500

Action Urgency: 1-3 years
C3030 – Ceiling Finishes – Replace the painted drywall ceiling finishes - $4,000
D2020 – Domestic Water Distribution – Replace the original piping - $4,350
D2030 – Sanitary Waste – Replace the original piping - $3,625
D3023 – Furnaces – Replace the 2 furnaces - $10,000
D3053 – Unit Heaters – Replace the baseboard heaters - $2,500
D3060 – Controls and Instrumentation – Replace the heating controls - $1,000
TOTAL = $25,475

Action Urgency: 4-5 years
C3010 – Wall Finishes – Replace the painted wall finishes - $6,200
D5010 – Electrical Service and Distribution – Replace the main disconnect - $5,000
D5021 – Branch Wiring – Provision to replace branch wiring (pending results of study) - $43,500
D5022 – Lighting Equipment – Replace the lighting equipment - $20,300
D5091 – Exit & Emergency Light Systems – Replace the emergency equipment - $2,500
TOTAL = $77,500","The architectural components of the building are in overall good condition.  The foundation, superstructure, windows, and roofing were all reported in good condition, with the exception of the bitumen roofing system, which is reported in fair condition and requires some repair work.

There was some decaying noted on the horizontal wood panelling wall finish.  The wood panelling exterior is due for replacement in the current year.  The original insulated glass windows with metal frames were observed to be in good condition.  The original sloped metal roof and the sloped asphalt shingle roof, which was replaced in 1999, are both in good condition.  However, the modified bitumen roof, replaced in 1999, was observed to be in fair condition due to ponding and requires repair work in the current year.  

All of the interior finishes and fittings are reported in overall fair condition.  Wall finishes were upgraded in 2004, while flooring finishes were upgraded in 1999.  The vinyl flooring requires repair work in the current year.  The ceiling finishes are original and are reported in fair condition.  The wood framed vanities, kitchen cabinetry, and interior doors are original and reported in good condition.  

The building site includes concrete and asphalt pedestrian walkways which were observed to be in fair condition.  Repairs to the pedestrian walkways are due in the current year.  Other site features include a wood framed balcony and staircases, wood framed playground structure, metal railings, concrete retaining wall, chain link fencing, and a wood framed shed.   All of these components are observed to be in good condition.",,,,,,,,,,,,,,,,,,,,#N/A,,,,,,,,,,,,,,,,,,Regular,,,,,,99,,0,#N/A,#N/A,#N/A,#N/A,#N/A,#N/A,#N/A,#VALUE!,,,,,,Pre-Screen Low,-123.0837387,49.2640624
1065,COMM_2062_1572 W 4th Av,1572 W 4th Av,,,,,,,,,,,5 - No Investment,City Owned,2062,1948-01,1948,1941,"$1,548,453","4,665",332,2,0,COMM_2062_1572 W 4th Av building is understood to have been constructed circa 1948. The building is largely provided with systems and components originating from the initial building construction.,"The two-storey structure with slab-on-grade foundation with concrete perimeter walls. Where exposed, the superstructure consists of concrete masonry block walls supporting a woof roof deck.  No significant deficiencies were observed to suggest differential settlement of the building foundations or movement of the building structure.
The building exterior walls are generally comprised of mostly stucco siding on all building elevations. The building windows are single-paned glazing units that are set in fixed wood frames. The building is equipped with a metal framed storefront single glazed door, wood exterior doors, and an overhead door. The building is provided with built-up tar and gravel roof system. Overall, the building envelope components appear to be in poor to good condition.
The interior finishes in the building include vinyl tiles / ceramic tiles / laminate wood flooring, acoustic ceiling tiles, and painted wall & ceiling assemblies. The interior finishes appear to be in poor to good condition.",,,,Masonry Walls,,,,,,,,,,,,,,,,#N/A,,,,,,,,,,,,,,,,,,Regular,,,,,,99,,0,#N/A,#N/A,#N/A,#N/A,#N/A,#N/A,#N/A,#VALUE!,,,,,,Pre-Screen Low,-123.1402363,49.2677263
1070,PARK_4325_Stanley Park - Brockton Point Lighthouse,Stanley Park - Brockton Point Lighthouse,,,,,,,,,,,2 - Moderate Investment,City Owned,4326,1902-01,1902,Pre-code,"$29,607",169,175,2,0,"Brockton Pont Lighthouse is understood to have been constructed circa 1902. The building is largely provided with systems and components originating from the initial building construction. Known renewals include:
- The majority portions of the building were renovated circa 2000","The two-story building appears to be constructed on spread footings. Where exposed, the superstructure appears to be of cast-in-place reinforced concrete construction.  No significant deficiencies were observed to suggest differential settlement of the building foundations or movement of the building structure.

The building exterior walls are generally comprised of painted concrete on all building elevations. The building windows are single glass units. The exterior doors are metal doors in metal frames. The roof cover is a metal roof assembly. Overall, the building envelope components appear to be in fair condition.

The interior finishes in the building include painted floor, painted wall assemblies, and painted ceiling assemblies. The interior finishes appear to be in poor condition overall.",,2000,,Concrete Structure,,,,,,,,,,,,,,,,#N/A,,,,,,,,,,,,,,,,,,Regular,,,,,,99,,0,#N/A,#N/A,#N/A,#N/A,#N/A,#N/A,#N/A,#VALUE!,,,,,,Pre-Screen Low,-123.1170212,49.30091124
1072,PARK_4325_Stanley Park - Nine O'Clock Gun,Stanley Park - Nine O'Clock Gun,,,,,,,,,,,9 - CoV Not Responsible,City Owned,4325,1986-01,1986,1985,"$9,460",54,175,1,0,,,,,,,,,,,,,,,,,,,,,,#N/A,,,,,,,,,,,,,,,,,,Regular,,,,,,99,,0,#N/A,#N/A,#N/A,#N/A,#N/A,#N/A,#N/A,#VALUE!,,,,,,Pre-Screen Low,-123.1175332,49.29804593
1073,PARK_4325_Stanley Park - Panabode Garage & Service Building,Stanley Park - Panabode Garage & Service Building,,,,,,,,,,,4 - Minimal Investment,City Owned,4325,1980-01,1980,1980,"$176,206",735,240,1,0,Panabode Garage & Service Building is understood to have been constructed circa 1980. The building is largely provided with systems and components originating from the initial building construction.,"The single-storey structure is constructed on concrete spread-footings which bear on native soil or engineered fill. Where exposed the foundation walls are poured concrete walls. Where exposed, the superstructure appears to be of wood-framed construction.  No significant deficiencies were observed to suggest differential settlement of the building foundations or movement of the building structure.
The building exterior walls are generally comprised of painted wood siding on all building elevations. The building windows are typical of wood-framed single glass units. The building is equipped with wood exterior doors. The roof cover is cedar shakes roof assembly. Overall, the building envelope components appear to be in good condition with the exception of roof and exterior windows, which are in fair condition.
The interior finishes in the building include painted wall assemblies, which are in fair condition.",,,,Wood Framed,,,,,,,,,,,,,,,,#N/A,,,,,,,,,,,,,,,,,,Regular,,,,,,99,,0,#N/A,#N/A,#N/A,#N/A,#N/A,#N/A,#N/A,#VALUE!,,,,,,Pre-Screen Low,-123.1253952,49.30052363
1075,COMM_4493_8324 Granville St,8324 Granville St,,,,,,,,,,,4 - Minimal Investment,City Owned,4493,1970-01,1970,1970,"$1,342,656","4,045",332,1,0,"BCA REPORT NOTES: 

•	The attached report is not a capital plan but a tool to assist in developing one.

•	Actions noted on the report are based on repair or renewal needs identified in an on-site visual component review. This is not a detailed facility condition assessment (not invasive testing or detailed review of existing drawings have been done as part of this assessment)

•	This is also not a code compliance review or hazardous materials survey.  Values for hazardous materials abatement, seismic retrofit, buildings upgrades or renovations are not included.  

•	It is expected that if needs occur on critical components before the date on which the report is indicating that they will be addressed and not deferred.   Alternately if needs are not present on the date indicated the component will be monitored on an appropriate schedule and the work will be deferred.

•	Component Replacement Values and Action Costs are based on RS Means average for building type and location values are for hard costs only. 

•	Overall project scope and detailed budget remains to be fully developed. 

•	These values do not constitute requested project budgets for the facility.",,,,,,,,,,,,,,,,,,,,,#N/A,,,,,,,,,,,,,,,,,,Regular,,,,,,99,,0,#N/A,#N/A,#N/A,#N/A,#N/A,#N/A,#N/A,#VALUE!,,,,,,Pre-Screen Low,-123.1400501,49.21059496
1077,COMM_4493_8388-8390 Granville St,8388-8390 Granville St,,,,,,,,,,,4 - Minimal Investment,City Owned,4493,1970-01,1970,1970,"$859,698","2,590",332,1,0,"BCA REPORT NOTES: 

•	The attached report is not a capital plan but a tool to assist in developing one.

•	Actions noted on the report are based on repair or renewal needs identified in an on-site visual component review. This is not a detailed facility condition assessment (not invasive testing or detailed review of existing drawings have been done as part of this assessment)

•	This is also not a code compliance review or hazardous materials survey.  Values for hazardous materials abatement, seismic retrofit, buildings upgrades or renovations are not included.  

•	It is expected that if needs occur on critical components before the date on which the report is indicating that they will be addressed and not deferred.   Alternately if needs are not present on the date indicated the component will be monitored on an appropriate schedule and the work will be deferred.

•	Component Replacement Values and Action Costs are based on RS Means average for building type and location values are for hard costs only. 

•	Overall project scope and detailed budget remains to be fully developed. 

•	These values do not constitute requested project budgets for the facility.",,,,,,,,,,,,,,,,,,,,,#N/A,,,,,,,,,,,,,,,,,,Regular,,,,,,99,,0,#N/A,#N/A,#N/A,#N/A,#N/A,#N/A,#N/A,#VALUE!,,,,,,Pre-Screen Low,-123.1399891,49.21019271
1102,FIRE_7265_1330 Chess St_Fire & Rescue Training Centre - Prefab Building,1330 Chess St,Phase 1,,,,,,,,,Fire & Rescue Training Centre - Prefab Building,3 - Limited Investment,City Owned,7265,2000-01,2000,1995,"$513,779","1,506",341,1,0,The Prefab Building was constructed circa 2000. The building is provided mainly with systems and components originating from the initial building construction.,"The single-storey prefabricated office trailer is likely constructed on concrete spread-footings that bear on native soil or engineered fill and wood decks.  The superstructure of the building is likely prefabricated wood- framed structure. No significant deficiencies were observed to suggest differential settlement of the building foundations or movement of the building structure.

The building exterior walls are generally comprised of vinyl siding on all building elevations. The building windows are typically of vinyl framed insulated glass units (IGUs). The exterior entrance doors are typically wooden doors. The roof cover is a metal roof assembly. Overall, the building envelope components appear to be in fair to good condition. 

The interior finishes in the building include carpet flooring, wall paper and acoustical ceiling tiles assemblies.  Overall, The interior finishes appear to be in fair to good condition.",,,,Wood Framed,,,,,,,,,,,,,,,,#N/A,,,,,,,,,,,,,,,,,,Regular,,,,,,99,,0,#N/A,#N/A,#N/A,#N/A,#N/A,#N/A,#N/A,#VALUE!,,,,,,Pre-Screen Low,-123.0856613,49.27303093
1103,FIRE_7265_1330 Chess St_Fire & Rescue Training Centre - Training Tower,1330 Chess St,Phase 1,,,,,,,,,Fire & Rescue Training Centre - Training Tower,3 - Limited Investment,City Owned,7265,1997-01,1997,1995,"$1,353,717","6,673",203,5,1,The 1330 Chess St_Fire & Rescue Training Centre - Training Tower was constructed circa 1997. The building is provided mainly with systems and components originating from the initial building construction.,"The five-storey building was likely constructed on deep concrete foundations. The superstructure is likely cast in place reinforced concrete columns, beams, suspended floor concrete, masonry block (CMU) walls  and concrete roof slabs suspended flat roof structure with roof sheathing systems.  No significant deficiencies were observed to suggest differential settlement of the building foundations or movement of the building structure.

The building exterior walls are generally comprised of unfinished masonry block on all elevations . The building external doors are metal single and double-frame metal doors which are mounted to metal frames. The roof cover is a coated with epoxy paint finishes. The building envelope components appear to be in good condition overall with the exception of the exterior doors which are in fair condition.

The interior finishes in the building include sealed concrete floor, painted wall finish, and painted ceiling finish. The building interior finishes appear to be in fair condition overall with the exception of the painted wall finishes which is in poor condition.",,,,Masonry Walls,,,,,,,,,,,,,,,,#N/A,,,,,,,,,,,,,,,,,,Regular,,,,,,99,,0,#N/A,#N/A,#N/A,#N/A,#N/A,#N/A,#N/A,#VALUE!,,,,,,Pre-Screen Low,-123.0856488,49.27279566
1104,FIRE_7265_1330 Chess St_Fire & Rescue Training Centre - HUSAR,1330 Chess St,Phase 1,,,,,,,,,Fire & Rescue Training Centre - HUSAR,1 - Full Investment,City Owned,7265,2005-01,2005,2005,"$1,643,379","7,426",221,2,0,"The Training Facility Building was constructed circa 2005. The building is provided mainly with systems and components originating from the initial building construction.
The Warehouse Building was constructed circa 2011. The building is provided mainly with systems and components originating from the initial building construction.","The 2005  structure a two-storey building constructed on concrete standard deep foundations. The superstructure of the building appears to be a wood-frame structure consists of wood columns, load bearing stud walls, beams and roof sheathing systems. No significant deficiencies were observed to suggest differential settlement of the building foundations or movement of the building structure.
The 2011 structure a single-storey building constructed on concrete spread footings and foundations walls. The superstructure of the building appears to  be overall a pre-engineered steel-frame structure consists of steel columns, steel purlins with insulated roofing panel systems. No significant deficiencies were observed to suggest differential settlement of the building foundations or movement of the building structure.

The 2005 building exterior walls are generally comprised of wood siding on all elevations . The building windows are typical of fixed and operable insulated double glass units. The exit doors are hollow metal doors in metal frames. The roof cover is an inverted modified bitumen SBS roofing. The building envelope components appear to be in good condition overall, with the exception of wood siding which is in fair condition. 
The 2011 building exterior walls are generally comprised of metal panels siding on all elevations . The exit doors are of hollow metal doors in metal frames and sectional overhead doors. The roof cover is metal roofing. Overall, The building envelope components appear to be in good condition. 

The 2005  building interior finishes include painted concrete floors, vinyl tiles flooring, painted wall finish and painted ceiling finish. Overall the building interior finishes appear to be in fair condition.
The 2011  building interior finishes include painted concrete floors, vinyl tiles flooring, ceramic floor tiles, painted wall finish, ceramic wall tiles, painted ceiling finish and suspended acoustic ceiling panels system. Overall the building interior finishes appear to be in good condition.",,,,Wood Framed,,,,,,,,,,,,,,,,#N/A,,,,,,,,,,,,,,,,,,Regular,,,,,,99,,0,#N/A,#N/A,#N/A,#N/A,#N/A,#N/A,#N/A,#VALUE!,,Responder,,,,Pre-Screen Low,-123.0851336,49.27265847
1105,FIRE_7265_1330 Chess St_Fire & Rescue Training Centre - Main Building,1330 Chess St,Phase 1,,,,,,,,,Fire & Rescue Training Centre - Main Building,1 - Full Investment,City Owned,7265,2003-01,2003,1995,"$2,178,273","6,385",341,2,0,The1330 Chess St_Fire & Rescue Training Centre - Main Building was constructed circa 2003. The building is provided mainly with systems and components originating from the initial building construction.,"The two-storey building constructed on concrete spread footings. The superstructure is likely reinforced concrete walls, concrete columns suspended flat roof structure with roof sheathing systems.  No significant deficiencies were observed to suggest differential settlement of the building foundations or movement of the building structure.

The building exterior walls are generally comprised of unfinished masonry block , metal siding and brick siding on all elevations . The building exterior windows are typical window walls and of fixed and operable metal double glazing units. The external doors are metal single-frame doors and aluminum glazed single-frame doors which are mounted to metal frames. The roof cover is a conventional modified bitumen SBS roofing assembly. Overall, The building envelope components appear to be in good condition.
The interior finishes in the building include carpet finish, vinyl sheet flooring, painted wall finishes and painted ceiling finish. The building interior finishes appear to be in good condition overall with the exception of the painted wall finishes which is in fair condition.",,,,Concrete Structure,,,,,,,,,,,,,,,,#N/A,,,,,,,,,,,,,,,,,,Regular,,,,,,99,,0,#N/A,#N/A,#N/A,#N/A,#N/A,#N/A,#N/A,#VALUE!,,Responder,,,,Pre-Screen Low,-123.0863945,49.27297851
1112,COMM_8035_1630-1670 E Hastings St_SPUD - UNYA,1630-1670 E Hastings St,,,,,,,,,,SPUD - UNYA,4 - Minimal Investment,City Owned,8035,1960-01,1960,1960,"$5,912,003","17,811",332,3,0,"The 1630-1670 E Hastings are understood to have been constructed circa 1960. The building is largely provided with systems and components originating from the initial building construction. Known renewals include:
- The major renovation was done in 2014 for the UNYA portion of the building 
- The roof was replaced in 1990","The three-level building appears to be constructed on spread footings. Where exposed, the superstructure appears to be of concrete block walls and steel beams and columns with open web steel joists.  No significant deficiencies were observed to suggest differential settlement of the building foundations or movement of the building structure.

The building exterior walls are generally comprised of brick masonry on all building elevations. The building windows are typical of metal-framed single glass units. The exterior entrance doors are typically glass doors set in metal frames. The service doors are hollow metal doors in metal frames. The roof cover is a 2-ply modified bituminous roof assembly. Overall, the building envelope components appear to be in good condition. However, water infiltration was observed in the exterior walls.

The interior finishes in the building include ceramic floor tiles, exposed concrete floor, carpet flooring, vinyl floor sheet, vinyl floor tiles, painted wall assemblies, painted ceiling assemblies, and suspended acoustic tile ceiling assemblies. The interior finishes appear to be in fair to good condition overall.",,,,Concrete Structure,,,,,,,,,,,,,,,,#N/A,,,,,,,,,,,,,,,,,,Regular,,,,,,99,,0,#N/A,#N/A,#N/A,#N/A,#N/A,#N/A,#N/A,#VALUE!,,,,,,,-123.0715111,49.28101074
1113,PARK_3250_1900 Beach Av_English Bay Bath House,1900 Beach Av,,,,,,,,,,English Bay Bath House,2 - Moderate Investment,City Owned,3250,1931-01,1931,Pre-code,"$1,835,991","10,480",175,1,0,"The 1900 Beach Ave building is understood to have been constructed circa 1931. The building was refurbished circa 1986 and renovated circa 1995. Known renewals include:
- Interior walls and ceiling painted finishes.
- Exterior walls painted finish.
- Exterior and interior doors.","The single-storey building with a basement appears to be constructed on spread footings. Where exposed, the superstructure appears to be of concrete framed construction. The building concrete floor slab and concrete roof deck are cracked and casing water leak to the floor below. No significant deficiencies were observed to suggest differential settlement of the building foundations or movement of the building structure.

The building exterior walls are generally comprised of painted concrete walls on the north, south and west building elevations. The building windows are typical of wood-framed single glass. The exterior entrance doors are typically hollow core metal double-doors set in metal frames. The service doors are hollow core metal doors and solid wood doors in metal frames. The roof cover is a traffic membrane. Overall, the building envelope components appear to be in poor to fair condition.

The interior finishes in the building include vinyl sheet flooring, painted concrete floor, ceramic floor tiles, painted wall assemblies, ceramic tiles wall finish, and painted ceiling assemblies. The interior finishes appear to be in good condition overall, with the exception of painted concrete floor which is in poor condition.",B,1986,,Concrete Structure,,,,,,,,,,,,,,,,#N/A,,,,,,,,,,,,,,,,,,Regular,,,,,,99,,0,#N/A,#N/A,#N/A,#N/A,#N/A,#N/A,#N/A,#VALUE!,13%,,11-100,,0.9,High,-123.142844,49.28603291
1120,CWYD_6872_900 E Kent Av North_Asphalt Plant - Precast Plant & Office Building,900 E Kent Av North,Phase 1,,,,,,,,,Asphalt Plant - Precast Plant & Office Building,2 - Moderate Investment,City Owned,6872,1999-01,1999,1995,"$1,820,061","5,335",341,1,0,,,,,,,,,,,,,,,,,,,,,,#N/A,,,,,,,,,,,,,,,,,,Regular,,,,,,99,,0,#N/A,#N/A,#N/A,#N/A,#N/A,#N/A,#N/A,#VALUE!,,,,,,Pre-Screen Low,-123.0863951,49.20749538
1121,CWYD_6872_900 E Kent Av North_Asphalt Plant - Materials Testing Lab & Office Building,900 E Kent Av North,Phase 1,,,,,,,,,Asphalt Plant - Materials Testing Lab & Office Building,2 - Moderate Investment,City Owned,6872,1999-01,1999,1995,"$1,723,855","5,053",341,2,0,,,,,,,,,,,,,,,,,,,,,,#N/A,,,,,,,,,,,,,,,,,,Regular,,,,,,99,,0,#N/A,#N/A,#N/A,#N/A,#N/A,#N/A,#N/A,#VALUE!,,,,,,Pre-Screen Low,-123.089075,49.20684176
1122,CWYD_6872_900 E Kent Av North_Asphalt Plant - Asphalt Plant Control Room & Electrical Buil,900 E Kent Av North,Phase 1,,,,,,,,,Asphalt Plant - Asphalt Plant Control Room & Electrical Buil,2 - Moderate Investment,City Owned,6872,1999-01,1999,1995,"$194,745",880,221,2,0,,,,,,,,,,,,,,,,,,,,,,#N/A,,,,,,,,,,,,,,,,,,Regular,,,,,,99,,0,#N/A,#N/A,#N/A,#N/A,#N/A,#N/A,#N/A,#VALUE!,,,,,,Pre-Screen Low,-123.0872339,49.20810243
1132,RECR_10589_4186-4196 W 4th Av_West Point Grey Jericho Hill Centre - Cafeteria & Daycare,4186-4196 W 4th Av,NOT IN SCOPE,,,,,,,,,West Point Grey Jericho Hill Centre - Cafeteria & Daycare,4 - Minimal Investment,City Operated,10589,1969-01,1969,1965,"$9,010,281","31,321",288,2,0,The 1675 Discovery St_Jericho Arts Centre was constructed circa 1920. The building is provided mainly with systems and components originating from the initial building construction.,"The two-storey building is constructed on concrete spread footings. The superstructure is a mix of concrete masonry block units (CMU) load-bearing walls supporting steel roof beams and wood roof beams supporting steel corrugated roof deck. 
 
The building's exterior walls are generally comprised of painted stucco on all elevations. The building windows are aluminum frame, fixed and operable single-paned glass units. The external doors are hollow metal and glazed aluminum. The roof cover is conventional multiple-ply bitumen and built-up roofing systems. The roof surfaces are in poor condition.
 
The interior finishes in the building include vinyl sheet and tile flooring, carpet flooring, rubber, and painted floor finishes. The wall finishes included painted, ceramic wall tiles, wood plank, and wallpaper. Ceilings are mostly suspended acoustic panel systems but also include painted ceiling finishes in isolated areas of the building. The building's interior finishes appear to be in good condition overall with the exception of the ceiling finishes, ceramic tile flooring, carpet flooring, and vinyl tile flooring which are all in poor condition.",,,,Concrete Structure,,,,,,,,,,,,,,,,#N/A,,,,,,,,,,,,,,,,,,Regular,,,,,,99,,0,#N/A,#N/A,#N/A,#N/A,#N/A,#N/A,#N/A,#VALUE!,,,,,10,Pre-Screen Low,-123.1990304,49.26752801
1137,PARK_7857_580 Malkin Av_Trillium Park - Fieldhouse,580 Malkin Av,,,,,,,,,,Trillium Park - Fieldhouse,2 - Moderate Investment,City Owned,7857,2013-01,2013,2010,"$536,067","1,615",332,1,0,The building was constructed circa 2013. The building is provided mainly with systems and components originating from the initial building construction.,"The single-storey building foundations are likely standard foundations bearing on good native firm soil. The slab on grade appears to be cast in place concrete continuously supported by native soil or engineered fill.   The building is likely be  a cast in place concrete framed structure, and wood roof rafters suspended sloped roof structure. The roof covering includes conventional modified bitumen roofing. The exterior walls consist of painted concrete finishes. The exterior doors include metal single doors. The interior partitions are painted masonry concrete units.  

The interior doors are generally single metal doors set in matching metal frames. The interior floor finishes include sealed concrete and ceramic tiles floor finish. The interior ceiling finishes include stained wood ceilings.",,,,Wood Framed,,,,,,,,,,,,,,,,#N/A,,,,,,,,,,,,,,,,,,Regular,,,,,,99,,0,#N/A,#N/A,#N/A,#N/A,#N/A,#N/A,#N/A,#VALUE!,,,,,,Pre-Screen Low,-123.0928649,49.2749133
1138,RECR_1821_6260 Killarney St_Killarney Indoor Pool,6260 Killarney St,,,,,,,,,,Killarney Indoor Pool,1 - Full Investment,City Owned,1821,2006-01,2006,2005,"$8,929,747","23,894",374,1,1,"The Killarney Indoor Pool is a 23,894 sf, single storey building with a basement and mezzanine level constructed circa 2006. The building is primarily used as an indoor pool.","The single-storey building with a basement and mezzanine level appears to be constructed on spread footings. Where exposed, the superstructure appears to be a combination of steel, wood and concrete construction. No significant deficiencies were observed to suggest differential settlement of the building foundations or movement of the building structure. However, some leaks were observed in the pool area.

The building exterior walls are generally comprised of brick masonry, metal siding, and curtain walls on all original building elevations. The building windows are typically of metal framed insulated glass units (IGUs).  The exterior entrance doors are typically glass doors set in aluminum frames. The service doors are hollow metal doors in metal frames. The roof cover is a single ply membrane roof assembly. Overall, the building envelope components appear to be in good condition.

The interior finishes in the building include ceramic floor tiles, vinyl sheet flooring, exposed concrete floor, painted wall assemblies, ceramic wall tiles, acoustical wall panels, painted ceiling assemblies and acoustic ceiling assemblies. The interior finishes appear to be in good condition overall.

The pool includes ceramic tile finish, waterslide, sprayer, and diving boards. The pool finishes and equipment appear to be in good condition overall",,,,Concrete Structure,,,,,,,,,,,,,,,,#N/A,,,,,,,,,,,,,,,,,,Regular,,,,,,99,,0,#N/A,#N/A,#N/A,#N/A,#N/A,#N/A,#N/A,#VALUE!,0.2%,High Occupancy,101-1000,,2.7,Low,-123.0441038,49.22715053
1139,RECR_1821_6260 Killarney St_Killarney Ice Rink and Lobby,6260 Killarney St,,,,,,,,,,Killarney Ice Rink and Lobby,1 - Full Investment,City Owned,1821,2009-01,2009,2005,"$14,135,966","38,896",363,1,0,"The Killarney Ice Rink is 38,896 sq. ft., single storey building constructed circa 2009. The building is primarily used as an ice rink.","The single-storey building appears to be constructed on spread footings. Where exposed, the superstructure appears to be of a combination of concrete masonry block units (CMU) with steel and wood beams, and steel open web steel joists OWSJ and corrugated steel deck roof.  No significant deficiencies were observed to suggest differential settlement of the building foundations or movement of the building structure .

The building exterior walls are generally comprised of pre-cast concrete, brick veneer and metal cladding walls on all building elevations. The building windows are double-paned glazing units set in anodized aluminum frames. The exterior doors are typically metal doors set in aluminum frames. The roof cover is a modified bituminous roof assembly and a single ply membrane roof assembly. Overall, the building envelope components appear to be in good condition with the exception of cast in place having cracks.

The interior finishes in the building include ceramic floor tiles, rubber flooring, carpet flooring, exposed concrete floor, painted wall assemblies, ceramic wall tiles, acoustical and wood wall panels, painted ceiling assemblies, wood ceiling and suspended acoustic tile ceiling assemblies. The interior finishes appear to be in good condition overall.

The ice rink consists of concrete pad with embedded cold floor pipes, fixed seating, and galvanized steel dasher boards. The rink components are in good condition.",,,,Concrete Structure,,,,,,,,,,,,,,,,#N/A,,,,,,,,,,,,,,,,,,Regular,,,,,,99,,0,#N/A,#N/A,#N/A,#N/A,#N/A,#N/A,#N/A,#VALUE!,0.2%,High Occupancy,101-1000,,2.7,Low,-123.043401,49.22656898
1143,RECR_1469_3360 Victoria Drive_Trout Lake Community Centre,3360 Victoria Drive,Phase 1,,,,,,,,,Trout Lake Community Centre,1 - Full Investment,City Owned,1469,2011-01,2011,2010,"$10,586,455","36,800",288,2,0,Trout Lake Community Centre is understood to have been constructed circa 2011 and is a registered LEED silver building. The building is largely provided with systems and components originating from the initial building construction.,"The two-storey building with a basement appears to be constructed on concrete spread-footings which bear on native soil or engineered fill. Where exposed, the superstructure appears to be of cast in place reinforced concrete columns, beams, and walls supporting concrete floor slabs and glulam beams with corrugated steel metal roof deck.  No significant deficiencies were observed to suggest differential settlement of the building foundations or movement of the building structure. However, some evidence of deterioration in the wood beams were observed.

The building exterior walls are generally comprised of concrete walls and composite board siding on the building elevations. The window walls are typically of metal framed insulated glass units (IGUs). The exterior entrance doors are typically glass doors set in aluminum frames. The service doors are hollow metal doors in metal frames. The roof cover includes conventional - single ply membrane (EPDM), pedestrian waterproofing and concrete paved roof assemblies. Overall, the building envelope components appear to be in good condition. 

The interior finishes in the building include ceramic floor tiles, sealed concrete floor finish, carpet floor tiles, painted wall assemblies, ceramic wall tiles, acoustical wall panels, painted ceiling assemblies, wood ceiling and suspended acoustic panels ceiling assemblies. The interior finishes appear to be in good condition overall.",,2011,,Concrete Structure,,,,,,,,,,,,,,,,#N/A,,,,,,,,,,,,,,,,,,Regular,,,,,,99,,0,#N/A,#N/A,#N/A,#N/A,#N/A,#N/A,#N/A,#VALUE!,,,,,,Pre-Screen Low,-123.0652694,49.25537748
1181,CWYD_7858_701-709 National Av_National Yards - Administration Building,701-709 National Av,Phase 1,,,,,,,,,National Yards - Administration Building,1 - Full Investment,City Owned,7858,2003-01,2003,1995,"$8,607,739","35,905",240,2,0,The National Yards - Administration Building was constructed circa 2003. The building is largely provided with systems and components originating from the initial building construction.,"The two-story building appears to be constructed on spread concrete footings with a slab on grade. Where exposed, the superstructure seems to be of concrete floor and metal roof construction. No significant deficiencies were observed to suggest differential settlement of the building foundations or movement of the building structure.

The building exterior walls generally comprise concrete precast walls and metal cladding on the building elevations. The windows are typical of metal-framed insulated glass units (IGUs). At the main entrance, exterior doors are glass doors set in aluminum frames, and the service doors are hollow metal doors in metal frames. The roof covers include 2-ply modified bituminous at the flat roof assembly and a metal roof at the sloping roof. Overall, the building envelope components appear to be in good condition.

The interior finishes in the building include ceramic floor tiles, vinyl floor tiles, carpet floor tiles, traffic topping, painted wall assemblies, ceramic wall tiles, painted ceiling assemblies, and suspended acoustic tile ceiling assemblies.  Overall, the interior finishes appear to be in good condition.",,,,Concrete Structure,,,,,,,,,,,,,,,,#N/A,,,,,,,,,,,,,,,,,,Regular,,,,,,99,,0,#N/A,#N/A,#N/A,#N/A,#N/A,#N/A,#N/A,#VALUE!,,Business Continuity,,,10,Pre-Screen Low,-123.0900183,49.27339696
1182,CWYD_7858_701-709 National Av_National Yards - Parking Operations Building,701-709 National Av,Phase 1,,,,,,,,,National Yards - Parking Operations Building,1 - Full Investment,City Owned,7858,2003-01,2003,1995,"$1,018,880","4,250",240,1,0,The National Yards - Parking Operations Building was constructed circa 2003. The building is largely provided with systems and components originating from the initial building construction.,"The single-story building appears to be constructed on spread concrete footings with a slab on grade. Where exposed, the superstructure seems to be of concrete floor and metal roof construction. No significant deficiencies were observed to suggest differential settlement of the building foundations or movement of the building structure.

The building exterior walls generally comprise concrete precast walls and metal cladding on the building elevations. The windows are typical of metal-framed insulated glass units (IGUs). At the main entrance, exterior doors are glass doors set in aluminum frames, and the service doors are hollow metal doors in metal frames. The roof covers include 2-ply modified bituminous at the flat roof assembly and a metal roof at the sloping roof. Overall, the building envelope components appear to be in good condition.

The interior finishes in the building include ceramic floor tiles, carpet floor tiles, traffic topping, painted wall assemblies, ceramic wall tiles, painted ceiling assemblies, and suspended acoustic tile ceiling assemblies.  Overall, the interior finishes appear to be in good condition.",,,,Concrete Structure,,,,,,,,,,,,,,,,#N/A,,,,,,,,,,,,,,,,,,Regular,,,,,,99,,0,#N/A,#N/A,#N/A,#N/A,#N/A,#N/A,#N/A,#VALUE!,,Business Continuity,,,10,Pre-Screen Low,-123.0888903,49.27316576
1183,CWYD_7858_701-709 National Av_National Yards - Garage/Radio Shop,701-709 National Av,Phase 1,,,,,,,,,National Yards - Garage/Radio Shop,1 - Full Investment,City Owned,7858,2003-01,2003,1995,"$5,214,509","21,751",240,1,0,The Garage/Radio Shop Building was constructed circa 2003. The building is provided mainly with systems and components originating from the initial building construction.,"The single-story building appears to be constructed on spread concrete footings with a slab on grade. The superstructure seems to be of concrete and metal columns and metal roof construction.  No significant deficiencies were observed to suggest differential settlement of the building foundations or movement of the building structure.

The building exterior walls generally comprise concrete block walls and metal cladding on the building elevations. The windows are typical of metal-framed insulated glass units (IGUs). At the main entrance, exterior doors are glass doors set in aluminum frames, and the service doors are hollow metal doors in metal frames. The roof cover consists of metal roof assemblies.  Overall, the building envelope components appear to be in good condition.

The interior finishes in the building include ceramic floor tiles, traffic topping, painted wall assemblies, ceramic wall tiles, painted ceiling assemblies, and suspended acoustic tile ceiling assemblies. Overall, the interior finishes appear to be in good condition.",,,,Metal Framed,,,,,,,,,,,,,,,,#N/A,,,,,,,,,,,,,,,,,,Regular,,,,,,99,,0,#N/A,#N/A,#N/A,#N/A,#N/A,#N/A,#N/A,#VALUE!,,Business Continuity,,,10,Pre-Screen Low,-123.0883816,49.27361702
1184,CWYD_7858_701-709 National Av_National Yards - Warehouse Building,701-709 National Av,Phase 1,,,,,,,,,National Yards - Warehouse Building,1 - Full Investment,City Owned,7858,2003-01,2003,1995,"$2,464,247","13,600",181,1,0,The National Yards - Warehouse Building was constructed circa 2003. The building is largely provided with systems and components originating from the initial building construction.,"The single-story building appears to be constructed on spread concrete footings with a slab on grade. Where exposed, the superstructure seems to be of concrete floor and metal roof construction. No significant deficiencies were observed to suggest differential settlement of the building foundations or movement of the building structure.

The building's exterior walls generally comprise concrete block walls and metal cladding on the building elevations. The windows are typical of metal-framed insulated glass units (IGUs). The exterior doors are hollow metal doors in metal frames. The roof covers include a metal roof at the sloping roof. Overall, the building envelope components appear to be in good condition.

The interior finishes in the building include ceramic floor tiles, vinyl floor sheeting, carpet floor tiles, painted wall assemblies, ceramic wall tiles, and suspended acoustic tile ceiling assemblies.  Overall, the interior finishes appear to be in good condition.",,,,Masonry Walls,,,,,,,,,,,,,,,,#N/A,,,,,,,,,,,,,,,,,,Regular,,,,,,99,,0,#N/A,#N/A,#N/A,#N/A,#N/A,#N/A,#N/A,#VALUE!,,Business Continuity,,,10,Pre-Screen Low,-123.0893985,49.27415285
1185,CWYD_7858_701-709 National Av_National Yards - Carwash Building,701-709 National Av,Phase 1,,,,,,,,,National Yards - Carwash Building,1 - Full Investment,City Owned,7858,2003-01,2003,1995,"$338,028","1,410",240,1,0,The Carwash Building was constructed circa 2003. The building is provided mainly with systems and components originating from the initial building construction.,"The single-story building appears to be constructed on spread concrete footings with a slab on grade. The superstructure seems to be of concrete block walls and metal roof construction.  No significant deficiencies were observed to suggest differential settlement of the building foundations or movement of the building structure.

The building's exterior walls generally comprise concrete block walls on the building elevations. The exterior entrance door is hollow metal door set in metal frames. The roof covers include 2-ply modified bituminous at the flat roof assembly.  Overall, the building envelope components appear to be in good condition.

The interior finishes in the building includes sealed concrete floor and pre-finished metal panels.  Overall, the interior finishes appear to be in good condition.",,,,Masonry Walls,,,,,,,,,,,,,,,,#N/A,,,,,,,,,,,,,,,,,,Regular,,,,,,99,,0,#N/A,#N/A,#N/A,#N/A,#N/A,#N/A,#N/A,#VALUE!,,Business Continuity,,,10,Pre-Screen Low,-123.0867547,49.2731415
1186,CWYD_7858_701-709 National Av_National Yards - Fuel Island/Office,701-709 National Av,Phase 1,,,,,,,,,National Yards - Fuel Island/Office,1 - Full Investment,City Owned,7858,2003-01,2003,1995,"$1,290,262","5,382",240,1,0,The Fuel Island/Office Building was constructed circa 2003. The building is provided mainly with systems and components originating from the initial building construction.,"The single-story building appears to be constructed on spread concrete footings with a slab on grade. The superstructure seems to be of concrete floor and metal roof canopy construction.  

The building's exterior walls generally comprise concrete block walls on the building elevations and metal cladding on the canopy. The windows are typical of metal-framed insulated glass units (IGUs). At the exterior doors are hollow metal doors in metal frames. The roof covers include 2-ply modified bituminous at the flat office roof assembly and a metal roof at the canopies. 

The interior finishes in the building include ceramic floor tiles, traffic topping, painted wall assemblies, ceramic wall tiles, and painted ceiling assemblies.",,,,Masonry Walls,,,,,,,,,,,,,,,,#N/A,,,,,,,,,,,,,,,,,,Regular,,,,,,99,,0,#N/A,#N/A,#N/A,#N/A,#N/A,#N/A,#N/A,#VALUE!,,Business Continuity,,,10,Pre-Screen Low,-123.0871104,49.27296823
1187,CWYD_7858_701-709 National Av_National Yards - Shed and Storage Bins,701-709 National Av,Phase 1,,,,,,,,,National Yards - Shed and Storage Bins,1 - Full Investment,City Owned,7858,2003-01,2003,1995,"$18,047,592","92,390",195,1,0,"The Shed and Storage Bins Cover consists of a metal structure with 92,390 sq. ft..","The single-story building appears to be constructed on spread concrete footings with a slab on grade. The superstructure seems to be of concrete and metal with metal roof construction.  No significant deficiencies were observed to suggest differential settlement of the building foundations or movement of the building structure.

The building's exterior walls generally comprise of corrugated metal on the building elevations. The exterior entrance door is hollow metal door set in metal frames. The roof covers include 2-ply modified bituminous at the flat roof assembly.  Overall, the building envelope components appear to be in good condition.",,,,Metal Framed,,,,,,,,,,,,,,,,#N/A,,,,,,,,,,,,,,,,,,Regular,,,,,,99,,0,#N/A,#N/A,#N/A,#N/A,#N/A,#N/A,#N/A,#VALUE!,,Business Continuity,,,10,Pre-Screen Low,-123.0907834,49.27426264
1188,CWYD_10185_814 Richards St,814 Richards St,Phase 1,,,,,,,,,,9 - CoV Not Responsible,City Leased,10185,1971-01,1971,1970,"$16,375,430","48,000",341,4,1,,,,2013,,,,,,,,,,,,,,,,,,#N/A,,,,,,,,,,,,,,,,,,Regular,,,,,,99,,0,#N/A,#N/A,#N/A,#N/A,#N/A,#N/A,#N/A,#VALUE!,1.0% - 1.6%,Business Continuity,11-100,,2.0 - 1.6,High,-123.118186,49.27962842
1191,CWYD_3243_1250 E 45th Av_South Vancouver Yard - Yard Office and Lunchroom,1250 E 45th Av,Phase 1,,,,,,,,,South Vancouver Yard - Yard Office and Lunchroom,4 - Minimal Investment,City Owned,3243,1940-01,1940,Pre-code,"$951,822","2,790",341,1,0,1250 E 45th Ave building is understood to have been constructed circa 1940. The building is largely provided with systems and components originating from the initial building construction.,"The single-story building appears to be constructed on spread footings. Where exposed, the superstructure appears to be of wood-framed construction.  The building has differential settlement of the building foundations causing movement of the building structure.

The building exterior walls are generally comprised of vinyl siding on all building elevations. The building windows are typical of  wood-framed single pane glass units. The exterior entrance doors are typically metal and wood doors set in wood frames.  The roof cover is a asphalt shingle roof assembly. Overall, the building envelope components appear to be in fair condition.

The interior finishes in the building include ceramic floor tiles, painted concrete floor, painted wall assemblies, painted ceiling assemblies, and suspended acoustic tile ceiling assemblies. The interior finishes appear to be in fair condition overall.",,,,Wood Framed,,,,,,,,,,,,,,,,#N/A,,,,,,,,,,,,,,,,,,Regular,,,,,,99,,0,#N/A,#N/A,#N/A,#N/A,#N/A,#N/A,#N/A,#VALUE!,,,,,,,-123.0807076,49.22885451
1192,CWYD_3243_1250 E 45th Av_South Vancouver Yard - Truck and Equipment Shelter,1250 E 45th Av,Phase 1,,,,,,,,,South Vancouver Yard - Truck and Equipment Shelter,4 - Minimal Investment,City Owned,3243,1940-01,1940,Pre-code,"$730,200","4,950",148,1,0,1250 E 45th Ave building is understood to have been constructed circa 1940. The building is largely provided with systems and components originating from the initial building construction.,"The single-story building appears to be constructed on spread footings. Where exposed, the superstructure appears to be of wood-framed, and concrete framed construction.  No significant deficiencies were observed to suggest differential settlement of the building foundations or movement of the building structure.

The building exterior walls are generally comprised of painted concrete walls on all building elevations. The roof cover is a 2-ply modified bituminous roof assembly. Overall, the building envelope components appear to be in fair condition.

The interior finishes in the building include sealed concrete floor, painted wall assemblies and painted ceiling assemblies. The interior finishes appear to be in poor condition.",,,,Masonry Walls,,,,,,,,,,,,,,,,#N/A,,,,,,,,,,,,,,,,,,Regular,,,,,,99,,0,#N/A,#N/A,#N/A,#N/A,#N/A,#N/A,#N/A,#VALUE!,,,,,,,-123.0802671,49.22857241
1193,PARK_3321_5455 Fraser St_Mountain View Cemetery - Customer Service Building,5455 Fraser St,,,,,,,,,,Mountain View Cemetery - Customer Service Building,1 - Full Investment,City Owned,3321,2008-01,2008,2005,"$2,203,178","6,458",341,1,1,The Cemetery - Customer Service Building includes partial basement level was constructed circa 2008. The building is provided mainly with systems and components originating from the initial building construction.,"The single-storey building constructed on concrete spread footings and concrete basement walls. The superstructure basement level of the building appears to be constructed with suspended reinforced concrete floor slab, concrete masonry block (CMU) walls. The superstructure is a reinforced masonry structure with steel beams, steel open web roof joists and composite metal deck flat roof. No significant deficiencies were observed to suggest differential settlement of the building foundations or movement of the building structure.

The building exterior walls are generally comprised of  stone finishes and unfinished concrete on all elevations . The building windows are typical of fixed and operable insulated double glass units. The exterior entrance door is provided by a metal hollow-core single, wooden framed glazed single-doors and double- doors. The roof cover is an conventional modified bitumen SBS roofing assembly .Overall, the building envelope components appear to be in good condition.

The interior finishes in the building include  granite floor tiles, painted floor finishes, painted wall finish, wood wall finishes, and painted ceiling finish.  The building interior finishes appear to be in good condition overall , with the exception of painted floor finishes is in fair condition.",,,,Masonry Walls,,,,,,,,,,,,,,,,#N/A,,,,,,,,,,,,,,,,,,Regular,,,,,,99,,0,#N/A,#N/A,#N/A,#N/A,#N/A,#N/A,#N/A,#VALUE!,,,,,10,Pre-Screen Low,-123.0927887,49.23507053
1194,PARK_3321_5455 Fraser St_Mountain View Cemetery - Operations Centre,5455 Fraser St,,,,,,,,,,Mountain View Cemetery - Operations Centre,1 - Full Investment,City Owned,3320,2007-01,2007,2005,"$1,135,392","4,736",240,2,0,The Operations Centre Building was constructed circa 2007. The building is provided mainly with systems and components originating from the initial building construction.,"The two-storey building constructed on concrete spread footings. The superstructure is reinforced masonry structure with steel beams, steel open web roof joists and composite metal deck flat roof. No significant deficiencies were observed to suggest differential settlement of the building foundations or movement of the building structure.

The building exterior walls are generally comprised of wood siding finishes and unfinished concrete on all elevations. The building windows are typical of fixed and operable aluminum insulated double glass units. The exterior entrance door is provided by a hollow-core metal single-doors and double-doors. The roof cover is an inverted built-up roofing assembly . The building envelope components appear to be in good condition overall, with the exception of the wood siding which is in fair condition.

The interior finishes in the building include sealed floor finishes, painted wall finish and painted ceiling finish. The building interior finishes appear to be in good condition overall, with the exception of painted wall and sealed floor finishes which are in fair condition.",,,,Masonry Walls,,,,,,,,,,,,,,,,#N/A,,,,,,,,,,,,,,,,,,Regular,,,,,,99,,0,#N/A,#N/A,#N/A,#N/A,#N/A,#N/A,#N/A,#VALUE!,,,,,10,Pre-Screen Low,-123.0939064,49.23594089
1197,RESI_1202_2210-2220 Arbutus St,2210-2220 Arbutus St,Phase 1,,,,,,,,,,1 - Full Investment,City Owned,1202,1950-01,1950,1941,"$939,248","3,286",286,2,1,The building was constructed circa 1950. The building was provided mainly with systems and components originating from the initial building construction.,"The two-storey building structure is constructed of poured concrete foundation walls on either spread or strip footings bearing on good native firm soil.

The two-storey building structural framing system is likely a wood framed structure, where wood framed stud walls support the suspended wood floors and wood roof trusses/rafters.

The exterior walls consist of asphalt shingle siding, The exterior windows are wood framed with single glass units. The exterior doors are wood doors. 

The interior partitions are painted gypsum wallboard. 

The interior floor finishes include painted concrete floor, hardwood and vinyl planks floor finishes. The interior ceiling finish is painted  gypsum board. The interior doors are generally single wood doors set in matching wood frames.",A,1995,,Wood Framed,,,,,,,,,,,,,,,,#N/A,,,,,,,,,,,,,,,,,,Regular,,,,,,99,,0,#N/A,#N/A,#N/A,#N/A,#N/A,#N/A,#N/A,#VALUE!,,,Unknown,,,Pre-Screen Low,-123.1526244,49.26611272
1206,COMM_10216_8460 Granville St,8460 Granville St,,,,,,,,,,,3 - Limited Investment,City Owned,10216,1986-01,1986,1985,"$1,072,134","3,230",332,1,0,The 8460 Granville St market grocery store building was constructed circa 1986. The building is provided mainly with systems and components originating from the initial building construction.,"The single-storey building constructed on concrete spread footings. The superstructure is likely wood columns and wood beams supported a wood roof deck. No significant deficiencies were observed to suggest differential settlement of the building foundations or movement of the building structure.

The building exterior walls are generally comprised of stucco finishes on the east elevation and window walls on the west elevation. The building windows are typical of fixed single-paned glass units. The external doors are wood and metal single and double-doors which are mounted to wood and metal frames. The roof cover is inverted Built-up roofing roofing assembly. The building envelope components appear to be in good condition overall with the exception of the exterior windows which are in poor condition.

The interior finishes in the building include painted floor finish, painted wall finish, pre-finished metal panel and painted ceiling finish. Overall, the building interior finishes appear to be in poor condition.",,,,Wood Framed,,,,,,,,,,,,,,,,#N/A,,,,,,,,,,,,,,,,,,Regular,,,,,,99,,0,#N/A,#N/A,#N/A,#N/A,#N/A,#N/A,#N/A,#VALUE!,,,,,,,-123.1401284,49.20979999
1209,DAYC_10408_131 W 2nd Av_West Village Children's Centre,131 W 2nd Av,Phase 1,,,,,,,,,West Village Children's Centre,1 - Full Investment,City Owned,10408,2015-01,2015,2015,"$1,562,787","6,300",248,1,3,The building was constructed circa 2015. The building was provided mainly with systems and components originating from the initial building construction.,"The single-storey building foundation are likely standard foundations and the first floor slab appears to be cast in place concrete continuously supported by a moisture barrier on a free draining gravel. The single-storey building is likely be cast in place reinforced concrete columns, beams, and suspended floor and roof slabs with roof sheathing system.

The exterior walls consist of metal siding and window walls.  The exterior doors include glazed metal doors and hollow metal doors. The exterior windows are insulated double-paned glazing units set in anodized aluminum frames. The roof surfaces are covered with a green roofing assembly and inverted modified bitumen assembly. 

The interior partitions are painted masonry walls, and gypsum wallboard. The interior floor finishes include painted concrete floor, carpet floor and vinyl sheet floor finishes. The interior wall finishes include ceramic tiles. The interior ceiling finishes include suspended acoustic ceiling panel, painted structure and gypsum board. The interior doors are generally single and double wood and metal doors set in matching wood and metal frames.",,2015,,Concrete Structure,,,,,,,,,,,,,,,,#N/A,,,,,,,,,,,,,,,,,,Regular,,,,,,99,,0,#N/A,#N/A,#N/A,#N/A,#N/A,#N/A,#N/A,#VALUE!,,,,,,Pre-Screen Low,-123.1075444,49.26963081
1212,CULT_8658_501/601 - 111 W Hastings St_Woodward's - Level 5 & 6 Leased,501/601 - 111 W Hastings St,,,,,,,,,,Woodward's - Level 5 & 6 Leased,9 - CoV Not Responsible,City Leased,8658,2009-01,2009,2005,"$2,333,655","17,132",136,2,0,,,C (M)(H),,,,,,,,,,,,,,,,,,,#N/A,,,,,,,,,,,,,,,,,,Regular,,,,,,99,,0,#N/A,#N/A,#N/A,#N/A,#N/A,#N/A,#N/A,#VALUE!,,Emergency Shelter,Unknown,,10,Pre-Screen Low,-123.107394,49.28237546
1213,CULT_8659_111 W Hastings St_Woodward's - Childcare - Level 7,111 W Hastings St,,,,,,,,,,Woodward's - Childcare - Level 7,1 - Full Investment,City Owned,8659,2009-01,2009,2005,"$1,720,785","5,044",341,1,0,The building was constructed circa 2009. The building was originally provided mainly with systems and components originating from the initial building construction.,"The single-storey building foundation are likely standard foundations and the first floor slab appears to be cast in place concrete continuously supported by a moisture barrier on a free draining gravel. A visual site confirmation to determine if the element is a potential structural slab was not possible.

The single-storey building is likely be cast in place reinforced concrete columns, beams, and suspended floor and roof slabs with roof sheathing system.

The exterior walls consist of window walls.  The exterior doors include glazed metal doors . The roof covering includes inverted modified bitumen roofing system.

The interior partitions are painted masonry walls, and gypsum wallboard. The interior partitions also include metal-framed windows/glazed partitions in various locations. Other interior wall finishes include ceramic tiles.

The interior floor finishes include carpet floor and vinyl sheet floor finishes. The interior ceiling finishes include suspended acoustic ceiling panel, wood ceiling and painted gypsum board. The interior doors are generally single wood and metal set in matching wood and metal frames.",C (M)(H),2009,,Concrete Structure,,,,,,,,,,,,,,,,#N/A,,,,,,,,,,,,,,,,,,Regular,,,,,,99,,0,#N/A,#N/A,#N/A,#N/A,#N/A,#N/A,#N/A,#VALUE!,,Emergency Shelter,Unknown,,10,Pre-Screen Low,-123.1072988,49.28234222
1216,CULT_1086_675-695 Cambie St_Queen Elizabeth Theatre - Restaurant and Media Club,675-695 Cambie St,,,,,,,,,,Queen Elizabeth Theatre - Restaurant and Media Club,1 - Full Investment,City Owned,1086,1959-01,1959,1953,"$2,778,669","6,000",463,2,0,"The Browns Social House and Ventura restaurants are understood to have been constructed circa 1959. The building is largely provided with systems and components originating from the initial building construction. Known renewals include:
- The major renovation was done in 2018","The single-story building with a basement appears to be constructed on spread footings. Where exposed, the superstructure appears to be of concrete frame construction.  No significant deficiencies were observed to suggest differential settlement of the building foundations or movement of the building structure.

The building exterior walls are generally comprised of brick masonry on all building elevations. The building windows are typical of metal-framed single glass units and insulated glass units (IGUs). The exterior entrance doors are typically glass doors set in metal frames. The service doors are hollow metal doors in metal frames. The roof cover is a 2-ply modified bituminous roof assembly and metal frame roof with glass. Overall, the building envelope components appear to be in good condition.

The interior finishes in the building include ceramic floor tiles, exposed concrete floor, carpet flooring, painted wall assemblies, ceramic wall tiles, wood wall panels, painted ceiling assemblies, and suspended acoustic tile ceiling assemblies. The interior finishes appear to be in good condition overall.",A,2018,,Concrete Structure,,,,,,,,,,,,,,,,#N/A,,,,,,,,,,,,,,,,,,Regular,,,,,,99,,0,#N/A,#N/A,#N/A,#N/A,#N/A,#N/A,#N/A,#VALUE!,,,,,,,-123.1131161,49.27967057
1220,RECR_1295_4575 Clancy Loranger Way_Hillcrest Community Centre_MIXU,4575 Clancy Loranger Way,Phase 1,,,,,,,,,Hillcrest Community Centre,1 - Full Investment,City Owned,1295,2009-01,2009,2005,"$58,618,142","156,849",374,3,1,The 4575 Clancy Loranger Way Hillcrest Community Centre was constructed circa 2009. The building is provided mainly with systems and components originating from the initial building construction.,"The building is understood to feature concrete foundation walls with strip footings around its perimeter. A cast-in-place concrete slab is constructed throughout the structure. The three-storey building overall structure consists of cast in place reinforced concrete columns, beams, and suspended floor and roof slabs and wood columns supported on wood beams, and floor joist supported on wood Glulam beams. The low-sloped roof surfaces of the building are covered with a modified bitumen roofing and single-ply membrane assembly. The building exterior walls feature a combination of masonry units with a textured surface profile, fibre panels and metal cladding. Single and double-doors hollow metal, aluminum and glass doors are installed on exterior elevations. Exterior overhead doors feature insulated metal panels. Exterior window walls feature insulated glass units in aluminum frames. Fixed partitions installed in the building are a combination of concrete masonry, cast in place and gypsum wall board. Floor finishes installed in the building are a combination of vinyl/rubber sheets, vinyl tiles and sealed/ painted floors. Ceiling finishes installed in the building are a combination of suspended acoustic tiles and a paint ceiling finish. Interior passage doors are a combination of swing-type wood and metal units set in metal frames. Wall and floor-mounted casework is installed in the staff kitchen and in the admin areas. Overall, the structural and architectural elements were observed to be in good condition.",,,,Masonry Walls,,,,,,,,,,,,,,,,#N/A,,,,,,,,,,,,,,,,,,Regular,,,,,,99,,0,#N/A,#N/A,#N/A,#N/A,#N/A,#N/A,#N/A,#VALUE!,,,,,,Pre-Screen Low,-123.1075731,49.24391313
1221,RECR_1295_4575 Clancy Loranger Way_Hillcrest Community Centre_MIXU - Outdoor Pool,4575 Clancy Loranger Way,Phase 1,,,,,,,,,Hillcrest Community Centre,1 - Full Investment,City Owned,1295,2009-01,2009,2005,"$337,481","9,227",37,1,,The 4575 Clancy Loranger Way Hillcrest Community Centre outdoor swimming pool was constructed circa 2009. The pool is provided mainly with systems and components originating from the initial building construction., The aquatic pool consists of a sloped basin and is a poured concrete structure. The pool is finished with painted concrete and ceramic tiles. No significant deficiencies were observed to suggest differential settlement of the pool structure.,,,,Concrete Structure,,,,,,,,,,,,,,,,#N/A,,,,,,,,,,,,,,,,,,Regular,,,,,,99,,0,#N/A,#N/A,#N/A,#N/A,#N/A,#N/A,#N/A,#VALUE!,,,,,,Pre-Screen Low,-123.1064212,49.24397411
1223,PARK_1150_1515 Discovery St_Jericho Beach Hostel,1515 Discovery St,,,,,,,,,,Jericho Beach Hostel,9 - CoV Not Responsible,City Owned,1150,1931-01,1931,Pre-code,"$10,234,644","30,000",341,3,1,,,,,,,,,,,,,,,,,,,,,,#N/A,,,,,,,,,,,,,,,,,,Regular,,,,,,99,,0,#N/A,#N/A,#N/A,#N/A,#N/A,#N/A,#N/A,#VALUE!,15%,High Occupancy,101-1000,,0.3,High,-123.2032955,49.27296663
1224,DAYC_8589_1362 Seymour St_The Mark Childcare_MIXU,1362 Seymour St,Phase 1,,,,,,,,,The Mark Childcare,1 - Full Investment,City Leased,8589,2013-01,2013,2010,"$2,389,824","9,634",248,5,0,The building was constructed circa 2015. The building was provided mainly with systems and components originating from the initial building construction.,"The building foundation is likely standard deep foundations. The building is likely be cast in place reinforced concrete columns, beams, and suspended floor and roof slabs with roof sheathing system.

The exterior walls consist of window walls.  The exterior doors include glazed metal doors and hollow metal doors. 

The interior partitions are painted masonry walls, and gypsum wallboard. The interior floor finishes include painted carpet floor and vinyl sheet floor finishes. The interior ceiling finishes include suspended acoustic ceiling panels. The interior doors are generally single and double wood and metal doors set in matching wood and metal frames.",,,,Concrete Structure,,,,,,,,,,,,,,,,#N/A,,,,,,,,,,,,,,,,,,Regular,,,,,,99,,0,#N/A,#N/A,#N/A,#N/A,#N/A,#N/A,#N/A,#VALUE!,,,,,,Pre-Screen Low,-123.1272753,49.27488302
2968,CWYD_1525_5400 72nd St_Delta Landfill - Administration Operations Building,5400 72nd St,Phase 1,,,,,,,,,Delta Landfill - Administration Operations Building,2 - Moderate Investment,City Owned,1525,1993-01,1993,1990,"$2,005,308","5,878",341,2,1,"NOTE*: 
•	The attached report is not a capital plan but a tool to assist in developing one.
Actions noted are based on repair or renewal needs identified in an on-site component review.
•	It is expected that if needs occur on critical components before the date on which the report is indicating that they will be addressed and not deferred. Alternately if needs are not present on the date indicated the component will be monitored on an appropriate schedule and the work will be deferred.
•	Component Replacement Values and Action Costs are based on a blended RS Means/CoV/Ameresco average for building type, location and historical values for hard costs only. 
•	Overall project scope and detailed budget remains to be fully developed. Values for hazardous materials abatement are not included.  These values do not constitute requested project budgets for the facility.",,,,,,,,,,,,,,,,,,,,,#N/A,,,,,,,,,,,,,,,,,,Regular,,,,,,99,,0,#N/A,#N/A,#N/A,#N/A,#N/A,#N/A,#N/A,#VALUE!,,,,,,,-123.0225165,49.09840291
2969,CWYD_1525_5400 72nd St_Delta Landfill - Technical Trailer,5400 72nd St,Phase 1,,,,,,,,,Delta Landfill - Technical Trailer,4 - Minimal Investment,City Owned,1525,1993-01,1993,1990,"$1,019,712","2,989",341,1,0,"NOTE*: 
•	The attached report is not a capital plan but a tool to assist in developing one.
Actions noted are based on repair or renewal needs identified in an on-site component review.
•	It is expected that if needs occur on critical components before the date on which the report is indicating that they will be addressed and not deferred. Alternately if needs are not present on the date indicated the component will be monitored on an appropriate schedule and the work will be deferred.
•	Component Replacement Values and Action Costs are based on a blended RS Means/CoV/Ameresco average for building type, location and historical values for hard costs only. 
•	Overall project scope and detailed budget remains to be fully developed. Values for hazardous materials abatement are not included.  These values do not constitute requested project budgets for the facility.",,,,,,,,,,,,,,,,,,,,,#N/A,,,,,,,,,,,,,,,,,,Regular,,,,,,99,,0,#N/A,#N/A,#N/A,#N/A,#N/A,#N/A,#N/A,#VALUE!,,,,,,,-123.0232917,49.09786517
2970,CWYD_1525_5400 72nd St_Delta Landfill - Compost Trailer,5400 72nd St,Phase 1,,,,,,,,,Delta Landfill - Compost Trailer,2 - Moderate Investment,City Owned,1525,1993-01,1993,1990,"$61,408",180,341,1,0,"NOTE*: 
•	The attached report is not a capital plan but a tool to assist in developing one.
Actions noted are based on repair or renewal needs identified in an on-site component review.
•	It is expected that if needs occur on critical components before the date on which the report is indicating that they will be addressed and not deferred. Alternately if needs are not present on the date indicated the component will be monitored on an appropriate schedule and the work will be deferred.
•	Component Replacement Values and Action Costs are based on a blended RS Means/CoV/Ameresco average for building type, location and historical values for hard costs only. 
•	Overall project scope and detailed budget remains to be fully developed. Values for hazardous materials abatement are not included.  These values do not constitute requested project budgets for the facility.",,,,,,,,,,,,,,,,,,,,,#N/A,,,,,,,,,,,,,,,,,,Regular,,,,,,99,,0,#N/A,#N/A,#N/A,#N/A,#N/A,#N/A,#N/A,#VALUE!,,,,,,,-123.004602,49.09927608
2971,CWYD_1525_5400 72nd St_Delta Landfill - Scale House,5400 72nd St,Phase 1,,,,,,,,,Delta Landfill - Scale House,2 - Moderate Investment,City Owned,1525,1993-01,1993,1990,"$38,544",190,203,1,0,"NOTE*: 
•	The attached report is not a capital plan but a tool to assist in developing one.
Actions noted are based on repair or renewal needs identified in an on-site component review.
•	It is expected that if needs occur on critical components before the date on which the report is indicating that they will be addressed and not deferred. Alternately if needs are not present on the date indicated the component will be monitored on an appropriate schedule and the work will be deferred.
•	Component Replacement Values and Action Costs are based on a blended RS Means/CoV/Ameresco average for building type, location and historical values for hard costs only. 
•	Overall project scope and detailed budget remains to be fully developed. Values for hazardous materials abatement are not included.  These values do not constitute requested project budgets for the facility.",,,,,,,,,,,,,,,,,,,,,#N/A,,,,,,,,,,,,,,,,,,Regular,,,,,,99,,0,#N/A,#N/A,#N/A,#N/A,#N/A,#N/A,#N/A,#VALUE!,,,,,,,-123.0224468,49.09865166
2972,"CWYD_1525_5400 72nd St_Delta Landfill - Garage, Office & Lunchroom Trailer",5400 72nd St,Phase 1,,,,,,,,,"Delta Landfill - Garage, Office & Lunchroom Trailer",2 - Moderate Investment,City Owned,1525,1993-01,1993,1990,"$89,261",440,203,1,0,"NOTE*: 
•	The attached report is not a capital plan but a tool to assist in developing one.
Actions noted are based on repair or renewal needs identified in an on-site component review.
•	It is expected that if needs occur on critical components before the date on which the report is indicating that they will be addressed and not deferred. Alternately if needs are not present on the date indicated the component will be monitored on an appropriate schedule and the work will be deferred.
•	Component Replacement Values and Action Costs are based on a blended RS Means/CoV/Ameresco average for building type, location and historical values for hard costs only. 
•	Overall project scope and detailed budget remains to be fully developed. Values for hazardous materials abatement are not included.  These values do not constitute requested project budgets for the facility.",,,,,,,,,,,,,,,,,,,,,#N/A,,,,,,,,,,,,,,,,,,Regular,,,,,,99,,0,#N/A,#N/A,#N/A,#N/A,#N/A,#N/A,#N/A,#VALUE!,,,,,,,-123.0226559,49.09823211
3005,NONM_6119_1690 Matthews Av_Canuck Place,1690 Matthews Av,NOT IN SCOPE,,,,,,,,,Canuck Place,9 - CoV Not Responsible,Ground Leased,6119,1910-01,1910,Pre-code,"$7,040,560","23,000",306,3,1,,,A (M)(CA),1994,,,,,,,,,,,,,,,,,,#N/A,,,,,,,,,,,,,,,,,,Regular,,,,,,99,,0,#N/A,#N/A,#N/A,#N/A,#N/A,#N/A,#N/A,#VALUE!,0.0002%,,11-100,,5.8,Low,-123.1430588,49.2516708
3007,CWYD_3243_1250 E 45th Av_South Vancouver Yard - Prefabricated Office Building,1250 E 45th Av,Phase 1,,,,,,,,,South Vancouver Yard - Prefabricated Office Building,3 - Limited Investment,City Owned,3243,1992-01,1992,1990,"$476,732","2,350",203,,,Prefabricated Office Building is understood to have been constructed circa 1992 with no known addition or significant renovation projects.,"The single-storey building appears to be constructed of on a combination of wood and concrete block piers. The building appears to be comprised of 4 prefabricated portables assembled into a single structure. No significant deficiencies were observed to suggest differential settlement of the building foundations or movement of the building structure. 

The building exterior walls are generally comprised of metal panel cladding, single pane windows, and metal clad entrance doors. The roof cover is the original metal panel roof assembly. Overall, the building envelope components appear to be in good to fair condition.

The interior finishes in the building include resilient sheet flooring, painted wall assemblies, pre-finished wall panels, adhered ceiling tiles, and prefinished ceiling tiles. The interior finishes appear to be in good to fair condition overall.",,,,Other,,,,,,,,,,,,,,,,#N/A,,,,,,,,,,,,,,,,,,Regular,,,,,,99,,0,#N/A,#N/A,#N/A,#N/A,#N/A,#N/A,#N/A,#VALUE!,,,,,,,-123.0810206,49.22866941
3055,FIRE_7083_209 E Waterfront Road_Fire Boat Shed,209 E Waterfront Road,Phase 1,,,,,,,,,Fire Boat Shed,4 - Minimal Investment,City Owned,7083,1960-01,1960,1960,"$332,080","1,700",195,1,0,,,,,,,,,,,,,,,,,,,,,,#N/A,,,,,,,,,,,,,,,,,,Regular,,,,,,99,,0,#N/A,#N/A,#N/A,#N/A,#N/A,#N/A,#N/A,#VALUE!,,,,,,,-123.1004969,49.28628834
3057,RESI_10486_2621 Keith Drive,2621 Keith Drive,Phase 1,,,,,,,,,,9 - CoV Not Responsible,City Owned,10486,1902-01,1902,Pre-code,"$714,583","2,500",286,2,1,,,,,,,,,,,,,,,,,,,,,,#N/A,,,,,,,,,,,,,,,,,,Regular,,,,,,99,,0,#N/A,#N/A,#N/A,#N/A,#N/A,#N/A,#N/A,#VALUE!,,,,,,,-123.0798187,49.2610588
3061,CULT_10577_3214 W 10th Av_St James Community Square,3214 W 10th Av,,,,,,,,,,St James Community Square,3 - Limited Investment,City Owned,10577,1951-01,1951,1941,"$6,501,464","22,600",288,2,,The building was constructed circa 1951. Addition was constructed  circa 1960. The building is provided mainly with systems and components originating from the initial building construction.,"The two-storey building is likely constructed of standard foundations. The first floor floor slab appears to be poured concrete slab-on-grade continuously supported likely by a moisture barrier on a free draining gravel layer on engineered fill.

The two-storey building is likely a wood framed floor and wood truss roof with wood roof sheathing supported on brick and concrete masonry unit (CMU) load-bearing walls.

The exterior walls consist of  stucco and exterior painting system. The exterior windows includes insulated double-paned glazing units set in a wood frames and a single-paned glass set in painted metal frames. The exterior doors include glazed and single and double hollow metal doors . The roof covering includes a asphalt shingle ,and conventional modified bitumen roofing system.

The interior partitions are of gypsum wallboard. The fixed partitions also include glazed partitions in various locations. 

The interior floor finishes include ceramic tiles, sealed concrete, hardwood floor, wood laminate floor and Vinyl flooring. The interior ceiling finishes include suspended acoustic ceiling panel and painted gypsum board. The interior doors are generally single wood doors and sliding glazed doors set in wood frames.",,1960,,Wood Framed,,,,,,,,,,,,,,,,#N/A,,,,,,,,,,,,,,,,,,Regular,,,,,,99,,0,#N/A,#N/A,#N/A,#N/A,#N/A,#N/A,#N/A,#VALUE!,15%,,11 - 100,,0.8,High,-123.1764282,49.26303858
3080,INDU_10580_1245 Glen Drive,1245 Glen Drive,,,,,,,,,,,3 - Limited Investment,City Owned,10580,1989-01,1989,1985,"$3,476,492","11,090",313,2,0,"1245 Glen Drive building is understood to have been constructed circa 1989. The building is largely provided with systems and components originating from the initial building construction. Known renewals include:
- The majority of interior finishes of the 1245B building updated circa 2018.
- Roof was replaced circa 2013.","The two-storey building appears to be constructed on spread footings. Where exposed, the superstructure appears to be concrete block walls, cast-in-place concrete construction, wood structure (beam and joists), open wep steel joists of construction.  No significant deficiencies were observed to suggest differential settlement of the building foundations or movement of the building structure.

The building exterior walls are generally comprised of painted concrete block building elevations. The building windows are typically of metal framed insulated glass units (IGUs). The exterior entrance doors are typically glass doors set in aluminum frames. The service doors are hollow metal doors in metal frames. The roof cover is an EPDM roof assembly. Overall, the building envelope components appear to be in good condition. However, evidence of water ingress was observed at the north elevation of the building. A study is recommended for water ingress at the north elevation of the building. 

The interior finishes in the building include ceramic floor tiles, vinyl floor tiles, sealed concrete floor, carpet floor, laminated wood floor, painted wall assemblies, wood wall panels, painted ceiling assemblies and suspended acoustic tile ceiling assemblies. The interior finishes appear to be in good condition overall, with the exception of carpet floor which is in poor condition.",,,,Concrete Structure,,,,,,,,,,,,,,,,#N/A,,,,,,,,,,,,,,,,,,Regular,,,,,,99,,0,#N/A,#N/A,#N/A,#N/A,#N/A,#N/A,#N/A,#VALUE!,,,,,,,-123.0819405,49.27354975
3083,FIRE_2010_3090 Rosemont Drive_Temporary Fire Hall #05,3090 Rosemont Drive,Phase 1,,,,,,,,,Temporary Fire Hall #05,4 - Minimal Investment,City Owned,2010,1985-01,1985,1985,"$404,171","1,500",269,1,0,,,,,,,,,,,,,,,,,,,,,,#N/A,,,,,,,,,,,,,,,,,,Regular,,,,,,99,,0,#N/A,#N/A,#N/A,#N/A,#N/A,#N/A,#N/A,#VALUE!,,,,,,High,-123.0420309,49.21528965
3092,COMM_8750_220 Princess Av_PEF Commercial Leased Space,220 Princess Av,,,,,,,,,,PEF Commercial Leased Space,9 - CoV Not Responsible,City Leased,8750,2015-01,2015,2015,,"4,276",0,,,,,,,,,,,,,,,,,,,,,,,,#N/A,,,,,,,,,,,,,,,,,,Regular,,,,,,99,,0,#N/A,#N/A,#N/A,#N/A,#N/A,#N/A,#N/A,#VALUE!,,,,,,,-123.0911319,49.2827177
3095,RESI_8917_228 E 7th Av_1 Kingsway Apartment Units,228 E 7th Av,Phase 1,,,,,,,,,1 Kingsway Apartment Units,1 - Full Investment,City Owned,8917,2009-01,2009,2005,"$35,322,240","90,353",391,10,0,"Strata Plan BCS 3662 (9 floors =98 residential units) 90,353 Sq Ft + underground parking.
Air Space Parcel in a building with associated civic facilities: Library (12,305 sq ft), Community Centre (child care centre, café, dance and yoga studios, gym with climbing wall, and fitness centre with steam room) and underground parking. Building does not include a pool.

_appraisal see notes.  No flood risk, low liquefaction potential.",,,,,,,,,,,,,,,,,,,,,#N/A,,,,,,,,,,,,,,,,,,Regular,,,,,,99,,0,#N/A,#N/A,#N/A,#N/A,#N/A,#N/A,#N/A,#VALUE!,,,Unknown,,10,Pre-Screen Low,-123.1003331,49.26441691
3096,NONM_10373_1099 Richards St_New Jubilee House,1099 Richards St,,,,,,,,,,New Jubilee House,9 - CoV Not Responsible,City Owned,10373,2016-01,2016,2015,"$35,073,605","89,717",391,13,3,"*NOTE*: 

•	The attached report is not a capital plan but a tool to assist in developing one.
Actions noted are based on repair or renewal needs identified in an on-site visual component review.

•	It is expected that if needs occur on critical components before the date on which the report is indicating that they will be addressed and not deferred. 
Alternately if needs are not present on the date indicated the component will be monitored on an appropriate schedule and the work will be deferred.


•	Component Replacement Values and Action Costs are based on RS Means average for building type and location values are for hard costs only. 

•	Overall project scope and detailed budget remains to be fully developed.",,,,,,,,,,,,,,,,,,,,,#N/A,,,,,,,,,,,,,,,,,,Regular,,,,,,99,,0,#N/A,#N/A,#N/A,#N/A,#N/A,#N/A,#N/A,#VALUE!,,,,,,Pre-Screen Low,-123.1226966,49.27727312
3103,CULT_10570_101-102 - 8031 Nunavut Lane_MC2 Artist Studios (2 Studios),101-102 - 8031 Nunavut Lane,,,,,,,,,,MC2 Artist Studios (2 Studios),1 - Full Investment,City Owned,10570,2016-01,2016,2015,"$572,912","2,145",267,2,,The building was constructed circa 2016. The building is provided mainly with systems and components originating from the initial building construction.,"The two-storey building is likely be cast in place concrete columns, beams, and suspended floor and roof slabs concrete beams and floor slabs with cast in place concrete columns.

The exterior walls consist of window walls and masonry brick. The exterior doors include double door aluminum and glass. 

The interior partitions are of  concrete masonry units and gypsum wallboard.

The interior floor finishes include ceramic tiles, sealed concrete and wood laminate floor. The interior ceiling finishes include painted gypsum board. The interior doors are generally single wood doors set in wood frames.",,2016,,Concrete Structure,,,,,,,,,,,,,,,,#N/A,,,,,,,,,,,,,,,,,,Regular,,,,,,99,,0,#N/A,#N/A,#N/A,#N/A,#N/A,#N/A,#N/A,#VALUE!,,,,,10,Pre-Screen Low,-123.1163442,49.21164556
3104,SOCL_7047_650 N Penticton St_St. James Cottage Hospice,650 N Penticton St,,,,,,,,,,St. James Cottage Hospice,9 - CoV Not Responsible,City Owned,7047,1924-01,1924,Pre-code,"$2,234,663","7,768",288,1,1,,,B,1955,,,,,,,,,,,,,,,,,,#N/A,,,,,,,,,,,,,,,,,,Regular,,,,,,99,,0,#N/A,#N/A,#N/A,#N/A,#N/A,#N/A,#N/A,#VALUE!,,,,,,,-123.0510083,49.29103886
3106,SOCL_408 533 E Hastings St_DTES Neighbourhood House,DTES Neighbourhood House,NOT IN SCOPE,,,,,,,,,,9 - CoV Not Responsible,X00 - Not City Owned,0,1915-01,1915,Pre-code,,"1,600",0,3,1,,,,,,,,,,,,,,,,,,,,,,#N/A,,,,,,,,,,,,,,,,,,Regular,,,,,,99,,0,#N/A,#N/A,#N/A,#N/A,#N/A,#N/A,#N/A,#VALUE!,,,,,,,-123.0917277,49.2814834
3107,SOCL_6470 Victoria Drive_South Vancouver Neighbourhood House,South Vancouver Neighbourhood House,NOT IN SCOPE,,,,,,,,,,9 - CoV Not Responsible,X00 - Not City Owned,0,2003-01,2003,1995,,"13,000",0,3,,,,,,,,,,,,,,,,,,,,,,,#N/A,,,,,,,,,,,,,,,,,,Regular,,,,,,99,,0,#N/A,#N/A,#N/A,#N/A,#N/A,#N/A,#N/A,#VALUE!,,,,,,,-123.06533,49.22554
3108,SOCL_2305 W 7th Av_KITS Neighbourhood House,KITS Neighbourhood House,NOT IN SCOPE,,,,,,,,,,9 - CoV Not Responsible,X00 - Not City Owned,0,2015-01,2015,2015,,,#DIV/0!,4,1,,,,,,,,,,,,,,,,,,,,,,#N/A,,,,,,,,,,,,,,,,,,Regular,,,,,,99,,0,#N/A,#N/A,#N/A,#N/A,#N/A,#N/A,#N/A,#VALUE!,,,,,,,-123.15806,49.26591
3109,SOCL_4065 Victoria Drive_Cedar Cottage Neighbourhood House,Cedar Cottage Neighbourhood House,NOT IN SCOPE,,,,,,,,,,9 - CoV Not Responsible,X00 - Not City Owned,0,1968-01,1968,1965,,"8,529",0,1,1,,,,,,,,,,,,,,,,,,,,,,#N/A,,,,,,,,,,,,,,,,,,Regular,,,,,,99,,0,#N/A,#N/A,#N/A,#N/A,#N/A,#N/A,#N/A,#VALUE!,,,,,,,-123.06545,49.2487
3110,SOCL_1019 Broughton Street_Gordon Neighbourhood House,Gordon Neighbourhood House,NOT IN SCOPE,,,,,,,,,,9 - CoV Not Responsible,X00 - Not City Owned,0,1985-01,1985,1985,,"12,573",0,1,1,,,,,,,,,,,,,,,,,,,,,,#N/A,,,,,,,,,,,,,,,,,,Regular,,,,,,99,,0,#N/A,#N/A,#N/A,#N/A,#N/A,#N/A,#N/A,#VALUE!,,,,,,,-123.1337187,49.28567795
3113,PARK_ 8456_1 Athletes Way_Dragon Zone Paddling Club,1 Athletes Way,,,,,,,,,,Dragon Zone Paddling Club,2 - Moderate Investment,City Owned,10836,2016-01,2016,2015,"$4,475,871","2,835","1,579",1,,,,,,,,,,,,,,,,,,,,,,,#N/A,,,,,,,,,,,,,,,,,,Regular,,,,,,99,,0,#N/A,#N/A,#N/A,#N/A,#N/A,#N/A,#N/A,#VALUE!,,,,,,Pre-Screen Low,-123.1048857,49.27244432
3194,RESI_10646_4203 Penticton St,4203 Penticton St,Phase 1,,,,,,,,,,4 - Minimal Investment,City Owned,10646,1958-01,1958,1953,"$300,125","1,050",286,1,1,The building was constructed circa 1958. The building was provided mainly with systems and components originating from the initial building construction.,"The building structure is constructed of poured concrete foundation walls on strip footings bearing on good native firm soil. The structural framing system is likely a wood-framed structure, where wood-framed stud walls support the suspended wood floors and wood roof trusses/rafters.

The exterior walls consist of wood siding, and stucco. The pitched roof consists of a asphalt shingle roof covering. The windows are composed of a combination of aluminum with single-pane glass units and vinyl with double-pane glass. The exterior doors are composed of wood doors with select panels that contain vision inserts.

The interior partitions are painted gypsum wallboard. The interior floor finishes include hardwood floor finishes, ceramic, and carpet. The interior ceiling finish is painted gypsum board. The interior doors are generally single wood doors set in matching wood frames.  Ceramic wall finishes are found in select spaces of the building. Fixed casework of wood construction is provided in the building.",,,,Wood Framed,,,,,,,,,,,,,,,,#N/A,,,,,,,,,,,,,,,,,,Regular,,,,,,99,,0,#N/A,#N/A,#N/A,#N/A,#N/A,#N/A,#N/A,#VALUE!,,,,,,,-123.05227,49.24705
3195,RECR_2036_1620 Parker St_Britannia Aquatic - Building E,1620 Parker St,,,,,,,,,,Britannia Aquatic - Building E,4 - Minimal Investment,City Leased,2036,1974-01,1974,1970,"$5,507,188","14,736",374,2,0,"The Britannia Aquatic Pool is understood to have been constructed circa 1974. The building is largely provided with systems and components originating from the initial building construction. Known renewals include:
- The SBS roof was replaced circa 2010
- The cedar shingles roof was replaced circa 2000","The two-story with a basement building appears to be constructed on spread footings. Where exposed, the superstructure appears to be of concrete framed and, steel-framed construction.  Settlement and concrete spalling were observed in the basement of the building. A study and repair are recommended for the building foundation and structure. 

The building exterior walls are generally comprised of painted concrete, stucco walls, and wood soffits on building elevations. The building windows are typical of wood-framed single glass units and insulated glass units with metal frames. The exterior entrance doors are typically glass doors set in aluminum frames. The service doors are hollow metal doors in metal frames. The roof cover is a 2-ply modified bituminous roof assembly and cedar shingles room assembly. Overall, the building envelope components appear to be in fair condition.

The interior finishes in the building include ceramic floor tiles, ceramic floor pool tiles rubber flooring, vinyl floor tiles, quarry floor tiles, painted concrete floor, painted wall assemblies, ceramic wall tiles, ceramic wall pool tiles, mirrors, painted ceiling assemblies, wood plank, and suspended acoustic tile ceiling assemblies. The interior finishes appear to be in fair to good condition overall.",,,,Concrete Structure,,,,,,,,,,,,,,,,#N/A,,,,,,,,,,,,,,,,,,Regular,,,,,,99,,0,#N/A,#N/A,#N/A,#N/A,#N/A,#N/A,#N/A,#VALUE!,,,,,,,-123.0706792,49.27551537
3196,RECR_2036_1601 Parker St_Britannia Ice Rink - Building H,1601 Parker St,,,,,,,,,,Britannia Ice Rink - Building H,4 - Minimal Investment,City Owned,2036,1974-01,1974,1970,"$8,922,928","24,552",363,2,0,"The Britannia Ice Rink is understood to have been constructed circa 1974. The building is largely provided with systems and components originating from the initial building construction. Known renewals include:
- The majority of interior finishes updated circa 2010
- SBS roof was replaced in 2010
- Cedar shingles roof was replaced in 2005","The two-story building appears to be constructed on spread footings. Where exposed, the superstructure appears to be of concrete and metal construction. The Britannia ice rink includes a concrete pad with embedded cooling pipes is reportedly constructed on insulation on gravel fill engineered soil. Heating for ground frost protection is electric heating. No significant deficiencies were observed to suggest differential settlement of the building foundations or movement of the building structure. However, corrosion was observed in the open web steel joists in the ceiling. 

The building exterior walls are generally comprised of stone masonry on the original building elevations, and exposed reinforced concrete on the addition. The original building windows are typical of wood-framed insulated glass units (IGUs). The addition windows are typically IGUs set in aluminum frames. The exterior entrance doors are typically glass doors set in aluminum frames. The service doors are hollow metal doors in metal frames. The roof cover is a 2-ply modified bituminous roof assembly. The roof mansards provided along the original building footprint are comprised of a barrel-style copper panel roof assembly.  Overall, the building envelope components appear to be in good condition.

The interior finishes in the building include ceramic floor tiles, resilient sheet floor, exposed concrete floor, painted wall assemblies, ceramic wall tiles, wood wall panels, pre-finished metal panels, painted ceiling assemblies, and suspended acoustic tile ceiling assemblies. The interior finishes appear to be in fair to good condition overall.",,,,Concrete Structure,,,,,,,,,,,,,,,,#N/A,,,,,,,,,,,,,,,,,,Regular,,,,,,99,,0,#N/A,#N/A,#N/A,#N/A,#N/A,#N/A,#N/A,#VALUE!,,,,,,,-123.0706215,49.2759826
3212,NONM_1262_1416 Haro St_Barclay Heritage Square,1416 Haro St,,,,,,,,,,Barclay Heritage Square,3 - Limited Investment,City Owned,1262,1925-01,1925,Pre-code,"$4,090,966","15,300",267,2,0,"The 1416 Haro Street, Barclay Heritage Square, is a group of six residential houses. The property consists of 6 wooden framed houses, each house contains 3 units, which is 18 units total. They are two-storey buildings with basements. They incorporates poured concrete foundations, cedar siding exterior walls, sloped roofing with asphalt shingles and wooden framed windows. The property consists of 9 two bedroom units and 9 three bedroom units. One of the two bedroom units is an accessible unit. It was reported that they were originally constructed in 1925 but have had many renovations completed. As the windows were installed in 1985, it is assumed that this was the last major renovation.","The two-story building with a basement appears to be constructed on spread footings. Where exposed, the superstructure appears to be of wood-framed, construction.  No significant deficiencies were observed to suggest differential settlement of the building foundations or movement of the building structure.

The building exterior walls are generally comprised of painted wood siding on building elevations. The building windows are typical of wood-framed glass units. The exterior entrance doors are typically hollow metal and wood doors set in wood frames. The roof cover is asphalt shingles roof assembly. Overall, the building envelope components appear to be in good condition.

The interior finishes in the building include carpet floor tiles, vinyl sheet flooring, ceramic floor tiles, painted wall assemblies and painted ceiling assemblies. The interior finishes appear to be in good condition overall.",B (M),1985,,Wood Framed,,,,,,,,,,,,,,,,#N/A,,,,,,,,,,,,,,,,,,Regular,,,,,,99,,0,#N/A,#N/A,#N/A,#N/A,#N/A,#N/A,#N/A,#VALUE!,,,Unknown,,,Pre-Screen Low,-123.1315348,49.28731956
3214,NONM_3252_42 E Cordova St_Central Residence,42 E Cordova St,Phase 1,,,,,,,,,Central Residence,4 - Minimal Investment,City Owned,3252,1911-01,1911,Pre-code,"$9,840,514","38,952",253,6,0,"BCA REPORT NOTES: 

•	The attached report is not a capital plan but a tool to assist in developing one.

•	Actions noted on the report are based on repair or renewal needs identified in an on-site visual component review. This is not a detailed facility condition assessment (not invasive testing or detailed review of existing drawings have been done as part of this assessment)

•	This is also not a code compliance review or hazardous materials survey.  Values for hazardous materials abatement, seismic retrofit, buildings upgrades or renovations are not included.  

•	It is expected that if needs occur on critical components before the date on which the report is indicating that they will be addressed and not deferred.   Alternately if needs are not present on the date indicated the component will be monitored on an appropriate schedule and the work will be deferred.

•	Component Replacement Values and Action Costs are based on RS Means average for building type and location values are for hard costs only. 

•	Overall project scope and detailed budget remains to be fully developed. 

•	These values do not constitute requested project budgets for the facility.

The main roofing was replaced in approximately 2010 and it was observed to be in good condition. The external brick walls were reported to be the original and they were observed to be in poor condition. The new corrugated metal siding was recently installed and it is in good condition. The stucco in the central courtyard has past its design life and should be considered for replacement in the short term. The majority of windows and exterior doors were replaced in renovations in the 1990s and 2000s and are in good condition. The wooden framed single glazed windows to the front of the building are past design life expectancy and should be replaced in the short term. There are four domestic hot water heaters and one domestic hot water storage tank in the mechanical rooms in the basement. They are in fair and good condition. The building is heated by two gas fired Burnham steam boilers and one gas fired Allied Engineering hot water boiler. These supply heat to the cast iron radiators. The boilers are in good condition as the two steam boilers were installed in 2015 and the hot water boiler was installed in 2006. The copper piping is presumed to have been replaced in 2003 and is in good condition. Finally, significant subsidence issues with the structure were also observed. Temporary stabilization, testing and monitoring is in place.","The external walls consist of stucco siding, corrugated metal siding, masonry brick and ceramic tile. The majority of windows are aluminum framed double glazed units. The windows to the front are wooden framed single glazed windows. The main entrance is an aluminum framed double glazed swing door and the alternative exterior doors are hollow core steel swing doors. The aluminum framed windows and doors are in good condition and the wooden framed single glazed windows are in poor condition. The roof consists of flat roofing with two-ply SBS bitumen membrane. Finishes include vinyl floor covering, ceramic tiling to washrooms and paint finish to drywall.",B,,,,,,,,,,,,,,,,,,,#N/A,,,,,,,,,,,,,,,,,,Regular,,,,,,99,,0,#N/A,#N/A,#N/A,#N/A,#N/A,#N/A,#N/A,#VALUE!,15%,High Occupancy-A,1000+,,0.7,High,-123.1032473,49.28213785
3223,NONM_2041_1067 Seymour St_New Continental Apartments,1067 Seymour St,,,,,,,,,,New Continental Apartments,1 - Full Investment,City Owned,2041,1992-01,1992,1990,"$28,315,494","72,430",391,15,0,"The New Continental Apartments is understood to have been constructed circa 1992. The building is largely provided with systems and components originating from the initial building construction. Known renewals include:
- The majority of the windows and doors were replaced circa 2001","The fifteen-story building superstructure appears to be of concrete construction.  No significant deficiencies were observed to suggest movement of the building structure.

The building exterior walls are generally comprised of brick veneer, metal siding, and metal panels on all building elevations. The building windows are typical of metal and vinyl-framed insulated glass units (IGUs) and metal framed with single glass units. The exterior entrance doors are typically glass doors set in aluminum frames. The service doors are hollow metal doors in metal frames. The roof cover is an inverted roof assembly and some of the roofs have a waterproofing membrane that is covered with concrete pavers. Overall, the building envelope components appear to be in good condition.

The interior finishes in the building include ceramic floor tiles, vinyl floor sheets, painted concrete floor, vinyl floor tiles, carpet floor tiles, carpet flooring, painted wall assemblies, ceramic wall tiles, wallpaper, painted ceiling assemblies and suspended acoustic tile ceiling assemblies. The interior finishes appear to be in fair to good condition.",,,,Concrete Structure,,,,,,,,,,,,,,,,#N/A,,,,,,,,,,,,,,,,,,Regular,,,,,,99,,0,#N/A,#N/A,#N/A,#N/A,#N/A,#N/A,#N/A,#VALUE!,,,Unknown,,10,Pre-Screen Low,-123.1236589,49.27789879
3224,RESI_10673_4193 Penticton St,4193 Penticton St,Phase 1,,,,,,,,,,4 - Minimal Investment,City Owned,10673,1989-01,1989,1985,"$956,969","3,348",286,2,2,"4193 Penticton St building is understood to have been constructed circa 1989. The building is largely provided with systems and components originating from the initial building construction. Known renewals include:
- The balconies waterproofing membranes were replaced circa 2000
- The interior ceramic wall tiles were replaced 2013
- The majority of the interior finishes were upgraded circa 2010","The two-storey building appears to be constructed on concrete spread-footings which bear on native soil or engineered fill. Where exposed, the superstructure appears to be of wood framed construction.  No significant deficiencies were observed to suggest differential settlement of the building foundations or movement of the building structure.

The building exterior walls are generally comprised of brick masonry and vinyl siding on all building elevations. The building windows are typically of metal framed insulated glass units (IGUs). The exterior entrance doors are typically metal, wood and glass doors. The roof cover is a clay tiles roof assembly.  Overall, the building envelope components appear to be in good condition.

The interior finishes in the building include ceramic floor tiles, laminated wood flooring, carpet flooring, exposed concrete floor, painted wall assemblies, ceramic wall tiles, and painted ceiling assemblies. The interior finishes appear to be in good condition overall.",,,,Wood Framed,,,,,,,,,,,,,,,,#N/A,,,,,,,,,,,,,,,,,,Regular,,,,,,99,,0,#N/A,#N/A,#N/A,#N/A,#N/A,#N/A,#N/A,#VALUE!,,,,,,,-123.0522324,49.24716276
3226,INDU_10696_1710-1728 E Kent Av South,1710-1728 E Kent Av South,,,,,,,,,,,2 - Moderate Investment,City Owned,10696,1975-01,1975,1975,"$4,328,014","23,886",181,2,0,The Building is understood to have been constructed circa 1975 with one Addition in 2001. The building is largely provided with updated systems and components.,"The structure is constructed on concrete spread footings which bear on native soil or engineered fill. Where exposed the foundation walls are poured concrete walls. No significant deficiencies were observed to suggest differential settlement of the building foundations or movement of the building structure.

The building exterior walls includes concrete tilt-up panels, painted concrete block masonry wall and wood siding. The building windows are typically of vinyl framed insulated glass units (IGUs). The exterior doors are typically metal doors with overhead doors. The building is provided with conventional modified bitumen roof. Overall, the building envelope components appear to be in good condition with exception of the concrete block masonry wall and wood siding, which are in poor condition. 

The interior finishes in the building include ceramic floor tiles, vinyl floor tiles, carpet floor, painted concrete, painted wall assemblies, suspended acoustic ceiling tiles and painted ceiling assemblies. The interior doors are a combination of metal and wood doors. The interior finishes appear to be in good condition with exception of the carpet flooring and vinyl floor tiles which are in poor condition.",,2001,,Concrete Structure,,,,,,,,,,,,,,,,#N/A,,,,,,,,,,,,,,,,,,Regular,,,,,,99,,0,#N/A,#N/A,#N/A,#N/A,#N/A,#N/A,#N/A,#VALUE!,,,,,,,-123.0708276,49.20833114
3230,SOCL_10371_5575 Boundary Road_MOSAIC Adult Learning Centre,5575 Boundary Road,,,,,,,,,,MOSAIC Adult Learning Centre,1 - Full Investment,City Owned,10371,2017-02,2017,2015,"$7,855,089","23,025",341,2,1,The MOSAIC Adult Learning Centre was constructed circa 2017 and is part of the Highrise building. It is provided mainly with systems and components originating from the initial building construction.,"The two levels facility with underground parking is part of a Highrise building structure, constructed on deep piles foundations. The building structural framing system is likely a cast in place reinforced concrete columns, beams, suspended floor slabs. No significant deficiencies were observed to suggest differential settlement of the building foundations or movement of the building structure.

The building exterior walls consist of window walls and masonry brick veneer, The exterior windows are aluminum double glazing units. The exterior doors are hollow metal and aluminum glass double-doors. Overall, the building envelope components appear to be in good condition.

The interior wall finishes are glazed partitions, wood wall panels, and painted gypsum wallboard. The interior floor finishes are painted concrete floor finish, wood laminated and carpet floor finishes. The interior ceiling finishes are suspended acoustic ceiling panels and painted gypsum board. The interior doors are generally aluminum sliding doors and swing single-doors set in matching aluminum frames. The interior finishes appear to be in good condition overall.",,2016,,Concrete Structure,,,,,,,,,,,,,,,,#N/A,,,,,,,,,,,,,,,,,,Regular,,,,,,99,,0,#N/A,#N/A,#N/A,#N/A,#N/A,#N/A,#N/A,#VALUE!,,,,,,Pre-Screen Low,-123.0237549,49.2336998
3329,COMM_10153_1210 Seymour St,1210 Seymour St,NOT IN SCOPE,,,,,,,,,,5 - No Investment,CON - Consolidated,10153,1946-01,1946,1941,"$1,991,579","6,000",332,1,,,,,,,,,,,,,,,,,,,,,,,#N/A,,,,,,,,,,,,,,,,,,Regular,,,,,,99,,0,#N/A,#N/A,#N/A,#N/A,#N/A,#N/A,#N/A,#VALUE!,,,,,,,-123.12529,49.27608
3330,COMM_10568_560-590 Davie St,560-590 Davie St,NOT IN SCOPE,,,,,,,,,,5 - No Investment,CON - Consolidated,10568,1976-01,1976,1975,"$2,429,727","7,320",332,1,,,,,,,,,,,,,,,,,,,,,,,#N/A,,,,,,,,,,,,,,,,,,Regular,,,,,,99,,0,#N/A,#N/A,#N/A,#N/A,#N/A,#N/A,#N/A,#VALUE!,,,,,,,-123.1251344,49.2762786
3331,RESI_10690_2850 W 3rd Av_Pierce House,2850 W 3rd Av,Phase 1,,,,,,,,,Pierce House,1 - Full Investment,City Owned,10690,1900-01,1900,Pre-code,"$1,000,416","3,500",286,2,,,,C (M),,,,,,,,,,,,,,,,,,,#N/A,,,,,,,,,,,,,,,,,,Regular,,,,,,99,,0,#N/A,#N/A,#N/A,#N/A,#N/A,#N/A,#N/A,#VALUE!,,,,,,,-123.1694901,49.26910544
3335,DAYC_123 W 16th Av_Our House Child Care,Our House Child Care,NOT IN SCOPE,,,,,,,,,,9 - CoV Not Responsible,X00 - Not City Owned,0,2010-01,2010,2010,"$3,476,405","5,440",639,,,,,,,,,,,,,,,,,,,,,,,,#N/A,,,,,,,,,,,,,,,,,,Regular,,,,,,99,,0,#N/A,#N/A,#N/A,#N/A,#N/A,#N/A,#N/A,#VALUE!,,,,,,High,-123.107555,49.25690382
3337,COMM_10656_497 Interurban Way_Bicycle Mobility Centre,497 Interurban Way,,,,,,,,,,Bicycle Mobility Centre,1 - Full Investment,City Owned,10656,2017-01,2017,2015,"$1,001,662","4,628",216,1,,,,,,,,,,,,,,,,,,,,,,,#N/A,,,,,,,,,,,,,,,,,,Regular,,,,,,99,,0,#N/A,#N/A,#N/A,#N/A,#N/A,#N/A,#N/A,#VALUE!,,,,,,,-123.1161992,49.20940117
3344,COMM_8442_651-691 E Broadway_Ground Level CRUs,651-691 E Broadway,,,,,,,,,,Ground Level CRUs,9 - CoV Not Responsible,City Leased,8442,2017-01,2017,2015,,"8,369",0,11,0,,,,,,,,,,,,,,,,,,,,,,#N/A,,,,,,,,,,,,,,,,,,Regular,,,,,,99,,0,#N/A,#N/A,#N/A,#N/A,#N/A,#N/A,#N/A,#VALUE!,,,,,,,-123.0897169,49.26270924
3348,NONM_10367_1105 Seymour St_MIXU,1105 Seymour St,,,,,,,,,,MIXU,1 - Full Investment,City Owned,10367,2017-08,2017,2015,"$32,290,072","83,304",388,15,2,The 1105 Seymour St. Building was constructed circa 2017. The building is provided mainly with systems and components originating from the initial building construction.,"The lower four-storey building superstructure of the building appears to be constructed with cast-in-place reinforced concrete walls, concrete masonry block (CMU) walls, columns and beams supporting cast-in-place floor slabs. The upper eleven-storey of the building appears to be constructed with cast-in-place reinforced concrete walls, concrete masonry block (CMU) walls, columns and beams supporting cast-in-place floor slabs and concrete roof decks with roof sheathing systems. No significant deficiencies were observed to suggest differential settlement of the building foundations or movement of the building structure.

The building exterior walls are generally comprised of brick, window walls and metal siding on all elevations . The building windows are typical of fixed and operable insulated double- paned glazing units. The external doors are metal hollow-core single-doors and glazed single-door which are mounted to metal frames. The roof cover is a Inverted Modified Bitumen and green roofing system assembly. Overall, the building envelope components appear to be in good condition.

The interior finishes in the building include vinyl tile flooring, carpet flooring, ceramic flooring, wood laminate flooring, painted wall finish and painted ceiling finish. The building interior finishes appear to be in fair condition overall with the exception of the carpet flooring and wood laminate flooring which are in good condition",,,,Concrete Structure,,,,,,,,,,,,,,,,#N/A,,,,,,,,,,,,,,,,,,Regular,,,,,,99,,0,#N/A,#N/A,#N/A,#N/A,#N/A,#N/A,#N/A,#VALUE!,,,,,,Pre-Screen Low,-123.1240694,49.27757002
3351,CULT_2036_1661 Napier St_Carving Pavillion,1661 Napier St,,,,,,,,,,Carving Pavillion,9 - CoV Not Responsible,City Owned,2036,2017-01,2017,2015,"$309,781","2,100",148,1,,,,,,,,,,,,,,,,,,,,,,,#N/A,,,,,,,,,,,,,,,,,,Regular,,,,,,99,,0,#N/A,#N/A,#N/A,#N/A,#N/A,#N/A,#N/A,#VALUE!,,,,,,Pre-Screen Low,-123.0716812,49.27601679
3352,RESI_10720_857 E 45th Av,857 E 45th Av,Phase 1,,,,,,,,,,4 - Minimal Investment,City Owned,10720,1931-01,1931,Pre-code,"$691,431","2,419",286,1,1,,,,,,,,,,,,,,,,,,,,,,#N/A,,,,,,,,,,,,,,,,,,Regular,,,,,,99,,0,#N/A,#N/A,#N/A,#N/A,#N/A,#N/A,#N/A,#VALUE!,,,,,,,-123.08706,49.2292599
3356,RESI_10587_3030 Victoria Drive,3030 Victoria Drive,Phase 1,,,,,,,,,,4 - Minimal Investment,City Owned,10587,1919-01,1919,Pre-code,"$657,131","2,299",286,2,1,,,,,,,,,,,,,,,,,,,,,,#N/A,,,,,,,,,,,,,,,,,,Regular,,,,,,99,,0,#N/A,#N/A,#N/A,#N/A,#N/A,#N/A,#N/A,#VALUE!,,,,,,,-123.0657154,49.25722883
3361,COMM_10758_2807 W Broadway,2807 W Broadway,,,,,,,,,,,3 - Limited Investment,City Owned,10758,1986-01,1986,1985,"$1,329,711","4,006",332,1,,The building was constructed circa 1986. The building is provided mainly with systems and components originating from the initial building construction.,"The building is likely constructed of poured concrete foundation walls on either spread footings. The first floor floor slab appears to be poured concrete slab-on-grade continuously supported likely by a moisture barrier on a free draining gravel layer on engineered fill.

The single-storey building is likely load bearing concrete masonry block (CMU) walls with wood beams supported a wood roof deck.

The exterior walls consist of  stucco. The exterior windows includes storefronts in a wood frame. The exterior doors include glazed or hollow metal doors . The roof covering includes a conventional modified bitumen roofing system.

The interior partitions are of gypsum wallboard. The fixed partitions also include wood-framed glazed partitions in various locations. 

The interior floor finishes include ceramic tiles, quarry tiles, and painted concrete. The interior ceiling finishes include suspended acoustic ceiling panel and painted gypsum board. The interior doors are generally glazed and hollow metal doors in metal and wood frames.",,1986,,,,,,,,,,,,,,,,,,#N/A,,,,,,,,,,,,,,,,,,Regular,,,,,,99,,0,#N/A,#N/A,#N/A,#N/A,#N/A,#N/A,#N/A,#VALUE!,,,,,,High,-123.1686723,49.26432168
3424,NONM_10554_95 E 1st Av,95 E 1st Av,,,,,,,,,,,9 - CoV Not Responsible,City Owned,10554,2017-12,2018,2015,"$44,013,530","112,585",391,15,,,,,,,,,,,,,,,,,,,,,,,#N/A,,,,,,,,,,,,,,,,,,Regular,,,,,,99,,0,#N/A,#N/A,#N/A,#N/A,#N/A,#N/A,#N/A,#VALUE!,,,,,,Pre-Screen Low,-123.1031592,49.27045382
3427,DAYC_10378_2005 W 10th Av_Maple & 10 Childcare,2005 W 10th Av,Phase 1,,,,,,,,,Maple & 10 Childcare,1 - Full Investment,City Owned,10378,2018-01,2018,2015,"$1,079,316","4,351",248,1,,The building was constructed circa 2018. The building was provided mainly with systems and components originating from the initial building construction.,"The single-storey building foundation are likely standard deep foundations bearing on good native soil. The single-storey building is likely be cast in place reinforced concrete columns, beams, and suspended floor and roof slabs.

The exterior walls consist of window walls.  The exterior doors include glazed metal doors and hollow metal doors. 

The interior partitions are painted gypsum wallboard. The interior floor finishes include painted concrete floor, carpet floor and vinyl sheet floor finishes. The interior ceiling finishes include suspended acoustic ceiling panel. The interior doors are generally single and double wood and metal doors set in matching wood and metal frames.",,2018,,Concrete Structure,,,,,,,,,,,,,,,,#N/A,,,,,,,,,,,,,,,,,,Regular,,,,,,99,,0,#N/A,#N/A,#N/A,#N/A,#N/A,#N/A,#N/A,#VALUE!,,,,,,,-123.1508778,49.2629662
3429,LIBR_10114_720 E Hastings St_Strathcona Library_MIXU,720 E Hastings St,Phase 1,,,,,,,,,Strathcona Library,1 - Full Investment,City Owned,10114,2017-01,2017,2015,"$3,706,568","12,363",300,2,1,,,,,,,,,,,,,,,,,,,,,,#N/A,,,,,,,,,,,,,,,,,,Regular,,,,,,99,,0,#N/A,#N/A,#N/A,#N/A,#N/A,#N/A,#N/A,#VALUE!,,,,,,,-123.0888985,49.28092633
3432,DAYC_10128_1378 Richards St_Charleson Childcare,1378 Richards St,Phase 1,,,,,,,,,Charleson Childcare,1 - Full Investment,City Owned,10128,2018-03,2018,2015,"$1,423,129","5,737",248,1,,The building was constructed circa 2018. The building was originally provided mainly with systems and components originating from the initial building construction.,"The building foundation are likely standard foundations. A visual site confirmation to determine if the element is a potential structural slab was not possible.

The building structure likely consists of reinforced concrete columns, beams, and suspended floor and roof slabs.

The exterior walls consist of aluminum windows.  The exterior doors include glazed metal doors. 

The interior partitions are painted masonry walls and gypsum wallboard. The interior floor finishes include sealed concrete floor, carpet floor and vinyl sheet floor finishes. The interior ceiling finishes include suspended acoustic ceiling panel and painted structure and gypsum board. The interior doors are generally single and double wood and metal doors set in matching wood and metal frames.",,2018,,Concrete Structure,,,,,,,,,,,,,,,,#N/A,,,,,,,,,,,,,,,,,,Regular,,,,,,99,,0,#N/A,#N/A,#N/A,#N/A,#N/A,#N/A,#N/A,#VALUE!,,,,,,Pre-Screen Low,-123.1265823,49.27416826
3433,RESI_10487_2606 Keith Drive,2606 Keith Drive,Phase 1,,,,,,,,,,4 - Minimal Investment,City Owned,10487,1962-01,1962,1960,"$554,516","1,940",286,1,1,,,,,,,,,,,,,,,,,,,,,,#N/A,,,,,,,,,,,,,,,,,,Regular,,,,,,99,,0,#N/A,#N/A,#N/A,#N/A,#N/A,#N/A,#N/A,#VALUE!,,,,,,,-123.0791125,49.2612812
3434,RESI_10773_1143 E 10th Av,1143 E 10th Av,Phase 1,,,,,,,,,,4 - Minimal Investment,City Owned,10773,1912-01,1912,Pre-code,"$670,564","2,346",286,2,1,,"The stucco cladding on the exterior walls is generally in fair condition with some stains and moss growth. The existing exterior wall assembly is assumed to be face sealed assembly and its performance has been poor in high exposure climates. At the time of renewal, we recommend upgrading the exterior wall assembly with a rainscreen assembly that incorporates proper detailing, new insulation, drain cavity, and air barrier. Most windows are wood-framed single-glazed windows from the original construction.  Vinyl-framed double-glazed windows were found at the basement level.  

The expected remaining service life for the above listed building assemblies is 5 to 10 years. A comprehensive building envelope retrofit including new insulation and more energy efficient windows will result in significant energy saving. 

The sloped roofs at the main building and garage are covered with asphalt shingle roofing. The roofs at the main building were in fair condition with deteriorating shingles, moss growth, and debris collection in gutters.  Replacement of the asphalt shingle roofs at the main building is recommended in the next 3 to 5 years.  The garage roof appeared to have been installed in the last 5 years and no major renewal is anticipated for the next 15 years. 

A wood-framed porch protected with liquid applied membrane is found at the south elevation.  The porch waterproofing was in poor condition and should be replaced in the next 1 to 2 years.  Soft spots noted near the stairs of the porch should be reviewed during the membrane replacement work.  

Decks and balconies found at the north elevation generally appeared to be in fair condition. Wood picket railing, stairs and ladder are provided at the decks and balconies. No immediate concern was noted for these elements.",,,,,,,,,,,,,,,,,,,,#N/A,,,,,,,,,,,,,,,,,,Regular,,,,,,99,,0,#N/A,#N/A,#N/A,#N/A,#N/A,#N/A,#N/A,#VALUE!,,,,,,,-123.0803515,49.26165846
3437,DAYC_10542_8188 Lord St_Childcare & Family Place_MIXU,8188 Lord St,Phase 1,,,,,,,,,Childcare & Family Place,1 - Full Investment,City Owned,10542,2018-03,2018,2015,"$2,590,258","10,442",248,3,,The building was constructed circa 2018. The building was originally provided mainly with systems and components originating from the initial building construction.,"The three-storey building foundations are likely standard deep foundations bearing on good native soil. The building’s overall structure consists of cast in place reinforced concrete columns, beams, and suspended floor and roof slabs.

The exterior walls consist of metal siding and window walls. The exterior doors include glazed metal doors and hollow metal doors. Roof surfaces are covered with green roofing and an inverted roof membrane assembly.

The interior partitions are painted masonry walls, and gypsum wallboard. The interior wall finishes include ceramic tiles. The interior floor finishes include painted concrete floor, ceramic tile floor, carpet floor and vinyl sheet floor finishes. The interior ceiling finishes include suspended acoustic ceiling panels. The interior doors are generally single and double wood and metal doors set in matching wood and metal frames.",,,,Concrete Structure,,,,,,,,,,,,,,,,#N/A,,,,,,,,,,,,,,,,,,Regular,,,,,,99,,0,#N/A,#N/A,#N/A,#N/A,#N/A,#N/A,#N/A,#VALUE!,,,,,,Pre-Screen Low,-123.1182837,49.21042039
3440,POLI_8259_1850 Spyglass Place_ Police Fleet Parking Lot and Auxiliary Buildings,1850 Spyglass Place,,,,,,,,,, Police Fleet Parking Lot and Auxiliary Buildings,9 - CoV Not Responsible,City Owned,3638,2000-01,2000,1995,"$811,458","4,000",203,,,,,,,,,,,,,,,,,,,,,,,,#N/A,,,,,,,,,,,,,,,,,,Regular,,,,,,99,,0,#N/A,#N/A,#N/A,#N/A,#N/A,#N/A,#N/A,#VALUE!,,,,,,,-123.1149965,49.26932662
3441,ENEX_1825_2901 E Hastings St_PNE - Office Trailer,2901 E Hastings St,,,,,,,,,,PNE - Office Trailer,4 - Minimal Investment,City Owned,1825,1992-01,1992,1990,"$304,297","1,500",203,1,,The Buildings are largely provided with systems and components originating from the initial building construction.,"The exterior walls of the building are mainly metal cladding. The windows are typically insulated glass units with aluminium frames. Exterior access doors are metal construction. The roof elevations are covered metal roof assembly. The interior finishes throughout the building include vinyl sheets flooring, carpet flooring, partition board walls, suspended acoustical ceiling tiles.",,,,Wood Framed,,,,,,,,,,,,,,,,#N/A,,,,,,,,,,,,,,,,,,Regular,,,,,,99,,0,#N/A,#N/A,#N/A,#N/A,#N/A,#N/A,#N/A,#VALUE!,,,,,,,-123.0415072,49.28236297
3444,NONM_2118_220 Terminal Av,220 Terminal Av,,,,,,,,,,,2 - Moderate Investment,City Owned,2118,2017-02,2017,2015,"$4,421,098","14,961",296,,,,,,,,,,,,,,,,,,,,,,,,#N/A,,,,,,,,,,,,,,,,,,Regular,,,,,,99,,0,#N/A,#N/A,#N/A,#N/A,#N/A,#N/A,#N/A,#VALUE!,,,,,,,-123.0996989,49.2724422
3445,SOCL_10372_3690 Vanness Av_Collingwood Neighbourhood House Annex,3690 Vanness Av,,,,,,,,,,Collingwood Neighbourhood House Annex,1 - Full Investment,City Owned,10372,2018-04,2018,2015,"$2,950,974","10,258",288,1,,The Collingwood Neighbourhood House Annex was constructed circa 2018. It is provided mainly with systems and components originating from the initial building construction.,"The one level facility with underground parking is part of a Highrise building structure, constructed on deep piles foundations. The building structural framing system is likely a cast in place reinforced concrete columns, beams, suspended floor slabs. No significant deficiencies were observed to suggest differential settlement of the building foundations or movement of the building structure.

The building exterior walls consist of window walls and masonry brick veneer, The exterior windows are aluminum double glazing units. The exterior doors are aluminum glass double-doors. Overall, the building envelope components appear to be in good condition, except for the exterior aluminum glass doors which are in fair condition.

The interior wall finishes are painted gypsum board, and ceramic wall tiles. The interior floor finishes are hardwood, ceramic floor tiles, and carpet floor finishes. The interior ceiling finishes are suspended acoustic ceiling panels, acoustic ceiling tiles, and painted gypsum board. The interior doors are aluminum glass swing-type double-doors set in matching aluminum frames, solid wood swing-type double-doors set in metal frames, and hollow-core metal swing-type single-doors set in metal frames. The interior finishes appear to be in good condition overall, except for the hardwood flooring which is in fair condition.",,,,Concrete Structure,,,,,,,,,,,,,,,,#N/A,,,,,,,,,,,,,,,,,,Regular,,,,,,99,,0,#N/A,#N/A,#N/A,#N/A,#N/A,#N/A,#N/A,#VALUE!,,,,,,Pre-Screen Low,-123.0241446,49.23431882
3447,COMM_10964_877 Hamilton St,877 Hamilton St,,,,,,,,,,,3 - Limited Investment,City Owned,10964,1969-01,1969,1965,"$3,077,216","9,020",341,2,,"877 Hamilton Street is a two-storey concrete-frame building that is built circa 1969. The property is located in DD (Downtown District) zoning. Three CRUs are present at the building:

883 Hamilton Street – Rice n Spice Restaurant since 2011
881 Hamilton Street – Ride Cycle Club since 2014
877 Hamilton Street – Office / dance studio 

Based on our visual assessment of this property, the total amount of anticipated expenditures for the next 5 years is approximately $336,250.  The current property value was found to be $15,750,000 from the 2018 appraisal by Garnett Wilson Realty Advisors Ltd.  The FCI based on the current property value and the anticipated 5-year expenditures is 2%.  

Based on the current property value, we do not anticipate the building will reach the critical condition (FCI > 30%) in the next 100 years. The remaining service life of the building (when the building reaches FCI of 65%), is 100+ years. 

Due to the presence of occupants, we were not able to access the washroom and shower facility at Ride Cycle Club (881 Hamilton Street). 

A limited number of hazardous materials sampling was completed in January 2018. Given the age of the building, a comprehensive hazardous materials survey will be necessary prior to any renovation work. 

Fire protection equipment found throughout the building included fire extinguishers and fire suppression system at the restaurant kitchen. Sprinkler system is not present at the building. Based on the future use of the building and/or other substantial building renovations, installation of sprinkler system may be necessary.  The likelihood of the City of Vancouver requiring sprinkler system installation is beyond the scope of this report.","The cast-in-place concrete and concrete masonry unit infill exterior walls are generally in good condition. Most windows are single-glazed, metal-framed windows from the original construction. These windows have exceeded their reliable service life and are recommended to be replaced in the next 1 to 3 years.  Metal-framed double-glazed windows were found at the ground level CRUs.  

The main low-sloped roof is covered with built-up roofing. The roof was in poor condition with vegetative growth, bubbling in membrane, loss of granules and deteriorating perimeter metal flashing.  Replacement of the roof is recommended in the next 1 to 2 years.  

The concrete slab-on-grade was generally in good condition except for the cracks noted in 881 Hamilton Street. We recommend a review of this crack by a qualified professional and repair as necessary.",,,,,,,,,,,,,,,,,,,,#N/A,,,,,,,,,,,,,,,,,,Regular,,,,,,99,,0,#N/A,#N/A,#N/A,#N/A,#N/A,#N/A,#N/A,#VALUE!,,,,,,,-123.1172652,49.2781035
3466,NONM_10368_947 E Hastings St,947 E Hastings St,,,,,,,,,,,9 - CoV Not Responsible,City Owned,10368,2018-06,2018,2015,"$17,686,336","45,241",391,11,4,,,,,,,,,,,,,,,,,,,,,,#N/A,,,,,,,,,,,,,,,,,,Regular,,,,,,99,,0,#N/A,#N/A,#N/A,#N/A,#N/A,#N/A,#N/A,#VALUE!,,,,,,Pre-Screen Low,-123.0839838,49.28131167
3468,CWYD_10737_450 SW Marine Drive_Marine Gateway,450 SW Marine Drive,Phase 1,,,,,,,,,Marine Gateway,9 - CoV Not Responsible,City Leased,10737,2018-01,2018,2015,,"27,123",0,,,,,,,,,,,,,,,,,,,,,,,,#N/A,,,,,,,,,,,,,,,,,,Regular,,,,,,99,,0,#N/A,#N/A,#N/A,#N/A,#N/A,#N/A,#N/A,#VALUE!,,,,,,,-123.1155252,49.2102469
3469,CWYD_7689_3301 E Pender St_ECOMM,3301 E Pender St,Phase 1,,,,,,,,,ECOMM,9 - CoV Not Responsible,City Leased,7689,1996-01,1996,1995,,"18,692",0,,,,,,,,,,,,,,,,,,,,,,,,#N/A,,,,,,,,,,,,,,,,,,Regular,,,,,,99,,0,#N/A,#N/A,#N/A,#N/A,#N/A,#N/A,#N/A,#VALUE!,,,,,,,-123.0328788,49.28070528
3470,CWYD_8548_575 W 8th Av_Echelon 1,575 W 8th Av,Phase 1,,,,,,,,,Echelon 1,9 - CoV Not Responsible,City Leased,8548,1992-01,1992,1990,,"20,533",0,,,,,,,,,,,,,,,,,,,,,,,,#N/A,,,,,,,,,,,,,,,,,,Regular,,,,,,99,,0,#N/A,#N/A,#N/A,#N/A,#N/A,#N/A,#N/A,#VALUE!,,,,,,,-123.1169368,49.2643546
3471,CWYD_8548_555 W 8th Av_Echelon 2,555 W 8th Av,Phase 1,,,,,,,,,Echelon 2,9 - CoV Not Responsible,City Leased,8548,1992-01,1992,1990,,"7,821",0,,,,,,,,,,,,,,,,,,,,,,,,#N/A,,,,,,,,,,,,,,,,,,Regular,,,,,,99,,0,#N/A,#N/A,#N/A,#N/A,#N/A,#N/A,#N/A,#VALUE!,,,,,,,-123.1161156,49.2643741
3483,RESI_10820_1820 E 4th Av,1820 E 4th Av,Phase 1,,,,,,,,,,4 - Minimal Investment,City Owned,10820,1955-01,1955,1953,"$764,953","2,700",283,2,1,,"The exterior walls are cladded with a combination of painted stucco and fibre cement siding. The stucco and fibre cement siding on the exterior walls are generally in good condition without notable concerns. The existing stucco wall assembly is assumed to be face sealed assembly and its performance has been poor in high exposure climates. At the time of renewal, we recommend upgrading the exterior wall assembly with a rainscreen assembly that incorporates proper detailing, new insulation, drain cavity, and air barrier. 

Most windows are vinyl-framed double-glazed windows from the 2006 renovation. One aluminum-framed double-glazed window was found at the second floor.  

The expected remaining service life for the above listed building assemblies is approximately 20 years. A comprehensive building envelope retrofit including new insulation and more energy efficient windows will result in significant energy saving. 

The sloped roof at the main building is covered with asphalt shingle roofing with skylights. The roofs at the main building were in fair condition with cupped and curled shingles, missing granules and moss growth. Replacement of the asphalt shingle roofs at the main building is recommended in the next 3 to 5 years.  

The wood-framed balcony structure covered by metal-framed glazed canopy at the south elevation appeared to be in good condition. We do not expect major actions with those elements in the 20 years.",,2006,,Wood Framed,,,,,,,,,,,,,,,,#N/A,,,,,,,,,,,,,,,,,,Regular,,,,,,99,,0,#N/A,#N/A,#N/A,#N/A,#N/A,#N/A,#N/A,#VALUE!,,,,,,,-123.0672625,49.2669163
3565,NONM_10513_1315 Davie St,1315 Davie St,,,,,,,,,,,9 - CoV Not Responsible,City Owned,10513,2018-01,2018,2015,"$6,958,207","23,642",294,3,1,,,,,,,,,,,,,,,,,,,,,,#N/A,,,,,,,,,,,,,,,,,,Regular,,,,,,99,,0,#N/A,#N/A,#N/A,#N/A,#N/A,#N/A,#N/A,#VALUE!,,,,,,,-123.1349312,49.28319311
3605,PARK_1304_5120 Oak St_ Oak Meadows Park - Fieldhouse,5120 Oak St,,,,,,,,,, Oak Meadows Park - Fieldhouse,2 - Moderate Investment,City Owned,1304,2018-07,2018,2015,"$328,757","1,238",266,1,0,The building was constructed circa 2018. The building is provided mainly with systems and components originating from the initial building construction.,"The single-storey building foundations are likely standard foundations bearing on good native firm soil. The slab on grade appears to be cast in place concrete continuously supported by native soil or engineered fill. 

The single-storey building is likely load bearing concrete masonry block units (CMU) with wood framed suspended sloped roof structure. The exterior walls consist of painted masonry walls. The exterior doors include metal single and double-doors . The roof covering includes metal roofing. The interior partitions are painted concrete masonry units. The interior floor finishes include sealed concrete floor finish. The interior ceiling finishes include painted gypsum board and wood ceiling.",,,,Concrete Structure,,,,,,,,,,,,,,,,#N/A,,,,,,,,,,,,,,,,,,Regular,,,,,,99,,0,#N/A,#N/A,#N/A,#N/A,#N/A,#N/A,#N/A,#VALUE!,,,,,,,-123.1269615,49.23904071
3615,ENEX_1825_2901 E Hastings St_PNE - Canadian National Department of Defense,2901 E Hastings St,,,,,,,,,,PNE - Canadian National Department of Defense,2 - Moderate Investment,City Owned,1825,1960-01,1960,1960,"$2,811,798","8,242",341,1,0,The Buildings are largely provided with systems and components originating from the initial building construction.,"The single-storey building appears to be constructed on spread footings. Where exposed, the superstructure appears to be of steel framed, construction.  No significant deficiencies were observed to suggest differential settlement of the building foundations or movement of the building structure.

The building exterior walls are generally comprised of wood siding on the original building elevations. The original building windows are typically of metal framed single glass units. The exterior entrance doors are typically wood doors. The roof cover is a metal roof assembly. Overall, the building envelope components appear to be in poor to fair condition.

The interior finishes in the building include painted concrete floor, painted wall assemblies and suspended acoustic tile ceiling assemblies. The interior finishes appear to be in poor condition overall.",,,,Metal Framed,,,,,,,,,,,,,,,,#N/A,,,,,,,,,,,,,,,,,,Regular,,,,,,99,,0,#N/A,#N/A,#N/A,#N/A,#N/A,#N/A,#N/A,#VALUE!,,,,,,,-123.0411472,49.28546602
3616,ENEX_1825_2901 E Hastings St_PNE - Amphitheatre Washroom Building,2901 E Hastings St,,,,,,,,,,PNE - Amphitheatre Washroom Building,2 - Moderate Investment,City Owned,1825,1960-01,1960,1960,"$107,391",613,175,1,0,"The Buildings are largely provided with systems and components originating from the initial building construction. Known renewals include:
- The majority of interior finishes updated circa 2013","The single-storey building appears to be constructed on spread footings. Where exposed the superstructure appears to be of wood framed with steel beams construction.  No significant deficiencies were observed to suggest differential settlement of the building foundations or movement of the building structure.

The building exterior walls are generally comprised of painted concrete masonry on the original building elevations. The exterior entrance doors are typically combination of metal and wood doors. The roof cover is a tar with gravel roof assembly. Overall, the building envelope components appear to be in good condition with the exception of the roof.

The interior finishes in the building include ceramic floor tiles, exposed concrete floor, painted wall assemblies, painted ceiling assemblies. The interior finishes appear to be in good condition overall.",,,,Concrete Structure,,,,,,,,,,,,,,,,#N/A,,,,,,,,,,,,,,,,,,Regular,,,,,,99,,0,#N/A,#N/A,#N/A,#N/A,#N/A,#N/A,#N/A,#VALUE!,,,,,,,-123.0365762,49.28424089
3617,RESI_10871_313 Alexander St_Ross House,313 Alexander St,Phase 1,,,,,,,,,Ross House,9 - CoV Not Responsible,City Owned,10871,1907-01,1907,Pre-code,"$1,548,160","4,538",341,3,,"The buildings are largely provided with systems and components originating from the initial building construction. Known renewals include:
- Substantial interior renovation including mechanical and electrical updating circa 2012
- Roof replaced circa 2010","The exterior walls of the building are mainly wood siding. The windows are typically insulated glass unit. Exterior access doors are combination of wood and metal construction. The roof elevations are covered with modified bitumen membrane. The interior finishes throughout the building include vinyl sheets flooring, hardwood flooring, painted wood wall panels, painted drywall finishes and painted ceiling assemblies.",,2012,,Wood Framed,,,,,,,,,,,,,,,,#N/A,,,,,,,,,,,,,,,,,,Regular,,,,,,99,,0,#N/A,#N/A,#N/A,#N/A,#N/A,#N/A,#N/A,#VALUE!,,,,,,,-123.0973807,49.284242
3619,RESI_10862_2930 Victoria Drive,2930 Victoria Drive,Phase 1,,,,,,,,,,4 - Minimal Investment,City Owned,10862,1979-01,1979,1977,"$687,143","2,404",286,2,1,"The residence is understood to have been constructed circa 1979, with no major renovations or additions since that time. Based on the site observations, the majority of the systems and components originate from the initial building construction.","The exterior walls of the building are mainly stucco and brick. The windows are typically insulated glass unit with aluminium frame. Exterior access doors are wood construction and glass sliding door. The roof elevations are covered metal roof assembly. The interior finishes throughout the building include vinyl sheets flooring, hard wood flooring, parquet flooring, exposed concrete flooring , wood wall panels, painted drywall finishes, painted ceiling assemblies, adhered acoustical ceiling tiles.",,N/A,,Wood Framed,,,,,,,,,,,,,,,,#N/A,,,,,,,,,,,,,,,,,,Regular,,,,,,99,,0,#N/A,#N/A,#N/A,#N/A,#N/A,#N/A,#N/A,#VALUE!,,,,,,,-123.0656526,49.2581218
3626,RECR_1337_5175 Dumfries St_Kensington Community Hall_To be demolished,5175 Dumfries St,,,,,,,,,,Kensington Community Hall,5 - No Investment,City Owned,1337,1961-01,1961,1960,"$882,839","4,079",216,1,0,Kensington Community Hall is understood to have been constructed circa 1961. The building is largely provided with systems and components originating from the initial building construction.,"The single-storey building without a basement appears to be constructed on spread footings. Where exposed, the superstructure appears to be of wood framed construction.  Evidence of differential settlement of the building foundations and movement of the building structure and foundation were observed. The overall condition of the foundation and superstructure is critical condition.

The building exterior walls are generally comprised of painted brick and wood siding on all building elevations. The building windows are typically of wood framed single glass units. Some of the windows were replaced with vinyl framed and insulated glass units. The exterior entrance doors are typically wood doors. The roof cover is a 2-ply modified bituminous roof assembly. Overall, the building envelope components appear to be in poor condition.

The interior finishes in the building include ceramic floor tiles, vinyl floor tiles, hardwood flooring, painted wall assemblies, painted ceiling assemblies and acoustic ceiling panels assemblies. The interior finishes appear to be in poor to fair condition overall.",,,,Wood Framed,,,,,,,,,,,,,,,,#N/A,,,,,,,,,,,,,,,,,,Regular,,,,,,99,,0,#N/A,#N/A,#N/A,#N/A,#N/A,#N/A,#N/A,#VALUE!,,,Unknown,,,High,-123.0745979,49.23771786
3635,DAYC_10547_8088 Nunavut Lane_Kids at Marine YMCA Childcare Centre,8088 Nunavut Lane,Phase 1,,,,,,,,,Kids at Marine YMCA Childcare Centre,1 - Full Investment,City Owned,10547,2019-01,2019,2015,"$1,013,212","4,981",203,1,1,The building was constructed circa 2019. The building was originally provided mainly with systems and components originating from the initial building construction.,"The building foundation are likely standard foundations and the first floor slab appears to be cast in place concrete continuously supported by a moisture barrier on a free draining gravel. The building is likely be cast in place reinforced concrete columns, beams, and suspended floor and roof slabs.

The exterior walls consist of metal siding and window walls.  The exterior doors include glazed metal doors and hollow metal doors. 

The interior partitions are painted masonry walls, and gypsum wallboard. The interior wall finishes include ceramic tiles. The interior floor finishes include painted concrete floor, ceramic tile floor, carpet floor and vinyl sheet floor finishes. The interior ceiling finishes include suspended acoustic ceiling panel, painted structure and gypsum board. The interior doors are generally single and double wood and metal doors set in matching wood and metal frames.",,,,Concrete Structure,,,,,,,,,,,,,,,,#N/A,,,,,,,,,,,,,,,,,,Regular,,,,,,99,,0,#N/A,#N/A,#N/A,#N/A,#N/A,#N/A,#N/A,#VALUE!,,,,,,,-123.116009,49.21147354
3637,RESI_10886_5333 Ross St,5333 Ross St,Phase 1,,,,,,,,,,4 - Minimal Investment,City Owned,10886,1913-01,1913,Pre-code,"$684,856","2,396",286,2,1,The Building is largely provided with systems and components originating from the initial building construction. The building was constructed in 1913 and renovated in 2009 & 2014.,"Two two-storey building constructed on spread footings. Where exposed the superstructure appears to be of wood framed and concrete slab-one-grade construction. No significant deficiencies were observed to suggest differential settlement of the building foundations or movement of the building structure.
The building exterior walls are generally comprised of stucco and wood siding. The building windows are typically of vinyl framed insulated glass units (IGUs). The exterior entrance doors are typically wood doors. The service doors are wood doors. The roof cover is asphalt shingles roof assembly. Overall, the building envelope components appear to be in good condition.
The interior finishes in the building include ceramic floor tiles, wood laminated floor, carpet floor, painted wall assemblies, ceramic wall tiles, painted ceiling assemblies. The interior finishes appear to be in good condition overall.",,"2009, 2014",,Wood Framed,,,,,,,,,,,,,,,,#N/A,,,,,,,,,,,,,,,,,,Regular,,,,,,99,,0,#N/A,#N/A,#N/A,#N/A,#N/A,#N/A,#N/A,#VALUE!,,,,,,,-123.0827284,49.23655151
3639,RECR_1310_990 W 59 Av_Marpole-Oakridge Community Centre - Support Building,990 W 59 Av,Phase 1,,,,,,,,,Marpole-Oakridge Community Centre - Support Building,4 - Minimal Investment,City Owned,11097,1950-01,1950,1941,"$520,310","2,404",216,1,,Outdoor pool building is understood to have been constructed circa 1950.The building is largely provided with systems and components originating from the initial building construction.,"The single-storey building with a basement appears to be constructed on spread footings. Where exposed, the superstructure appears to be of concrete and wood framed construction.  No significant deficiencies were observed to suggest differential settlement of the building foundations or movement of the building structure.

The building exterior walls are generally comprised of stucco and wood siding at all building elevations. The building windows are typically of wood framed single glass units. The roof cover is a 2-ply modified bituminous roof assembly. Overall, the building envelope components appear to be in good condition.

The interior finishes in the building include ceramic floor tiles, painted concrete floor, painted wall assemblies, ceramic wall tiles, painted ceiling assemblis. The interior finishes appear to be in poor condition overall.",,,,Concrete Structure,,,,,,,,,,,,,,,,#N/A,,,,,,,,,,,,,,,,,,Regular,,,,,,99,,0,#N/A,#N/A,#N/A,#N/A,#N/A,#N/A,#N/A,#VALUE!,,,,,,,-123.1291908,49.21652767
3640,CWYD_1872_250 W 70th Av_Manitoba Yards - Relay Washroom,250 W 70th Av,Phase 1,,,,,,,,,Manitoba Yards - Relay Washroom,3 - Limited Investment,City Owned,1872,2009-01,2009,2005,"$42,046",240,175,1,,Relay Washroom is understood to have been constructed circa 2009.,"The single-storey prefabricated Relay Washroom trailer is constructed on concrete blocks. No significant deficiencies were observed to suggest differential settlement of the building foundations or movement of the building structure.

The building exterior walls are generally comprised of metal siding on all building elevations. The building windows are typically of vinyl framed insulated glass units (IGUs). The exterior entrance doors are typically metal frame. The roof cover is an EPDM roof assembly. Overall, the building envelope components appear to be in good condition.

The interior finishes in the building include vinyl sheet flooring, vinyl wall assemblies and painted ceiling assemblies. The interior finishes appear to be in good condition overall except for poor floor finish.",,,,Wood Framed,,,,,,,,,,,,,,,,#N/A,,,,,,,,,,,,,,,,,,Regular,,,,,,99,,0,#N/A,#N/A,#N/A,#N/A,#N/A,#N/A,#N/A,#VALUE!,,,,,,,-123.1110608,49.20717639
3641,CWYD_1872_250 W 70th Av_Manitoba Yards - QSL Trailer,250 W 70th Av,Phase 1,,,,,,,,,Manitoba Yards - QSL Trailer,4 - Minimal Investment,City Owned,1872,2004-01,2004,1995,"$57,537",240,240,1,,QSL trailer is understood to have been constructed circa 2004.,"The single-storey prefabricated office trailer is constructed on blocks. No significant deficiencies were observed to suggest differential settlement of the building foundations or movement of the building structure.

The building exterior walls are generally comprised of metal siding on all building elevations. The building windows are typically of vinyl framed insulated glass units (IGUs). The exterior entrance door is a metal door in metal frame. The roof cover is an EPDM roof assembly. Overall, the building envelope components appear to be in good condition.

The interior finishes in the building include vinyl floor tile, wood wall assemblies and painted ceiling assemblies. The interior finishes appear to be in good condition overall with the exception of vinyl floor tiles which are in poor condition.",,,,Wood Framed,,,,,,,,,,,,,,,,#N/A,,,,,,,,,,,,,,,,,,Regular,,,,,,99,,0,#N/A,#N/A,#N/A,#N/A,#N/A,#N/A,#N/A,#VALUE!,,,,,,,-123.1116549,49.20961914
3642,CWYD_1872_250 W 70th Av_Manitoba Yards - Zero Waste Information Trailer,250 W 70th Av,Phase 1,,,,,,,,,Manitoba Yards - Zero Waste Information Trailer,3 - Limited Investment,City Owned,1872,2018-01,2018,2015,"$27,809",116,240,1,,Zero Waste Information Trailer is understood to have been constructed circa 2018. The building is largely provided with systems and components originating from the initial building construction.,"The single-storey building appears to be constructed on a poured concrete island. Where exposed, the superstructure appears to be of metal walls and roof deck. No significant deficiencies were observed to suggest differential settlement of the building foundations or movement of the building structure.

The building exterior walls are generally comprised of metal on the building elevations. The building windows are typically of vinyl framed insulated glass units (IGUs). The exterior entrance door is a metal door in metal frame. The roof cover is a metal roof assembly. Overall, the building envelope components appear to be in good condition. However, exterior windows need to be repaired.

The interior finishes in the building include vinyl floor tiles, painted wall assemblies and painted ceiling assemblies. The interior finishes appear to be in good condition overall.",,,,,,,,,,,,,,,,,,,,#N/A,,,,,,,,,,,,,,,,,,Regular,,,,,,99,,0,#N/A,#N/A,#N/A,#N/A,#N/A,#N/A,#N/A,#VALUE!,,,,,,,-123.114997,49.20832798
3652,NONM_8566_514 Alexander St,514 Alexander St,,,,,,,,,,,5 - No Investment,City Owned,8566,1940-01,1940,Pre-code,"$2,383,928","6,098",391,2,,,,A,,,,,,,,,,,,,,,,,,,#N/A,,,,,,,,,,,,,,,,,,Regular,,,,,,99,,0,#N/A,#N/A,#N/A,#N/A,#N/A,#N/A,#N/A,#VALUE!,High,,,,,High,-123.0924402,49.283713
3663,COMM_10889_1193 Kingsway,1193 Kingsway,,,,,,,,,,,2 - Moderate Investment,City Owned,10889,1973-01,1973,1970,"$5,114,376","15,408",332,2,,"The 1193 Kingsway facility is understood to have been constructed circa 1973 with no known additions, Known renewals include:
- The majority portion of the building was renovated circa 2015 and 2016.","The two-storey building with an underground parking garage (which has been reported separately) appears to be constructed on standard deep foundations bearing on good native soil. Where exposed, the superstructure appears to be of cast-in-place reinforced concrete construction. No significant deficiencies were observed to suggest differential settlement of the building foundations or movement of the building structure.

The building exterior walls are generally comprised of brick masonry, painted concrete block, and window wall assemblies. The windows are typically single pane glass set in metal frames. The exterior entrance doors are glass doors set in metal frames. The service doors are hollow metal doors in metal frames. The roof cover is inverted built-up roof assembly (e.g. tar and gravel roof). Overall, the building envelope components appear to be in fair to good condition with the exception of the roof and associated access hatch, which is considered to be in poor condition.

The interior finishes in the building include ceramic floor tiles, laminate floor planks, carpet, vinyl tile, sealed concrete floor, painted wall assemblies, ceramic wall tiles, wood wall panels, and suspended acoustic tile ceiling assemblies. The interior finishes appear to be in fair to good condition overall, with the exception of the ground level tenant carpet flooring and vinyl tiles which are in poor condition.",,2015,,Concrete Structure,,,,,,,,,,,,,,,,#N/A,,,,,,,,,,,,,,,,,,Regular,,,,,,99,,0,#N/A,#N/A,#N/A,#N/A,#N/A,#N/A,#N/A,#VALUE!,,,,,,,-123.0802276,49.2525625
3670,FIRE_3325_3090 E 54th Av_Fire Hall #05_MIXU,3090 E 54th Av,Phase 1,,,,,,,,,Fire Hall #05,1 - Full Investment,City Owned,3325,2019-12,2020,2020,"$23,983,125","56,370",425,6,,"The 3090 E 54th Av Fire Hall No.5 is a six-storey building includes housing and full basement level , constructed circa 2019. The building is provided mainly with systems and components originating from the initial building construction.","The six-storey building constructed on concrete spread footings and basement walls. The superstructure lower two-storey of the building appears to be constructed with suspended reinforced concrete floor slab, concrete masonry block (CMU) walls. The superstructure upper four-storey of the building are load bearing wood stud walls with I-Joists suspended floor structure and flat roof structure. No significant deficiencies were observed to suggest differential settlement of the building foundations or movement of the building structure.

The building exterior walls are generally comprised of brick veneer finishes and fibre reinforced cement panels on all elevations . The building windows are typical of fixed and operable insulated double glass units. The exterior entrance door is provided by an aluminum framed glazed single-doors. The exit doors are hollow metal doors in metal frames. The roof cover is an inverted modified bitumen SBS roofing and conventional modified bitumen roofing assembly. Overall, the building envelope components appear to be in good condition.

The interior finishes in the building include painted concrete floors, vinyl tiles flooring, ceramic floor tiles, painted wall finish, ceramic wall tiles, painted ceiling finish, mineral wool insulation, wood ceiling and suspended acoustic ceiling panels system. Overall the building interior finishes appear to be in good condition.",,,,Concrete Structure,,,,,,,,,,,,,,,,#N/A,,,,,,,,,,,,,,,,,,Regular,,,,,,99,,0,#N/A,#N/A,#N/A,#N/A,#N/A,#N/A,#N/A,#VALUE!,,,,,,,-123.0417507,49.2198839
3686,PARK_4325_Stanley Park_Stanley Park - Second Beach Outdoor Pool,Stanley Park,,,,,,,,,,Stanley Park - Second Beach Outdoor Pool,4 - Minimal Investment,City Owned,11080,1956-01,1956,1953,"$33,524,586","60,000",559,1,0,"Second Beach Outdoor Pool is understood to have been constructed circa 1956. The building is largely provided with systems and components originating from the initial building construction. Known renewals include:
- The ticket booth was constructed circa 2005","The pool structure is appear to be of concrete construction that includes include concrete pool wall, concrete pool floor and concrete pool deck. No significant deficiencies were observed.
The pool finish is painted on walls and floor concrete. The pool finishes appear to be in good condition overall.",,,,Concrete Structure,,,,,,,,,,,,,,,,#N/A,,,,,,,,,,,,,,,,,,Regular,,,,,,99,,0,#N/A,#N/A,#N/A,#N/A,#N/A,#N/A,#N/A,#VALUE!,,,,,,,-123.1515907,49.29533114
3709,PARK_7606_2600 E Broadway_Van Tech Fieldhouse,2600 E Broadway,,,,,,,,,,Van Tech Fieldhouse,1 - Full Investment,City Leased,7606,2017-01,2017,2015,"$28,906",165,175,1,0,The fieldhouse was constructed circa 2017. The building is provided mainly with systems and components originating from the initial building construction.,"The single-storey building constructed on slab on grade. The superstructure is load bearing concrete masonry block (CMU) walls with wood beams suspended sloped roof structure with roof sheathing systems. No significant deficiencies were observed to suggest differential settlement of the building foundations or movement of the building structure.

The building exterior walls are generally comprised of exterior coating finish and metal façade on all elevations. The exterior doors are metal hollow core single-doors which are mounted to metal frames. The roof cover is a metal roofing assembly. Overall, The building envelope components appear to be in good condition.

The interior finishes in the building include painted concrete floor, painted wall finish and wood ceiling finish. The building interior finishes appear to be in good condition overall with the exception of the painted concrete floor which is in a poor condition.",,,,Masonry Walls,,,,,,,,,,,,,,,,#N/A,,,,,,,,,,,,,,,,,,Regular,,,,,,99,,0,#N/A,#N/A,#N/A,#N/A,#N/A,#N/A,#N/A,#VALUE!,,,,,,,-123.0501074,49.26056468
3713,NONM_10469_2075 Kingsway_Days Inn Hotel,2075 Kingsway,,,,,,,,,,Days Inn Hotel,2 - Moderate Investment,City Owned,10469,1949-01,1949,1941,"$7,181,564","28,427",253,2,,"Days Inn Hotel is understood to have been constructed circa 1949. An addition was constructed circa 1980 along the north portion of the building. The building is largely provided with systems and components originating from the initial building construction. Known renewals include:
- The majority of interior finishes updated circa 2000
- The SBS roof and Asphalt shingles roof were replaced circa 2000","The two-story building with abasement appears to be constructed on spread footings. Where exposed, the superstructure appears to be of wood-framed construction.  No significant deficiencies were observed to suggest differential settlement of the building foundations or movement of the building structure.

The building exterior walls are generally comprised of stucco walls and ceramic wall tiles on the building elevations. The building windows are typical of wood and metal framed single glass units. The exterior entrance doors are typically glass doors set in aluminum frames. The service doors are hollow metal doors in metal frames and the suite doors are wood doors. The roof cover is a 2-ply modified bituminous roof assembly and a sloped asphalt shingles roof assembly. Overall, the building envelope components appear to be in good condition with the exception of the exterior windows and one of the exterior wood doors which are in fair and poor condition respectively.

The interior finishes in the building include ceramic floor tiles, exposed concrete floor, laminated wood flooring, painted wall assemblies, ceramic wall tiles, wallpaper, and painted ceiling assemblies. The interior finishes appear to be in fair to good condition overall.",,,,Wood Framed,,,,,,,,,,,,,,,,#N/A,,,,,,,,,,,,,,,,,,Regular,,,,,,99,,0,#N/A,#N/A,#N/A,#N/A,#N/A,#N/A,#N/A,#VALUE!,,,,,,,-123.0638339,49.24480145
3724,DAYC_4328_151 W Cordova St_Cordova St Parkade - Daycare,151 W Cordova St,Phase 1,,,,,,,,,Cordova St Parkade - Daycare,1 - Full Investment,City Owned,4328,2020-01,2020,2020,"$1,241,548","5,005",248,1,,The building was constructed circa 2020 The building was originally provided mainly with systems and components originating from the initial building construction.,"The building foundation are likely supported on reinforced concrete pedestals which are extensions of the original building's concrete columns. The building’s structural framing system is likely concrete/steel columns and beams supporting concrete floor systems and metal roof deck systems.

The exterior walls consist of metal siding.  The exterior doors include glazed metal doors . The roof covering includes conventional modified bitumen roofing system.

The interior partitions are painted gypsum wallboard. The interior floor finishes include carpet floor and vinyl sheet floor finishes. The interior ceiling finishes include suspended acoustic ceiling panel and painted gypsum board. The interior doors are generally single wood and metal set in matching wood and metal frames.",,2020,,Metal Framed,,,,,,,,,,,,,,,,#N/A,,,,,,,,,,,,,,,,,,Regular,,,,,,99,,0,#N/A,#N/A,#N/A,#N/A,#N/A,#N/A,#N/A,#VALUE!,,,,,,,-123.10753,49.28329426
3725,DAYC_6820_150 Water St_Water St Parkade - Daycare,150 Water St,Phase 1,,,,,,,,,Water St Parkade - Daycare,1 - Full Investment,City Owned,6820,2020-01,2020,2020,"$1,241,548","5,005",248,1,,The building was constructed circa 2020 The building was originally provided mainly with systems and components originating from the initial building construction.,"The single-storey building foundation are likely supported on reinforced concrete pedestals which are extensions of the original building's concrete columns. The single-storey building is likely be steel columns, beams, and steel open web steel joists OWSJ with corrugated steel deck floors with steel roof beams and steel corrugated roof deck systems with roof sheathing systems. 

The exterior walls consist of metal siding.  The exterior doors include glazed metal doors . The roof covering includes conventional modified bitumen roofing system.

The interior partitions are painted gypsum wallboard. The interior floor finishes include carpet floor and vinyl sheet floor finishes. The interior ceiling finishes include suspended acoustic ceiling panel and painted gypsum board. The interior doors are generally single wood and metal set in matching wood and metal frames.",,2020,,Concrete Structure,,,,,,,,,,,,,,,,#N/A,,,,,,,,,,,,,,,,,,Regular,,,,,,99,,0,#N/A,#N/A,#N/A,#N/A,#N/A,#N/A,#N/A,#VALUE!,,,,,,,-123.1074567,49.28374738
3726,NONM_10798_160 E Hastings St_Regent Hotel,160 E Hastings St,,,,,,,,,,Regent Hotel,5 - No Investment,City Owned,10798,1913-01,1913,Pre-code,"$13,646,192","40,000",341,8,,,,,,,,,,,,,,,,,,,,,,,#N/A,,,,,,,,,,,,,,,,,,Regular,,,,,,99,,0,#N/A,#N/A,#N/A,#N/A,#N/A,#N/A,#N/A,#VALUE!,,,,,,,-123.1007915,49.2810435
3732,NONM_10956_205 Kingsway_Best Western Plus Uptown Hotel,205 Kingsway,,,,,,,,,,Best Western Plus Uptown Hotel,2 - Moderate Investment,City Owned,10956,2000-01,2000,1995,"$11,690,284","46,274",253,4,,"The Best Western Plus Uptown Hotel is understood to have been constructed circa 2000. The building is largely provided with systems and components originating from the initial building construction. Known renewals include:
- The majority of interior finishes updated in 2020","The four-story building with two half levels of underground parking garage appears to be constructed on spread footings. Where exposed, the superstructure appears to be of wood-framed, and concrete-framed construction.  No significant deficiencies were observed to suggest differential settlement of the building foundations or movement of the building structure.

The building exterior walls are generally comprised of the stucco walls, masonry brick walls, and metal panels on all building elevations. The building windows are typical of metal-framed insulated glass units (IGUs). The exterior entrance doors are typically glass doors set in aluminum frames. The service doors are hollow metal doors in metal frames. The roof cover is a 2-ply modified bituminous roof assembly.  Overall, the building envelope components appear to be in good condition with the exception of the roof which is in poor condition. 

The interior finishes in the building include ceramic floor tiles, carpet flooring, laminated wood flooring, painted concrete flooring, painted wall assemblies, ceramic wall tiles, wallpaper, painted ceiling assemblies, and suspended acoustic tile ceiling assemblies. The interior finishes appear to be in good condition overall, with the exception of a painted concrete wall in the parking garage which is in poor condition.",,2020,,Wood Framed,,,,,,,,,,,,,,,,#N/A,,,,,,,,,,,,,,,,,,Regular,,,,,,99,,0,#N/A,#N/A,#N/A,#N/A,#N/A,#N/A,#N/A,#VALUE!,,,,,,,-123.0980712,49.2618212
3740,PARK_1303_4600 Cambie St_Queen Elizabeth Park - Lookout Washrooms,4600 Cambie St,,,,,,,,,,Queen Elizabeth Park - Lookout Washrooms,1 - Full Investment,City Owned,1303,1950-01,1950,1941,"$105,114",600,175,1,0,"Queen Elizabeth Park lookout washroom is understood to have been constructed circa 1950. The building is largely provided with systems and components originating from the initial building construction. Known renewals include:
- The majority of interior finishes updated circa 2000","The single-story with a basement appears to be constructed on spread footings. Where exposed, the superstructure appears to be of wood-framed and concrete framed construction.  No significant deficiencies were observed to suggest differential settlement of the building foundations or movement of the building structure.

The building exterior walls are generally comprised of stone masonry walls and wood siding walls on all building elevations. The exterior windows are typical of wood-framed single glass units. The exterior doors are hollow wood doors in wood frames. The roof cover is a cedar shingles roof assembly. Overall, the building envelope components appear to be in fair condition.

The interior finishes in the building include ceramic floor tiles, exposed concrete floor, painted wall assemblies, ceramic wall tiles, and painted ceiling assemblies. The interior finishes appear to be in good condition overall.",,,,Concrete Structure,,,,,,,,,,,,,,,,#N/A,,,,,,,,,,,,,,,,,,Regular,,,,,,99,,0,#N/A,#N/A,#N/A,#N/A,#N/A,#N/A,#N/A,#VALUE!,,,,,,,-123.1129208,49.24221861
3746,COMM_10965_918 Kingsway,918 Kingsway,NOT IN SCOPE,,,,,,,,,,1 - Full Investment,SOL - Property Sold,10965,2016-01,2016,2015,"$290,107",874,332,1,,,,,,,,,,,,,,,,,,,,,,,#N/A,,,,,,,,,,,,,,,,,,Regular,,,,,,99,,0,#N/A,#N/A,#N/A,#N/A,#N/A,#N/A,#N/A,#VALUE!,,,,,,,-123.0851738,49.25432654
3748,RESI_10918_2930 Renfrew St,2930 Renfrew St,Phase 1,,,,,,,,,,5 - No Investment,City Owned,10918,1972-01,1972,1970,"$685,999","2,400",286,2,1,,,,,,,,,,,,,,,,,,,,,,#N/A,,,,,,,,,,,,,,,,,,Regular,,,,,,99,,0,#N/A,#N/A,#N/A,#N/A,#N/A,#N/A,#N/A,#VALUE!,,,,,,,-123.0438833,49.25760745
3764,LIBR_10974_4566 W 10th Av_West Point Grey Branch,4566 W 10th Av,Phase 1,,,,,,,,,West Point Grey Branch,9 - CoV Not Responsible,City Leased,10974,1992-01,1992,1990,"$2,464,850","5,363",460,1,,,,,,,,,,,,,,,,,,,,,,,#N/A,,,,,,,,,,,,,,,,,,Regular,,,,,,99,,0,#N/A,#N/A,#N/A,#N/A,#N/A,#N/A,#N/A,#VALUE!,,,,,,,-123.2110434,49.2636053
3769,CULT_10572_825 Pacific St_The Premises,825 Pacific St,,,,,,,,,,The Premises,9 - CoV Not Responsible,City Owned,10572,2021-07,2021,2020,"$6,987,125","23,046",303,7,1,,,,,,Concrete Structure,,,,,,,,,,,,,,,,#N/A,,,,,,,,,,,,,,,,,,Regular,,,,,,99,,0,#N/A,#N/A,#N/A,#N/A,#N/A,#N/A,#N/A,#VALUE!,,,,,,,-123.1304931,49.27600288
3770,NONM_10976_124 Dunlevy Av_Roddan Lodge - Evelyne Saller Centre_MIXU,124 Dunlevy Av,,,,,,,,,,Roddan Lodge - Evelyne Saller Centre,1 - Full Investment,City Owned,10976,2021-10,2021,2020,"$45,995,569","117,655",391,11,1,"The Roddan Lodge - Evelyne Saller Centre_MIXU is located at 124 Dunlevy Av, in Vancouver, BC. The building was originally constructed in 2021. The building is a eleven-storey structure with a basement, having a reported gross floor area of approximately 117,655 square feet.
The facility includes offices, a library, residential units, storage rooms, utility rooms, and mechanical/electrical rooms.","The eleven-storey building with a basement appears to be constructed on standard deep foundations bearing on good native soil. Where exposed, the superstructure overall structure consists of cast in place reinforced concrete columns, beams, and suspended floor and roof slabs. No significant deficiencies were observed to suggest differential settlement of the building foundations or movement of the building structure.

The building exterior walls are generally comprised of metal siding and stone veneer at all building elevations. The building windows are typically vinyl framed insulated glass units. The exterior entrance doors are typically glass doors set in metal frames. The service doors are hollow metal doors in metal frames. The 6th and 11th roof floor cover is an inverted modified bitumen roof assembly with gravel on top, the roof surfaces at the 1st, 2nd, 8th, 9th and 10th roof floor level are covered with a single-ply waterproofing membrane roof assembly and the roof surface at the 2nd floor is covered with a vegetated (green) roofing assembly. Overall, the building envelope components appear to be in good condition.

The interior finishes in the building include sealed and painted concrete floor, ceramic floor tiles, vinyl sheet flooring, vinyl planks flooring, painted wall assemblies, ceramic wall tiles, painted ceiling assemblies and suspended acoustic tile ceiling assemblies. The interior finishes appear to be in good condition overall.",,2021,,Concrete Structure,,,,,,,,,,,,,,,,#N/A,,,,,,,,,,,,,,,,,,Regular,,,,,,99,,0,#N/A,#N/A,#N/A,#N/A,#N/A,#N/A,#N/A,#VALUE!,,,,,,,-123.0948463,49.28386213
3774,AFFH_10891_4105 Arbutus St,4105 Arbutus St,,,,,,,,,,,9 - CoV Not Responsible,City Owned,10891,2021-08,2021,2020,"$57,608,712","147,361",391,9,3,,,,,,,,,,,,,,,,,,,,,,#N/A,,,,,,,,,,,,,,,,,,Regular,,,,,,99,,0,#N/A,#N/A,#N/A,#N/A,#N/A,#N/A,#N/A,#VALUE!,,,,,,,-123.1535156,49.24889344
3775,AFFH_10807_1395 Davie St,1395 Davie St,,,,,,,,,,,9 - CoV Not Responsible,City Owned,10807,2021-09,2021,2020,"$18,207,778","53,371",341,4,1,,,,,,,,,,,,,,,,,,,,,,#N/A,,,,,,,,,,,,,,,,,,Regular,,,,,,99,,0,#N/A,#N/A,#N/A,#N/A,#N/A,#N/A,#N/A,#VALUE!,,,,,,,-123.1355,49.2836
3776,AFFH_10558_187 E 3rd Av_Social Housing,187 E 3rd Av,,,,,,,,,,Social Housing,9 - CoV Not Responsible,City Owned,10558,2021-10,2021,2020,"$7,376,961","18,870",391,12,2,,,,,,,,,,,,,,,,,,,,,,#N/A,,,,,,,,,,,,,,,,,,Regular,,,,,,99,,0,#N/A,#N/A,#N/A,#N/A,#N/A,#N/A,#N/A,#VALUE!,,,,,,,-123.1009571,49.2683345
3777,CULT_10973_177 E 3rd Av_Artist Studios,177 E 3rd Av,,,,,,,,,,Artist Studios,9 - CoV Not Responsible,City Owned,10973,2021-10,2021,2020,"$1,565,308","4,004",391,12,2,,,,,,,,,,,,,,,,,,,,,,#N/A,,,,,,,,,,,,,,,,,,Regular,,,,,,99,,0,#N/A,#N/A,#N/A,#N/A,#N/A,#N/A,#N/A,#VALUE!,,,,,,,-123.1013004,49.2683611
147,FIRE_1811_5425 Carnarvon St_Fire Hall #21,5425 Carnarvon St,Phase 1,,Pavan Dhillon,Adequate,8/28/2026,,8/31/2026,,,Fire Hall #21,2 - Moderate Investment,City Owned,1811,1984-01,1984,1980,"$3,282,332","6,980",470,2,0,"Fire Hall #21 is largely provided with systems and components originating from the initial building construction. Renovations include asphalt shingles, and modified bitumen roofing installed in circa 2012.","The two-storey building is understood to be constructed on pile and reinforced concrete foundations. Where exposed, the superstructure appears to be predominantly of masonry construction.  No significant deficiencies were observed to suggest differential settlement of the building foundations or movement of the building structure.

The building exterior walls are generally comprised of stucco and clay bricks. Window assemblies are double pane glass set in painted metal frames. The exterior entrance doors are hollow metal doors in metal frames. The roof cover is predominantly comprised of asphalt shingles and modified bitumen. Overall, the building envelope components appear to be in fair to good condition.

The interior finishes in the building include sealed concrete floor, viny sheet/tile floor, ceramic floor tiles, painted wall assemblies, ceramic wall tiles, painted ceiling assemblies, suspended acoustic tile ceiling. The interior finishes appear to be in fair to good condition overall.",,2012,,"Reinforced concrete foundation, masonry walls & interior concrete supports w/tar & gravel & asphalt",,,,,,,,,,,,,1.5,,Fire Halls (Excl. Temp FH), $-   ,,,,,,,,,,,,,,,,,,Regular,,,,,,99,,0,#N/A,#N/A,#N/A,#N/A,#N/A,#N/A,#N/A,#VALUE!,0.4%,Responder,11-100,,2.4,Low,-123.1733925,49.23735168
3779,DAYC_10596_8118 Fraser St_ Daycare and Neighbourhood House_MIXU,8118 Fraser St,Phase 1,,,,,,,,, Daycare and Neighbourhood House,1 - Full Investment,City Owned,10596,2021-05,2021,2020,"$1,271,346","6,250",203,1,,"The Daycare and Neighbourhood House_MIXU (Air Space Parcel) is an approximately 6,250 sq.ft. The building constructed circa 2021. The facility is largely provided with systems and components originating from the initial building construction.","The building windows are typically of metal framed insulated glass units (IGUs). The exterior entrance doors are typically glass doors set in metal frames. Overall, the building envelope components appear to be in good condition.

The interior finishes in the building include vinyl sheet flooring, carpet flooring, painted wall assemblies, painted ceiling assemblies, and suspended acoustic tile ceiling assemblies. The interior finishes appear to be in good condition overall.",,2021,,Concrete Structure,,,,,,,,,,,,,,,,#N/A,,,,,,,,,,,,,,,,,,Regular,,,,,,99,,0,#N/A,#N/A,#N/A,#N/A,#N/A,#N/A,#N/A,#VALUE!,,,,,,,-123.0907478,49.21175719
3780,DAYC_10887_6363 Lanark St_3rd Floor Fleming Elementary School Childcare,6363 Lanark St,Phase 1,,,,,,,,,3rd Floor Fleming Elementary School Childcare,1 - Full Investment,City Leased,10887,2021-01,2021,2020,"$2,156,812","10,603",203,3,,"The Fleming Elementary School Childcare (Air Space Parcel) is an approximately 10,603 sq.ft. The building constructed circa 2021. The facility is largely provided with systems and components originating from the initial building construction.","The building windows are typically of metal framed insulated glass units (IGUs). The exterior entrance doors are typically glass doors set in metal frames. Overall, the building envelope components appear to be in good condition.

The interior finishes in the building include vinyl sheet flooring, carpet flooring, painted wall assemblies, painted ceiling assemblies, and suspended acoustic tile ceiling assemblies. The interior finishes appear to be in good condition overall.",,2021,,Concrete Structure,,,,,,,,,,,,,,,,#N/A,,,,,,,,,,,,,,,,,,Regular,,,,,,99,,0,#N/A,#N/A,#N/A,#N/A,#N/A,#N/A,#N/A,#VALUE!,,,,,,,-123.0763746,49.22722002
3781,DAYC_10923_2650 Maple St_3rd Floor Lord Tennyson Elementary School Childcare,2650 Maple St,Phase 1,,,,,,,,,3rd Floor Lord Tennyson Elementary School Childcare,1 - Full Investment,City Leased,10923,2021-01,2021,2020,"$1,679,397","8,256",203,3,,"The Lord Tennyson Elementary School Childcare (Air Space Parcel) is an approximately 8,256 sq.ft. The building constructed circa 2021. The facility is largely provided with systems and components originating from the initial building construction.","The building windows are typically of metal framed insulated glass units (IGUs). The exterior entrance doors are typically glass doors set in metal frames. Overall, the building envelope components appear to be in good condition.

The interior finishes in the building include vinyl sheet flooring, carpet flooring, painted wall assemblies, painted ceiling assemblies, and suspended acoustic tile ceiling assemblies. The interior finishes appear to be in good condition overall.",,2021,,Concrete Structure,,,,,,,,,,,,,,,,#N/A,,,,,,,,,,,,,,,,,,Regular,,,,,,99,,0,#N/A,#N/A,#N/A,#N/A,#N/A,#N/A,#N/A,#VALUE!,,,,,,,-123.150003,49.26239739
3784,AFFH_10979_162 Main St,162 Main St,,,,,,,,,,,9 - CoV Not Responsible,City Owned,10979,2023-06,2023,2020,"$10,926,506","32,028",341,6,,,,,,,,,,,,,,,,,,,,,,,#N/A,,,,,,,,,,,,,,,,,,Regular,,,,,,99,,0,#N/A,#N/A,#N/A,#N/A,#N/A,#N/A,#N/A,#VALUE!,,,,,,,-123.0992667,49.28354432
3791,PARK_1491_1001 E 7th Av_China Creek North Park Pump Station Public Washrooms,1001 E 7th Av,,,,,,,,,,China Creek North Park Pump Station Public Washrooms,1 - Full Investment,City Owned,1491,2021-06,2021,2020,"$24,527",140,175,,,,,,,,,,,,,,,,,,,,,,,,#N/A,,,,,,,,,,,,,,,,,,Regular,,,,,,99,,0,#N/A,#N/A,#N/A,#N/A,#N/A,#N/A,#N/A,#VALUE!,,,,,,,-123.0815521,49.26450642
3793,INDU_2115_1658 Main St,1658 Main St,,,,,,,,,,,9 - CoV Not Responsible,City Owned,2115,1987-01,1987,1985,,"1,006",0,,,,,,,,,,,,,,,,,,,,,,,,#N/A,,,,,,,,,,,,,,,,,,Regular,,,,,,99,,0,#N/A,#N/A,#N/A,#N/A,#N/A,#N/A,#N/A,#VALUE!,,,,,,,-123.1000615,49.270973
3794,INDU_2128_246 Central St (251 Southern St),246 Central St (251 Southern St),,,,,,,,,,,4 - Minimal Investment,City Owned,2128,1950-01,1950,1941,"$2,395,833","12,000",200,1,0,"BCA REPORT NOTES: 

•	The attached report is not a capital plan but a tool to assist in developing one.

•	Actions noted on the report are based on repair or renewal needs identified in an on-site visual component review. This is not a detailed facility condition assessment (not invasive testing or detailed review of existing drawings have been done as part of this assessment)

•	This is also not a code compliance review or hazardous materials survey.  Values for hazardous materials abatement, seismic retrofit, buildings upgrades or renovations are not included.  

•	It is expected that if needs occur on critical components before the date on which the report is indicating that they will be addressed and not deferred.   Alternately if needs are not present on the date indicated the component will be monitored on an appropriate schedule and the work will be deferred.

•	Component Replacement Values and Action Costs are based on RS Means average for building type and location.  All values on this report are for hard costs only. 

•	Overall project scope and detailed budget remains to be fully developed. 

•	These values do not constitute requested project budgets for the facility.",,,N/A,,"HCB, tar and gravel roof",,,,,,,,,,,,,,,,#N/A,,,,,,,,,,,,,,,,,,Regular,,,,,,99,,0,#N/A,#N/A,#N/A,#N/A,#N/A,#N/A,#N/A,#VALUE!,15%,,11-100,,0.6,High,-123.0990421,49.27099179
3798,LIBR_10975_6184 Ash St_Oakridge Branch,6184 Ash St,Phase 1,,,,,,,,,Oakridge Branch,9 - CoV Not Responsible,City Leased,10975,2000-01,2000,1995,,"2,148",0,,,,,,,,,,,,,,,,,,,,,,,,#N/A,,,,,,,,,,,,,,,,,,Regular,,,,,,99,,0,#N/A,#N/A,#N/A,#N/A,#N/A,#N/A,#N/A,#VALUE!,,,,,,,-123.1176251,49.2289009
3799,CWYD_10811_510 W Broadway,510 W Broadway,Phase 1,,,,,,,,,,9 - CoV Not Responsible,City Leased,10811,2021-01,2021,2020,,"41,262",0,,,,,,,,,,,,,,,,,,,,,,,,#N/A,,,,,,,,,,,,,,,,,,Regular,,,,,,99,,0,#N/A,#N/A,#N/A,#N/A,#N/A,#N/A,#N/A,#VALUE!,,,,,,,-123.1154268,49.26293707
3819,COMM_11009_1736 E Hastings St,1736 E Hastings St,,,,,,,,,,,5 - No Investment,City Owned,11009,1949-01,1949,1941,"$1,845,530","5,560",332,1,,"The 1736 E. Hastings Street, single-storey building is a Quonset steel structure with a wood-framed mezzanine floor, approximately 5,560 sf (516 SM), which was constructed circa 1949. The building is supported on concrete foundations and is completed with a concrete slab-on-grade.
The building is largely provided with systems and components originating from the initial building construction. Some renovations have been completed circa 1990 and 2010 including:
- Backside exit door.
- Wood laminate flooring.
- Suspended acoustic ceiling panels.
- Storefront windows and door.","The single-storey building appears to be constructed on continuous concrete footings. Where exposed, the superstructure appears to be of steel framing with corrugated metal panels, and wood-framed mezzanine floor construction. No significant deficiencies were observed to suggest differential settlement of the building foundations or movement of the building structure.
The building exterior walls are generally comprised of corrugated metal panels on the left, right, and back elevations and wood panels and storefront glazing on the front elevation. The building storefront windows are wood framed with single glass fixed units and the mezzanine floor windows are a combination of fixed and operable metal framed with single glazing. The exterior front entrance main door is a single glass door set in a wood frame with butt hinges. The back exit door is a single metal door set in a metal frame with butt hinges. The building is also provided with a sectional metal overhead door on the back elevation. The roof cover is corrugated metal panels.  Overall, the building envelope components appear to be in poor to fair condition.
The interior finishes in the building include wood laminate flooring, vinyl sheet flooring, carpet flooring, painted wall finish, wood wall panels, painted ceiling finish, and suspended acoustic ceiling panels.  The interior finishes appear to be in fair condition, except for the carpet flooring and the vinyl flooring which are in poor condition.",No,,,Metal Framed,,,,,,,,,,,,,,,,#N/A,,,,,,,,,,,,,,,,,,Regular,,,,,,99,,0,#N/A,#N/A,#N/A,#N/A,#N/A,#N/A,#N/A,#VALUE!,,,,,,,-123.069608,49.28093985
3820,COMM_11010_1738 E Hastings St,1738 E Hastings St,,,,,,,,,,,5 - No Investment,City Owned,11010,1962-01,1962,1960,"$1,329,711","4,006",332,1,,"The 1738 E. Hastings Street building is a single-storey with concrete masonry block (CMU) load-bearing walls supporting the wood-framing roof structure, approximately 4,006 sf (372 SM), which was constructed circa 1962. The building is supported on concrete foundations and concrete slab-on-grade. The building has a wood-framed mezzanine floor and is largely provided with systems and components originating from the initial building construction. Some renovations have been completed circa 1990 including:
- Replaced single glass storefront windows and main entry door with double glass windows and door.
- New wall and ceiling painting.
- New ceramic floor tiles in the storefront area and the office.
- New suspended acoustic ceiling panels.","The single-storey building appears to be constructed on continuous concrete footings. Where exposed, the superstructure appears to be of concrete masonry block (CMU) load-bearing walls, wood-framed mezzanine floor, and wood-framed roof construction. No significant deficiencies were observed to suggest differential settlement of the building foundations or movement of the building structure.
The building exterior walls are generally comprised of stucco finish on the front elevation with partial glass brick finish and painted concrete masonry walls on the left, right, and back elevations. The building storefront windows are aluminum framed with insulated glass units (IGUs) and the other windows are metal framed with single glazing. The exterior entrance main door is a double glass door set in a metal frame with butt hinges. The back exit door is a hollow single metal door set in a metal frame with butt hinges. The building is also provided with a sectional metal overhead door on the back elevation. The roof cover is a conventional modified bitumen roofing assembly.  Overall, the building envelope components appear to be in fair condition except for the building roofing which is in a good condition.
The interior finishes in the building include vinyl sheet flooring, sealed concrete floor, ceramic floor tiles, carpet flooring, painted wall assemblies, painted ceiling assemblies, and suspended acoustic ceiling panels.  The interior finishes appear to be in fair condition overall, except for the carpet flooring which is in a poor condition.",No,1990,,Masonry Walls,,,,,,,,,,,,,,,,#N/A,,,,,,,,,,,,,,,,,,Regular,,,,,,99,,0,#N/A,#N/A,#N/A,#N/A,#N/A,#N/A,#N/A,#VALUE!,,,,,,,-123.0694188,49.2809773
3821,COMM_11011_1756 E Hastings St,1756 E Hastings St,,,,,,,,,,,5 - No Investment,City Owned,11096,1948-01,1948,1941,"$1,892,000","5,700",332,1,,"The single-storey building is a Quonset steel structure with a wood-framed mezzanine floor and without a basement, approximately 5,700 sf (530 SM), which was constructed circa 1948. The building is supported on concrete foundations and concrete slab-on-grade.
The building is not safe for public access and is in very poor condition structurally. Demolishing the building is highly recommended. Demolition must be done from outside the building by a licensed demolition contractor who has the experience to execute this kind of work. The demolition contractor must apply to the City of Vancouver for a demolition permit and provide all the required demolition plans and documents to issue the permit. The demolition contractor is also responsible for the safety of his employees and the public during the demolition, in accordance with the current WorkSafe BC regulations.","At the time of the assessment, the building interior was observed to be completely fire-damaged with warped steel roof beams. The mezzanine floor wood framing was destroyed and mostly collapsed. The building exterior metal cladding was damaged, buckled, and twisted. The building front exterior masonry brick veneer finish was also damaged. All exterior windows and doors have been destroyed or removed. The building’s front entry on E. Hastings Street and the backside exit doors were boarded.",No,,,Metal Framed,,,,,,,,,,,,,,,,#N/A,,,,,,,,,,,,,,,,,,Regular,,,,,,99,,0,#N/A,#N/A,#N/A,#N/A,#N/A,#N/A,#N/A,#VALUE!,,,,,,,-123.0692405,49.2809014
3822,COMM_11012_1762 E Hastings St,1762 E Hastings St,,,,,,,,,,,5 - No Investment,City Owned,11096,1962-01,1962,1960,"$1,447,214","4,360",332,1,,"The 1762 E. Hastings Street building is a single-storey building with concrete masonry block (CMU) load-bearing walls supporting the wood-framing roof structure, approximately 4,370 sf (405 SM), which was constructed circa 1962. The building is supported on concrete foundations and concrete slab-on-grade.
The building is not safe for public access and is in very poor condition structurally. Demolishing the building is highly recommended. Demolition must be done from outside the building by a licensed demolition contractor who has the experience to execute this kind of work. The demolition contractor must apply to the City of Vancouver for a demolition permit and provide all the required demolition plans and documents to issue the permit. The demolition contractor is also responsible for the safety of his employees and the public during the demolition, in accordance with the current WorkSafe BC regulations.","At the time of the assessment, the building interior was observed to be completely fire-damaged with burned roof Glulam beams and posts. The building roof was mostly destroyed and collapsed. The building exterior masonry brick veneer was observed to be damaged. All exterior windows and doors have been destroyed or removed. The building front entry on E. Hastings Street and the backside exit doors were boarded.",No,,,Masonry Walls,,,,,,,,,,,,,,,,#N/A,,,,,,,,,,,,,,,,,,Regular,,,,,,99,,0,#N/A,#N/A,#N/A,#N/A,#N/A,#N/A,#N/A,#VALUE!,,,,,,,-123.0690562,49.28096397
3823,COMM_11013_1768 E Hastings St,1768 E Hastings St,,,,,,,,,,,5 - No Investment,City Owned,11013,1948-01,1948,1941,"$1,969,340","5,933",332,1,,"The 1768 E. Hastings Street, single-storey building is a Quonset steel structure with a wood-framed mezzanine floor, approximately 5,933 sf (551 SM), which was constructed circa 1948. The building is supported on concrete foundations and is completed with a concrete slab-on-grade.
The building is largely provided with systems and components originating from the initial building construction. Some renovations have been completed circa 1990 including:
- Backside exit door.
- Wood laminate flooring.
- Walls and ceiling painting.
- Suspended acoustic ceiling panels.","The single-storey building appears to be constructed on continuous concrete footings. Where exposed, the superstructure appears to be of steel framing with corrugated metal panels, and wood-framed mezzanine floor construction. No significant deficiencies were observed to suggest differential settlement of the building foundations or movement of the building structure.
The building exterior walls are generally comprised of corrugated metal panels on the left, right, and back elevations and wood panels and storefront glazing on the front elevation. The building storefront windows are wood framed with single glass fixed units and the mezzanine floor windows are a combination of fixed and operable metal framed with single glazing. The exterior front entrance main door is a single glass door set in a wood frame with butt hinges. The back exit door is a single metal door set in a metal frame with butt hinges. The building is also provided with a wood double hangar door on the back elevation. The roof cover is corrugated metal panels.  Overall, the building envelope components appear to be in fair to poor condition.
The interior finishes in the building include wood laminate flooring, painted wall finish, painted ceiling finish, and suspended acoustic ceiling panels. The interior finishes appear to be in good to fair condition.",No,,,Metal Framed,,,,,,,,,,,,,,,,#N/A,,,,,,,,,,,,,,,,,,Regular,,,,,,99,,0,#N/A,#N/A,#N/A,#N/A,#N/A,#N/A,#N/A,#VALUE!,,,,,,,-123.0688831,49.2809276
3831,AFFH_10986_603 W 59th Av_Gamble Gardens ASP,603 W 59th Av,,,,,,,,,,Gamble Gardens ASP,9 - CoV Not Responsible,City Owned,10986,2022-09,2022,2020,"$39,987,436","117,212",341,,,,,,,,Concrete Structure,,,,,,,,,,,,,,,,#N/A,,,,,,,,,,,,,,,,,,Regular,,,,,,99,,0,#N/A,#N/A,#N/A,#N/A,#N/A,#N/A,#N/A,#VALUE!,,,,,,,-123.1173874,49.21735853
3840,COMM_11033_5680 Main St,5680 Main St,,,,,,,,,,,3 - Limited Investment,City Owned,11033,1985-01,1985,1985,"$2,361,681","7,115",332,1,,The 5680 Main Street building is a load-bearing concrete masonry block walls and wood framed supporting roof wood trusses and roof wood sheathing and constructed on concrete foundations. It was constructed circa 1985 and had some tenant improvements and renovations over the past years. The building is currently used as a commercial retails and office building.,"The one-storey building appears to be constructed on spread and continuous footings. Where exposed, the superstructure appears to be of roof wood sheathing over roof wood trusses supported by load-bearing concrete masonry block walls and wood framed walls. No significant deficiencies were observed to suggest differential settlement of the building foundations or movement of the building structure.

The building front external walls consist of aluminum glazed storefront framing and the building back and side walls are concrete masonry block walls and clay brick walls. The top part of the exterior walls and the parapet are finished with painted wood board siding. The building exterior soffit is covered with perforated prefinished aluminum panels. The exterior entry doors are aluminum framed swing single and double-doors with single glazing and the mechanical room door is a single hollow-core metal swing door located on the south building elevation. The low sloped roof consists of SBS bitumen membrane roofing. Overall, the building envelope components appear to be in good condition with the exception of the painted wood board siding which is in poor condition and the soffit prefinished aluminum panels which are in fair condition.

Interior finishes include ceramic floor tiles, carpet flooring, painted wall finish, ceramic wall tiles, stained wood wall finish, painted ceiling finish, and suspended acoustic ceiling panels assemblies. The interior finishes appear to be in good condition overall.",,,,Wood Framed,,,,,,,,,,,,,,,,#N/A,,,,,,,,,,,,,,,,,,Regular,,,,,,99,,0,#N/A,#N/A,#N/A,#N/A,#N/A,#N/A,#N/A,#VALUE!,,,,,,,-123.1010462,49.23330663
3849,NONM_11027_41 W Pender St,41 W Pender St,,,,,,,,,,,5 - No Investment,City Owned,11027,1950-01,1950,1941,"$5,234,503","17,100",306,4,,,,,,,,,,,,,,,,,,,,,,,#N/A,,,,,,,,,,,,,,,,,,Regular,,,,,,99,,0,#N/A,#N/A,#N/A,#N/A,#N/A,#N/A,#N/A,#VALUE!,,,,,,,-123.1065819,49.2811288
3857,PARK_10481_860 Richards St_Rainbow Park,860 Richards St,,,,,,,,,,Rainbow Park,1 - Full Investment,City Owned,10481,2022-01,2022,2020,"$428,325","1,979",216,1,1,The Rainbow Cafe is understood to have been constructed circa 2022. The building is largely provided with systems and components originating from the initial building construction.,"The single-storey building with a basement appears to be constructed on concrete footings which bear on native soil or engineered fill. Where exposed, the superstructure appears to be of cast in place reinforced concrete columns, beams, and walls supporting suspended concrete floor and roof slabs.  No significant deficiencies were observed to suggest differential settlement of the building foundations or movement of the building structure. 

The building exterior walls are generally comprised of stone veneer panels and window walls on the building elevations. The exterior entrance doors are folding glass doors set in aluminum frames. The service doors are hollow metal doors in metal frames. The roof cover includes green roof assemblies. Overall, the building envelope components appear to be in good condition. 

The interior finishes in the building include ceramic floor tiles, sealed concrete floor finish, painted wall finish,  exposed concrete ceiling. The interior finishes appear to be in good condition overall.",,2022,,Concrete Structure,,,,,,,,,,,,,,,,#N/A,,,,,,,,,,,,,,,,,,Regular,,,,,,99,,0,#N/A,#N/A,#N/A,#N/A,#N/A,#N/A,#N/A,#VALUE!,,,,,,,-123.1190923,49.27903559
3861,COMM_11049_3957 Main St,3957 Main St,,,,,,,,,,,4 - Minimal Investment,City Owned,11049,1949-01,1949,1941,"$2,107,755","6,350",332,2,0,The 3957 Main St Building was constructed circa 1949. The building is provided mainly with systems and components originating from the initial building construction.,"The two-storey building appears to be constructed on spread concrete footings with a slab on grade. The superstructure seems to be of wood walls, wood beams and wood joists supporting a wood deck floor.  No significant deficiencies were observed to suggest differential settlement of the building foundations or movement of the building structure.
 
The building's exterior walls generally comprise of wood and vinyl siding, veneer stone and painted wall finishes on the building elevations. The windows are vinyl double-paned glass units and single-paned glass set in painted wood frames. The commercial units have a glass doors set in aluminum frame and residential and commercial have wood doors in wood frames. The roof covers include 2-ply modified bituminous at the flat roof assembly. Overall, the building envelope components appear to be in good condition except the exterior painted walls and exterior wood doors are in fair condition. 

The interior finishes in the building include ceramic floor tiles, laminate wood flooring, painted wall assemblies, and painted ceiling assemblies. Overall, the interior finishes appear to be in fair condition.",,,,Wood Framed,,,,,,,,,,,,,,,,#N/A,,,,,,,,,,,,,,,,,,Regular,,,,,,99,,0,#N/A,#N/A,#N/A,#N/A,#N/A,#N/A,#N/A,#VALUE!,,,,,,,-123.1014053,49.24983524
3882,COMM_11056_8486 Granville St,8486 Granville St,,,,,,,,,,,4 - Minimal Investment,City Owned,11056,1956-01,1956,1953,"$4,316,416","13,004",332,2,,The 8486 Granville St building was constructed circa 1956. The building is provided mainly with systems and components originating from the initial building construction.,"The two-story building appears to be constructed on spread concrete footings with a slab on grade. The superstructure seems to be of concrete masonry walls and metal beams supporting a suspended wood floor and wood roof deck.  No significant deficiencies were observed to suggest differential settlement of the building foundations or movement of the building structure.
 
The building's exterior walls generally comprise of painted masonry walls on the building elevations. The windows are single-paned glass set in painted wood and metal frames. At the main entrances glass doors are set in aluminum and wood frames, and the service doors are metal doors in painted metal frames. The roof includes a modified bituminous at the flat roof assembly. Overall, the building envelope components appear to be in good condition except the exterior painted walls and the exterior doors which are in fair condition.

The interior finishes in the building include ceramic floor tiles, wood flooring, painted wall assemblies, painted ceiling assemblies. Overall, the interior finishes appear to be in fair condition.",,,,Masonry Walls,,,,,,,,,,,,,,,,#N/A,,,,,,,,,,,,,,,,,,Regular,,,,,,99,,0,#N/A,#N/A,#N/A,#N/A,#N/A,#N/A,#N/A,#VALUE!,,,,,,,-123.1401574,49.2095863
3941,INDU_11047_1210 Glen Drive,1210 Glen Drive,,,,,,,,,,,9 - CoV Not Responsible,City Owned,11047,1964-01,1964,1960,"$3,456,287","19,075",181,1,,,,,,,,,,,,,,,,,,,,,,,#N/A,,,,,,,,,,,,,,,,,,Regular,,,,,,99,,0,#N/A,#N/A,#N/A,#N/A,#N/A,#N/A,#N/A,#VALUE!,,,,,,,-123.0810017,49.273818
3942,RESI_11116_2371 Vanness Av,2371 Vanness Av,Phase 1,,,,,,,,,,4 - Minimal Investment,City Owned,11116,1976-01,1976,1975,"$923,813","3,232",286,2,,,,,,,,,,,,,,,,,,,,,,,#N/A,,,,,,,,,,,,,,,,,,Regular,,,,,,99,,0,#N/A,#N/A,#N/A,#N/A,#N/A,#N/A,#N/A,#VALUE!,,,,,,,-123.0573141,49.24929861
3943,RESI_11117_2379 Vanness Av,2379 Vanness Av,Phase 1,,,,,,,,,,4 - Minimal Investment,City Owned,11117,1976-01,1976,1975,"$923,813","3,232",286,2,,,,,,,,,,,,,,,,,,,,,,,#N/A,,,,,,,,,,,,,,,,,,Regular,,,,,,99,,0,#N/A,#N/A,#N/A,#N/A,#N/A,#N/A,#N/A,#VALUE!,,,,,,,-123.0571944,49.24925586
3944,RESI_11118_3586 Copley St,3586 Copley St,Phase 1,,,,,,,,,,4 - Minimal Investment,City Owned,11118,1977-01,1977,1977,"$1,113,606","3,896",286,2,,,,,,,,,,,,,,,,,,,,,,,#N/A,,,,,,,,,,,,,,,,,,Regular,,,,,,99,,0,#N/A,#N/A,#N/A,#N/A,#N/A,#N/A,#N/A,#VALUE!,,,,,,,-123.0580452,49.25000013
3945,NONM_11036_808 Nicola St_Empire Landmark,808 Nicola St,,,,,,,,,,Empire Landmark,1 - Full Investment,City Owned,11036,2024-01,2024,2020,"$43,291,471","110,738",391,34,,,,,,,,,,,,,,,,,,,,,,,#N/A,,,,,,,,,,,,,,,,,,Regular,,,,,,99,,0,#N/A,#N/A,#N/A,#N/A,#N/A,#N/A,#N/A,#VALUE!,,,,,,,-123.1312388,49.28839742
3958,CULT_8808_601 Smithe St_Orpheum Back Stage (Future Expansion),601 Smithe St,,,,,,,,,,Orpheum Back Stage (Future Expansion),1 - Full Investment,City Owned,8808,2011-01,2011,2010,,"17,975",0,,,,,,,,,,,,,,,,,,,,,,,,#N/A,,,,,,,,,,,,,,,,,,Regular,,,,,,99,,0,#N/A,#N/A,#N/A,#N/A,#N/A,#N/A,#N/A,#VALUE!,,,,,,,-123.1199434,49.28041263
3973,COMM_11101_418 Alexander St,418 Alexander St,,,,,,,,,,,5 - No Investment,City Owned,11101,1974-01,1974,1970,,"7,500",0,1,,,,,,,,,,,,,,,,,,,,,,,#N/A,,,,,,,,,,,,,,,,,,Regular,,,,,,99,,0,#N/A,#N/A,#N/A,#N/A,#N/A,#N/A,#N/A,#VALUE!,,,,,,,-123.0942643,49.2837919
3974,COMM_11102_422 Alexander St,422 Alexander St,,,,,,,,,,,5 - No Investment,City Owned,11102,1983-01,1983,1980,,"3,700",0,2,,,,,,,,,,,,,,,,,,,,,,,#N/A,,,,,,,,,,,,,,,,,,Regular,,,,,,99,,0,#N/A,#N/A,#N/A,#N/A,#N/A,#N/A,#N/A,#VALUE!,,,,,,,-123.0940582,49.2837844
3975,COMM_11103_450 Alexander St,450 Alexander St,,,,,,,,,,,5 - No Investment,City Owned,11103,1971-01,1971,1970,,"9,122",0,2,,,,,,,,,,,,,,,,,,,,,,,#N/A,,,,,,,,,,,,,,,,,,Regular,,,,,,99,,0,#N/A,#N/A,#N/A,#N/A,#N/A,#N/A,#N/A,#VALUE!,,,,,,,-123.0939077,49.2837573
3976,COMM_11104_474 Alexander St,474 Alexander St,,,,,,,,,,,5 - No Investment,City Owned,11104,1959-01,1959,1953,,"4,600",0,2,,,,,,,,,,,,,,,,,,,,,,,#N/A,,,,,,,,,,,,,,,,,,Regular,,,,,,99,,0,#N/A,#N/A,#N/A,#N/A,#N/A,#N/A,#N/A,#VALUE!,,,,,,,-123.0937664,49.2837982
3977,COMM_11105_476 Alexander St,476 Alexander St,,,,,,,,,,,5 - No Investment,City Owned,11105,1995-01,1995,1995,,"4,600",0,2,,,,,,,,,,,,,,,,,,,,,,,#N/A,,,,,,,,,,,,,,,,,,Regular,,,,,,99,,0,#N/A,#N/A,#N/A,#N/A,#N/A,#N/A,#N/A,#VALUE!,,,,,,,-123.093674,49.2837726
3978,COMM_11106_496 Alexander St,496 Alexander St,,,,,,,,,,,5 - No Investment,City Owned,11106,1928-01,1928,Pre-code,,"3,000",0,1,,,,,,,,,,,,,,,,,,,,,,,#N/A,,,,,,,,,,,,,,,,,,Regular,,,,,,99,,0,#N/A,#N/A,#N/A,#N/A,#N/A,#N/A,#N/A,#VALUE!,,,,,,,-123.0935633,49.2837374
4004,NONM_11131_2518 Grandview Hwy South,2518 Grandview Hwy South,,,,,,,,,,,5 - No Investment,City Owned,11131,,1900,Pre-code,,,#DIV/0!,,,,,,,,,,,,,,,,,,,,,,,,#N/A,,,,,,,,,,,,,,,,,,Regular,,,,,,99,,0,#N/A,#N/A,#N/A,#N/A,#N/A,#N/A,#N/A,#VALUE!,,,,,,,-123.0543007,49.25724401
4007,COMM_4493_8384 Granville St_Thrift Store_MIXU,8384 Granville St,,,,,,,,,,Thrift Store,4 - Minimal Investment,City Owned,4493,1955-01,1955,1953,"$2,593,998","5,644",460,1,0,"BCA REPORT NOTES: 

•	The attached report is not a capital plan but a tool to assist in developing one.

•	Actions noted on the report are based on repair or renewal needs identified in an on-site visual component review. This is not a detailed facility condition assessment (not invasive testing or detailed review of existing drawings have been done as part of this assessment)

•	This is also not a code compliance review or hazardous materials survey.  Values for hazardous materials abatement, seismic retrofit, buildings upgrades or renovations are not included.  

•	It is expected that if needs occur on critical components before the date on which the report is indicating that they will be addressed and not deferred.   Alternately if needs are not present on the date indicated the component will be monitored on an appropriate schedule and the work will be deferred.

•	Component Replacement Values and Action Costs are based on RS Means average for building type and location values are for hard costs only. 

•	Overall project scope and detailed budget remains to be fully developed. 

•	These values do not constitute requested project budgets for the facility.",,,,,,,,,,,,,,,,,,,,,#N/A,,,,,,,,,,,,,,,,,,Regular,,,,,,99,,0,#N/A,#N/A,#N/A,#N/A,#N/A,#N/A,#N/A,#VALUE!,,,Unknown,,10,Pre-Screen Low,-123.1400267,49.21037963
4008,SOCL_10233_3502 Fraser St_ 411 Seniors Society,3502 Fraser St,,,,,,,,,, 411 Seniors Society,9 - CoV Not Responsible,City Leased,10233,2023-03,2023,2020,"$2,481,901","7,275",341,2,0,,,,,,,,,,,,,,,,,,,,,,#N/A,,,,,,,,,,,,,,,,,,Regular,,,,,,99,,0,#N/A,#N/A,#N/A,#N/A,#N/A,#N/A,#N/A,#VALUE!,,,,,,,-123.0896642,49.2535255
4013,POLI_7083_209 E Waterfront Road_Police Boat Shed #02,209 E Waterfront Road,,,,,,,,,,Police Boat Shed #02,4 - Minimal Investment,City Owned,7083,2011-01,2011,2010,"$395,631","2,000",198,1,0,,,,,,,,,,,,,,,,,,,,,,#N/A,,,,,,,,,,,,,,,,,,Regular,,,,,,99,,0,#N/A,#N/A,#N/A,#N/A,#N/A,#N/A,#N/A,#VALUE!,,Emergency Response - D,Unknown,,10,Pre-Screen Low,-123.1002291,49.28627361
4021,COMM_6063_525 Abbott St_CRU Sublease,525 Abbott St,,,,,,,,,,CRU Sublease,9 - CoV Not Responsible,City Leased,6063,2011-01,2011,2010,,"6,084",0,,,,,,,,,,,,,,,,,,,,,,,,#N/A,,,,,,,,,,,,,,,,,,Regular,,,,,,99,,0,#N/A,#N/A,#N/A,#N/A,#N/A,#N/A,#N/A,#VALUE!,,,,,,,-123.1078859,49.28094463
4030,INDU_11128_457 Industrial Av,457 Industrial Av,,,,,,,,,,,4 - Minimal Investment,City Owned,11128,1991-01,1991,1990,"$867,085","2,766",313,1,,,,,,,,,,,,,,,,,,,,,,,#N/A,,,,,,,,,,,,,,,,,,Regular,,,,,,99,,0,#N/A,#N/A,#N/A,#N/A,#N/A,#N/A,#N/A,#VALUE!,,,,,,,-123.0933914,49.26940066
4031,INDU_11128_457 Industrial Av - Mobile Trailer,457 Industrial Av - Mobile Trailer,,,,,,,,,,,4 - Minimal Investment,City Owned,11128,1990-01,1990,1990,"$202,865","1,000",203,1,,,,,,,,,,,,,,,,,,,,,,,#N/A,,,,,,,,,,,,,,,,,,Regular,,,,,,99,,0,#N/A,#N/A,#N/A,#N/A,#N/A,#N/A,#N/A,#VALUE!,,,,,,,-123.0931053,49.26963635
4035,RESI_11185_2205 Renfrew St,2205 Renfrew St,Phase 1,,,,,,,,,,5 - No Investment,City Owned,11185,1960-01,1960,1960,"$628,833","2,200",286,1,,,,,,,,,,,,,,,,,,,,,,,#N/A,,,,,,,,,,,,,,,,,,Regular,,,,,,99,,0,#N/A,#N/A,#N/A,#N/A,#N/A,#N/A,#N/A,#VALUE!,,,,,,,-123.0446864,49.2646209
4037,RESI_11186_2213 Renfrew St,2213 Renfrew St,Phase 1,,,,,,,,,,5 - No Investment,City Owned,11186,1960-01,1960,1960,"$628,833","2,200",286,1,,,,,,,,,,,,,,,,,,,,,,,#N/A,,,,,,,,,,,,,,,,,,Regular,,,,,,99,,0,#N/A,#N/A,#N/A,#N/A,#N/A,#N/A,#N/A,#VALUE!,,,,,,,-123.0447131,49.264543
4039,RESI_11190_2267 Renfrew St,2267 Renfrew St,Phase 1,,,,,,,,,,5 - No Investment,City Owned,11190,1948-01,1948,1941,"$428,750","1,500",286,1,,,,,,,,,,,,,,,,,,,,,,,#N/A,,,,,,,,,,,,,,,,,,Regular,,,,,,99,,0,#N/A,#N/A,#N/A,#N/A,#N/A,#N/A,#N/A,#VALUE!,,,,,,,-123.0446281,49.2641871
4042,RESI_11187_2229 Renfrew St,2229 Renfrew St,Phase 1,,,,,,,,,,5 - No Investment,City Owned,11187,1960-01,1960,1960,"$514,500","1,800",286,1,,,,,,,,,,,,,,,,,,,,,,,#N/A,,,,,,,,,,,,,,,,,,Regular,,,,,,99,,0,#N/A,#N/A,#N/A,#N/A,#N/A,#N/A,#N/A,#VALUE!,,,,,,,-123.0447128,49.2644521
4043,RESI_11191_2279 Renfrew St,2279 Renfrew St,Phase 1,,,,,,,,,,5 - No Investment,City Owned,11191,1949-01,1949,1941,"$414,458","1,450",286,1,,,,,,,,,,,,,,,,,,,,,,,#N/A,,,,,,,,,,,,,,,,,,Regular,,,,,,99,,0,#N/A,#N/A,#N/A,#N/A,#N/A,#N/A,#N/A,#VALUE!,,,,,,,-123.04471,49.2640952
4046,RESI_11189_2255 Renfrew St,2255 Renfrew St,Phase 1,,,,,,,,,,5 - No Investment,City Owned,11189,1992-01,1992,1990,"$685,999","2,400",286,2,,,,,,,,,,,,,,,,,,,,,,,#N/A,,,,,,,,,,,,,,,,,,Regular,,,,,,99,,0,#N/A,#N/A,#N/A,#N/A,#N/A,#N/A,#N/A,#VALUE!,,,,,,,-123.0447485,49.2642899
4048,RESI_11188_2243 Renfrew St,2243 Renfrew St,Phase 1,,,,,,,,,,5 - No Investment,City Owned,11188,1940-01,1940,Pre-code,"$714,583","2,500",286,2,,,,,,,,,,,,,,,,,,,,,,,#N/A,,,,,,,,,,,,,,,,,,Regular,,,,,,99,,0,#N/A,#N/A,#N/A,#N/A,#N/A,#N/A,#N/A,#VALUE!,,,,,,,-123.0446941,49.2643851
4050,CULT_1063_884 Granville St_Orpheum Theatre - Granville Entrance,884 Granville St,,,,,,,,,,Orpheum Theatre - Granville Entrance,1 - Full Investment,City Owned,1063,1927-01,1927,Pre-code,"$1,069,566","2,900",369,4,,,,,,,,,,,,,,,,,,,,,,,#N/A,,,,,,,,,,,,,,,,,,Regular,,,,,,99,,0,#N/A,#N/A,#N/A,#N/A,#N/A,#N/A,#N/A,#VALUE!,,,,,,,-123.1210244,49.2804187
4051,CULT_4310_938 Howe St_Alliance For Arts and Culture,938 Howe St,,,,,,,,,,Alliance For Arts and Culture,9 - CoV Not Responsible,City Leased,4310,1991-01,1991,1990,"$813,147","3,757",216,,,,,,,,,,,,,,,,,,,,,,,,#N/A,,,,,,,,,,,,,,,,,,Regular,,,,,,99,,0,#N/A,#N/A,#N/A,#N/A,#N/A,#N/A,#N/A,#VALUE!,,,,,,,-123.122954,49.2804266
4052,COMM_7957_52 - 50 E Cordova St,52 - 50 E Cordova St,,,,,,,,,,,9 - CoV Not Responsible,City Leased,7957,1912-01,1912,Pre-code,"$1,601,562","4,825",332,4,,,,,,,,,,,,,,,,,,,,,,,#N/A,,,,,,,,,,,,,,,,,,Regular,,,,,,99,,0,#N/A,#N/A,#N/A,#N/A,#N/A,#N/A,#N/A,#VALUE!,,,,,,,-123.1030704,49.2822439
4053,COMM_8614_200 - 1687 W Broadway,200 - 1687 W Broadway,,,,,,,,,,,9 - CoV Not Responsible,City Leased,8614,1957-01,1957,1953,"$520,134","1,567",332,5,,,,,,,,,,,,,,,,,,,,,,,#N/A,,,,,,,,,,,,,,,,,,Regular,,,,,,99,,0,#N/A,#N/A,#N/A,#N/A,#N/A,#N/A,#N/A,#VALUE!,,,,,,,-123.1429872,49.2638699
4054,DAYC_8717_955 Burrard St_YMCA Childcare,955 Burrard St,Phase 1,,,,,,,,,YMCA Childcare,9 - CoV Not Responsible,City Leased,8717,2007-01,2007,2005,"$2,761,770","13,577",203,,,,,,,,,,,,,,,,,,,,,,,,#N/A,,,,,,,,,,,,,,,,,,Regular,,,,,,99,,0,#N/A,#N/A,#N/A,#N/A,#N/A,#N/A,#N/A,#VALUE!,,,,,,,-123.1254091,49.2818898
4055,COMM_9188_1030 Denman St_Denman Place West End Seniors Network,1030 Denman St,,,,,,,,,,Denman Place West End Seniors Network,9 - CoV Not Responsible,City Leased,9188,1969-01,1969,1965,"$330,934",997,332,2,,,,,,,,,,,,,,,,,,,,,,,#N/A,,,,,,,,,,,,,,,,,,Regular,,,,,,99,,0,#N/A,#N/A,#N/A,#N/A,#N/A,#N/A,#N/A,#VALUE!,,,,,,,-123.1382003,49.2887289
4056,DAYC_10585_1355 Garden Dr_Lord Nelson Childcare,1355 Garden Dr,Phase 1,,,,,,,,,Lord Nelson Childcare,2 - Moderate Investment,City Leased,10585,1990-01,1990,1990,"$2,097,619","10,312",203,3,,,,,,,,,,,,,,,,,,,,,,,#N/A,,,,,,,,,,,,,,,,,,Regular,,,,,,99,,0,#N/A,#N/A,#N/A,#N/A,#N/A,#N/A,#N/A,#VALUE!,,,,,,,-123.0591084,49.2727938
4057,NONM_10697_390-394 Powell St_Tamura House,390-394 Powell St,,,,,,,,,,Tamura House,9 - CoV Not Responsible,City Leased,10697,1912-01,1912,Pre-code,"$1,065,426","3,123",341,4,,,,,,,,,,,,,,,,,,,,,,,#N/A,,,,,,,,,,,,,,,,,,Regular,,,,,,99,,0,#N/A,#N/A,#N/A,#N/A,#N/A,#N/A,#N/A,#VALUE!,,,,,,,-123.0956297,49.2830209
4058,DAYC_10924_902 W 33rd Av_Eric Hamber Daycare,902 W 33rd Av,Phase 1,,,,,,,,,Eric Hamber Daycare,2 - Moderate Investment,City Leased,10924,2024-01,2024,2020,"$2,166,576","10,651",203,4,,,,,,,,,,,,,,,,,,,,,,,#N/A,,,,,,,,,,,,,,,,,,Regular,,,,,,99,,0,#N/A,#N/A,#N/A,#N/A,#N/A,#N/A,#N/A,#VALUE!,,,,,,,-123.1250137,49.2413268
4065,CULT_1382_703 w 70th Av_40th Marpole Scouts Hall,703 w 70th Av,NOT IN SCOPE,,,,,,,,,40th Marpole Scouts Hall,9 - CoV Not Responsible,Ground Leased,1382,1945-01,1945,1941,"$703,414","3,250",216,1,,,,,,,,,,,,,,,,,,,,,,,#N/A,,,,,,,,,,,,,,,,,,Regular,,,,,,99,,0,#N/A,#N/A,#N/A,#N/A,#N/A,#N/A,#N/A,#VALUE!,,,,,,,-123.1213562,49.2087124
4066,DAYC_8471_1255 E 10th Av_Nanook House,1255 E 10th Av,NOT IN SCOPE,,,,,,,,,Nanook House,9 - CoV Not Responsible,Ground Leased,8471,2010-01,2010,2010,"$1,626,291","6,556",248,1,,,,,,,,,,,,,,,,,,,,,,,#N/A,,,,,,,,,,,,,,,,,,Regular,,,,,,99,,0,#N/A,#N/A,#N/A,#N/A,#N/A,#N/A,#N/A,#VALUE!,,,,,,,-123.0784348,49.2617543
4067,ENEX_8748_188 N Renfrew St_Hastings Racecourse & Casino,188 N Renfrew St,,,,,,,,,,Hastings Racecourse & Casino,9 - CoV Not Responsible,City Owned,8748,1990-01,1990,1990,"$20,137,278","70,000",288,,,,,,,,,,,,,,,,,,,,,,,,#N/A,,,,,,,,,,,,,,,,,,Regular,,,,,,99,,0,#N/A,#N/A,#N/A,#N/A,#N/A,#N/A,#N/A,#VALUE!,,,,,,,-123.0403087,49.2855322
4068,COMM_10712_188 E Woodstock Av,188 E Woodstock Av,,,,,,,,,,,1 - Full Investment,City Owned,10712,2021-01,2021,2020,"$2,510,386","7,563",332,6,,,,,,,,,,,,,,,,,,,,,,,#N/A,,,,,,,,,,,,,,,,,,Regular,,,,,,99,,0,#N/A,#N/A,#N/A,#N/A,#N/A,#N/A,#N/A,#VALUE!,,,,,,,-123.1019393,49.23336589
4069,RESI_11008_1831 McSpadden Av,1831 McSpadden Av,Phase 1,,,,,,,,,,5 - No Investment,City Owned,11008,1912-01,1912,Pre-code,"$647,412","2,265",286,2,,,,,,,,,,,,,,,,,,,,,,,#N/A,,,,,,,,,,,,,,,,,,Regular,,,,,,99,,0,#N/A,#N/A,#N/A,#N/A,#N/A,#N/A,#N/A,#VALUE!,,,,,,,-123.0671543,49.266596
4070,RESI_11055_2956 Victoria Dr,2956 Victoria Dr,Phase 1,,,,,,,,,,5 - No Investment,City Owned,11055,1957-01,1957,1953,"$514,500","1,800",286,1,,,,,,,,,,,,,,,,,,,,,,,#N/A,,,,,,,,,,,,,,,,,,Regular,,,,,,99,,0,#N/A,#N/A,#N/A,#N/A,#N/A,#N/A,#N/A,#VALUE!,,,,,,,-123.0857453,49.2451247
4071,RESI_11057_6028 St. Catherines St,6028 St. Catherines St,Phase 1,,,,,,,,,,5 - No Investment,City Owned,11057,1998-01,1998,1995,"$943,249","3,300",286,2,,,,,,,,,,,,,,,,,,,,,,,#N/A,,,,,,,,,,,,,,,,,,Regular,,,,,,99,,0,#N/A,#N/A,#N/A,#N/A,#N/A,#N/A,#N/A,#VALUE!,,,,,,,-123.08621,49.2293067
4072,COMM_11113_3917 Main St,3917 Main St,,,,,,,,,,,4 - Minimal Investment,City Owned,11113,1951-01,1951,1941,"$2,515,033","7,577",332,1,,,,,,,,,,,,,,,,,,,,,,,#N/A,,,,,,,,,,,,,,,,,,Regular,,,,,,99,,0,#N/A,#N/A,#N/A,#N/A,#N/A,#N/A,#N/A,#VALUE!,,,,,,,-123.1012759,49.2501571
4073,RESI_11124_2134 Arbutus St,2134 Arbutus St,Phase 1,,,,,,,,,,5 - No Investment,City Owned,11124,1908-01,1908,Pre-code,"$728,017","2,547",286,2,,,,,,,,,,,,,,,,,,,,,,,#N/A,,,,,,,,,,,,,,,,,,Regular,,,,,,99,,0,#N/A,#N/A,#N/A,#N/A,#N/A,#N/A,#N/A,#VALUE!,,,,,,,-123.1526677,49.2666368
4074,COMM_10873_305 W 8th Av,305 W 8th Av,,,,,,,,,,,9 - CoV Not Responsible,City Leased,10873,1967-01,1967,1965,"$5,130,640","15,457",332,3,,,,,,,,,,,,,,,,,,,,,,,#N/A,,,,,,,,,,,,,,,,,,Regular,,,,,,99,,0,#N/A,#N/A,#N/A,#N/A,#N/A,#N/A,#N/A,#VALUE!,,,,,,,-123.1111154,49.2640132
4075,DAYC_10922_8370 Cartier St_David Lloyd George Childcare,8370 Cartier St,Phase 1,,,,,,,,,David Lloyd George Childcare,2 - Moderate Investment,City Leased,10922,2023-01,2023,2020,"$1,595,590","7,844",203,3,,,,,,,,,,,,,,,,,,,,,,,#N/A,,,,,,,,,,,,,,,,,,Regular,,,,,,99,,0,#N/A,#N/A,#N/A,#N/A,#N/A,#N/A,#N/A,#VALUE!,,,,,,,-123.1367447,49.2100994
4088,COMM_11194_1606 W 5th Av,1606 W 5th Av,,,,,,,,,,,5 - No Investment,City Owned,11194,1974-01,1974,1970,"$2,641,498","7,958",332,2,,,,,,,,,,,,,,,,,,,,,,,#N/A,,,,,,,,,,,,,,,,,,Regular,,,,,,99,,0,#N/A,#N/A,#N/A,#N/A,#N/A,#N/A,#N/A,#VALUE!,,,,,,,-123.1412304,49.2668768
4095,RECR_11097_7780 Oak St_Marpole Oakridge Community Centre_MIXU,7780 Oak St,NOT IN SCOPE,,,,,,,,,Marpole Oakridge Community Centre,1 - Full Investment,FUT - Future Asset In Development,11097,,1900,Pre-code,,"101,417",0,,,,,,,,,,,,,,,,,,,,,,,,#N/A,,,,,,,,,,,,,,,,,,Regular,,,,,,99,,0,#N/A,#N/A,#N/A,#N/A,#N/A,#N/A,#N/A,#VALUE!,,,,,,,-123.1290271,49.21478227
4096,CWYD_1347_290 E 51st Av_Sunset Nursery - Administration & Operations Building,290 E 51st Av,NOT IN SCOPE,,,,,,,,,Sunset Nursery - Administration & Operations Building,1 - Full Investment,FUT - Future Asset In Development,1347,,1900,Pre-code,"$4,776,167","14,000",341,2,,,,,,,,,,,,,,,,,,,,,,,#N/A,,,,,,,,,,,,,,,,,,Regular,,,,,,99,,0,#N/A,#N/A,#N/A,#N/A,#N/A,#N/A,#N/A,#VALUE!,,,,,,,-123.0988681,49.22329736
4150,DAYC_7002_3010 E Kent Av South_Salmon Stone Daycare,3010 E Kent Av South,Phase 1,,,,,,,,,Salmon Stone Daycare,1 - Full Investment,City Owned,7002,2025-01,2025,2025,"$2,136,058","8,611",248,1,,,,,,,,,,,,,,,,,,,,,,,#N/A,,,,,,,,,,,,,,,,,,Regular,,,,,,99,,0,#N/A,#N/A,#N/A,#N/A,#N/A,#N/A,#N/A,#VALUE!,,,,,,,-123.0446318,49.2061402
4151,PARK_7002_3010 E Kent Av South_Park Washroom (Fieldhouse),3010 E Kent Av South,,,,,,,,,,Park Washroom (Fieldhouse),1 - Full Investment,City Owned,7002,2025-01,2025,2025,"$41,520",237,175,1,,,,,,,,,,,,,,,,,,,,,,,#N/A,,,,,,,,,,,,,,,,,,Regular,,,,,,99,,0,#N/A,#N/A,#N/A,#N/A,#N/A,#N/A,#N/A,#VALUE!,,,,,,,-123.0446318,49.2061402
